data_role,hypothesis_id,decision_clock,year,mean_in,mean_out,lift,aligned_with_expected_direction
development_material_pairing,H_INDEX_UP,14:30,2012,-0.0309335937293,0.00726805962937,-0.0382016533586,False
development_material_pairing,H_INDEX_UP,14:30,2013,0.0775213009274,0.0107104415081,0.0668108594193,True
development_material_pairing,H_INDEX_UP,14:30,2014,0.0174642528009,0.0228932396394,-0.00542898683849,False
development_material_pairing,H_INDEX_UP,14:30,2015,0.0948655311566,0.11322449092,-0.0183589597634,False
development_material_pairing,H_INDEX_UP,14:30,2016,-0.0192605424957,-0.0119299886775,-0.00733055381825,False
development_material_pairing,H_INDEX_UP,14:45,2012,-0.0317812940407,0.0121828832745,-0.0439641773152,False
development_material_pairing,H_INDEX_UP,14:45,2013,0.0772206746658,0.0115604620974,0.0656602125683,True
development_material_pairing,H_INDEX_UP,14:45,2014,0.0159450390747,0.0240656933784,-0.00812065430367,False
development_material_pairing,H_INDEX_UP,14:45,2015,0.0905113238903,0.114285775318,-0.0237744514273,False
development_material_pairing,H_INDEX_UP,14:45,2016,-0.0238348017085,-0.0128476777051,-0.0109871240034,False
development_material_pairing,H_INDEX_DOWN,14:30,2011,0.00946608624866,-0.106737127357,0.116203213606,False
development_material_pairing,H_INDEX_DOWN,14:30,2012,0.0343921256646,-0.00601792386666,0.0404100495313,False
development_material_pairing,H_INDEX_DOWN,14:30,2013,0.0298116796337,0.0150476798076,0.0147639998261,False
development_material_pairing,H_INDEX_DOWN,14:30,2015,0.11296709407,0.105150752197,0.00781634187327,False
development_material_pairing,H_INDEX_DOWN,14:30,2016,-0.0129536309044,-0.0125033442767,-0.000450286627672,True
development_material_pairing,H_INDEX_DOWN,14:45,2011,0.00726987153654,-0.107127983048,0.114397854585,False
development_material_pairing,H_INDEX_DOWN,14:45,2012,0.0441919375851,-0.00337171008624,0.0475636476713,False
development_material_pairing,H_INDEX_DOWN,14:45,2013,0.0339673545541,0.0154925821076,0.0184747724466,False
development_material_pairing,H_INDEX_DOWN,14:45,2015,0.113283570113,0.104053420862,0.00923014925049,False
development_material_pairing,H_INDEX_DOWN,14:45,2016,-0.0113469435058,-0.0139829375417,0.00263599403587,False
development_material_pairing,H_INDUSTRY_UP,14:30,2012,0.000393744650446,0.00369202176932,-0.00329827711887,False
development_material_pairing,H_INDUSTRY_UP,14:30,2013,-0.00142102384017,-0.00150020979018,7.91859500125e-05,True
development_material_pairing,H_INDUSTRY_UP,14:30,2014,-0.00111152500948,-0.00131079186211,0.000199266852625,True
development_material_pairing,H_INDUSTRY_UP,14:30,2015,-0.00160429097873,-0.00770994727548,0.00610565629675,True
development_material_pairing,H_INDUSTRY_UP,14:30,2016,-0.00308120332247,-0.00332593107983,0.00024472775736,True
development_material_pairing,H_INDUSTRY_UP,14:45,2012,0.000110271038447,0.00386940975375,-0.0037591387153,False
development_material_pairing,H_INDUSTRY_UP,14:45,2013,-0.00490750757026,-0.00110578531993,-0.00380172225033,False
development_material_pairing,H_INDUSTRY_UP,14:45,2014,-0.000343511098344,-5.92984544999e-05,-0.000284212643844,False
development_material_pairing,H_INDUSTRY_UP,14:45,2015,-0.00119269374292,-0.0107175919616,0.00952489821871,True
development_material_pairing,H_INDUSTRY_UP,14:45,2016,-0.00168157119687,-0.00161142302561,-7.01481712608e-05,False
development_material_pairing,H_INDUSTRY_SIDEWAYS,14:30,2011,0.00520746530651,0.00579488308987,-0.000587417783364,False
development_material_pairing,H_INDUSTRY_SIDEWAYS,14:30,2012,0.00178854361153,0.00667440880518,-0.00488586519365,False
development_material_pairing,H_INDUSTRY_SIDEWAYS,14:30,2013,-0.00206565484183,0.00136660844308,-0.0034322632849,False
development_material_pairing,H_INDUSTRY_SIDEWAYS,14:30,2014,-0.00131079186211,-0.00111152500948,-0.000199266852625,False
development_material_pairing,H_INDUSTRY_SIDEWAYS,14:30,2015,0.00670803518395,-0.0145195597198,0.0212275949037,True
development_material_pairing,H_INDUSTRY_SIDEWAYS,14:30,2016,-0.00350948034368,-0.00228582088187,-0.00122365946181,False
development_material_pairing,H_INDUSTRY_SIDEWAYS,14:45,2011,0.00559937052856,0.00740138938619,-0.00180201885764,False
development_material_pairing,H_INDUSTRY_SIDEWAYS,14:45,2012,0.00305995838293,0.00454852781657,-0.00148856943363,False
development_material_pairing,H_INDUSTRY_SIDEWAYS,14:45,2013,-0.00132828782315,-0.00189413392901,0.000565846105859,True
development_material_pairing,H_INDUSTRY_SIDEWAYS,14:45,2014,-5.92984544999e-05,-0.000343511098344,0.000284212643844,True
development_material_pairing,H_INDUSTRY_SIDEWAYS,14:45,2015,0.00320843518664,-0.0152219552283,0.0184303904149,True
development_material_pairing,H_INDUSTRY_SIDEWAYS,14:45,2016,-0.00203735467464,0.000483161133918,-0.00252051580856,False
development_material_pairing,H_INDUSTRY_DOWN,14:30,2011,0.00579488308987,0.00520746530651,0.000587417783364,False
development_material_pairing,H_INDUSTRY_DOWN,14:30,2012,0.00876796352342,0.00163356594918,0.00713439757424,False
development_material_pairing,H_INDUSTRY_DOWN,14:30,2013,0.00415424072632,-0.0020070520235,0.00616129274981,False
development_material_pairing,H_INDUSTRY_DOWN,14:30,2015,-0.0317399180412,0.00301366800054,-0.0347535860417,True
development_material_pairing,H_INDUSTRY_DOWN,14:30,2016,-0.00149043844128,-0.00347054606903,0.00198010762775,False
development_material_pairing,H_INDUSTRY_DOWN,14:45,2011,0.00740138938619,0.00559937052856,0.00180201885764,False
development_material_pairing,H_INDUSTRY_DOWN,14:45,2012,0.0060279467426,0.00273221534466,0.00329573139795,False
development_material_pairing,H_INDUSTRY_DOWN,14:45,2013,0.00111923971225,-0.00165367143652,0.00277291114877,False
development_material_pairing,H_INDUSTRY_DOWN,14:45,2015,-0.0339276372087,0.00125237788461,-0.0351800150933,True
development_material_pairing,H_INDUSTRY_DOWN,14:45,2016,0.00264789346471,-0.00200501072212,0.00465290418683,False
development_listing_not_pass_evidence,H_INDEX_DOWN,14:30,2017,0.0414501710341,-0.0152493822674,0.0566995533016,False
development_listing_not_pass_evidence,H_INDEX_DOWN,14:45,2017,0.0406279985478,-0.0157790159984,0.0564070145462,False
development_listing_not_pass_evidence,H_INDUSTRY_SIDEWAYS,14:30,2017,-0.00273184273104,-0.00488269855504,0.002150855824,True
development_listing_not_pass_evidence,H_INDUSTRY_SIDEWAYS,14:45,2017,-0.0037972055499,-0.00419314081465,0.000395935264751,True
development_listing_not_pass_evidence,H_INDUSTRY_DOWN,14:30,2017,-0.00488269855504,-0.00273184273104,-0.002150855824,True
development_listing_not_pass_evidence,H_INDUSTRY_DOWN,14:45,2017,-0.00419314081465,-0.0037972055499,-0.000395935264751,True
consumed_repeat_comparison_no_retune,H_INDEX_UP,14:30,2019,0.00943624347736,0.00542949525685,0.0040067482205,True
consumed_repeat_comparison_no_retune,H_INDEX_UP,14:30,2020,0.0326063833218,0.0024485865732,0.0301577967486,True
consumed_repeat_comparison_no_retune,H_INDEX_UP,14:30,2021,0.00812293154271,0.0160537018878,-0.00793077034512,False
consumed_repeat_comparison_no_retune,H_INDEX_UP,14:30,2022,0.05353431783,-0.00791874857632,0.0614530664063,True
consumed_repeat_comparison_no_retune,H_INDEX_UP,14:30,2023,0.0396661086523,0.00504500457513,0.0346211040772,True
consumed_repeat_comparison_no_retune,H_INDEX_UP,14:30,2024,0.0641827173652,-0.00325814508503,0.0674408624502,True
consumed_repeat_comparison_no_retune,H_INDEX_UP,14:45,2019,0.0129047520161,0.00725032562792,0.00565442638817,True
consumed_repeat_comparison_no_retune,H_INDEX_UP,14:45,2020,0.0310624545306,0.00361443274529,0.0274480217853,True
consumed_repeat_comparison_no_retune,H_INDEX_UP,14:45,2021,0.0140908830224,0.016480037955,-0.00238915493257,False
consumed_repeat_comparison_no_retune,H_INDEX_UP,14:45,2022,0.0492483040087,-0.00643301974024,0.0556813237489,True
consumed_repeat_comparison_no_retune,H_INDEX_UP,14:45,2023,0.0376159463696,0.00410885715636,0.0335070892133,True
consumed_repeat_comparison_no_retune,H_INDEX_UP,14:45,2024,0.071875006178,-0.00219524765611,0.0740702538341,True
consumed_repeat_comparison_no_retune,H_INDEX_DOWN,14:30,2018,0.0237878572395,-0.039409490412,0.0631973476516,False
consumed_repeat_comparison_no_retune,H_INDEX_DOWN,14:30,2022,0.0408589479432,-0.0115289812396,0.0523879291828,False
consumed_repeat_comparison_no_retune,H_INDEX_DOWN,14:30,2024,0.0476205994063,-0.00668980773827,0.0543104071446,False
consumed_repeat_comparison_no_retune,H_INDEX_DOWN,14:45,2018,0.0249964625573,-0.0394225620748,0.064419024632,False
consumed_repeat_comparison_no_retune,H_INDEX_DOWN,14:45,2022,0.0419103262074,-0.0105335565549,0.0524438827622,False
consumed_repeat_comparison_no_retune,H_INDEX_DOWN,14:45,2024,0.0443120074246,-0.00408967328884,0.0484016807134,False
consumed_repeat_comparison_no_retune,H_INDUSTRY_UP,14:30,2019,0.00156412394405,0.00300463713538,-0.00144051319133,False
consumed_repeat_comparison_no_retune,H_INDUSTRY_UP,14:30,2020,0.00962679639621,-0.00281192588764,0.0124387222838,True
consumed_repeat_comparison_no_retune,H_INDUSTRY_UP,14:30,2021,-0.00662340580869,-0.00482752843051,-0.00179587737818,False
consumed_repeat_comparison_no_retune,H_INDUSTRY_UP,14:30,2022,0.0275128608134,0.00186997077466,0.0256428900388,True
consumed_repeat_comparison_no_retune,H_INDUSTRY_UP,14:30,2023,0.00216525316305,0.00139253338747,0.000772719775583,True
consumed_repeat_comparison_no_retune,H_INDUSTRY_UP,14:30,2024,0.000439537965149,-0.00248995817873,0.00292949614388,True
consumed_repeat_comparison_no_retune,H_INDUSTRY_UP,14:45,2019,-0.00165623224671,0.00255353233096,-0.00420976457767,False
consumed_repeat_comparison_no_retune,H_INDUSTRY_UP,14:45,2020,0.00846938613013,-0.00293932739959,0.0114087135297,True
consumed_repeat_comparison_no_retune,H_INDUSTRY_UP,14:45,2021,-0.00684677559574,-0.00668713753859,-0.000159638057149,False
consumed_repeat_comparison_no_retune,H_INDUSTRY_UP,14:45,2022,0.0204325280591,0.000437369461832,0.0199951585973,True
consumed_repeat_comparison_no_retune,H_INDUSTRY_UP,14:45,2023,0.00100769469477,-5.7676779391e-05,0.00106537147416,True
consumed_repeat_comparison_no_retune,H_INDUSTRY_UP,14:45,2024,0.000538731148248,-0.00258185315535,0.00312058430359,True
consumed_repeat_comparison_no_retune,H_INDUSTRY_SIDEWAYS,14:30,2018,-0.00278791744388,0.000270582340509,-0.00305849978439,False
consumed_repeat_comparison_no_retune,H_INDUSTRY_SIDEWAYS,14:30,2019,0.00300463713538,0.00156412394405,0.00144051319133,True
consumed_repeat_comparison_no_retune,H_INDUSTRY_SIDEWAYS,14:30,2020,-0.00281192588764,0.00962679639621,-0.0124387222838,False
consumed_repeat_comparison_no_retune,H_INDUSTRY_SIDEWAYS,14:30,2021,-0.00482752843051,-0.00662340580869,0.00179587737818,True
consumed_repeat_comparison_no_retune,H_INDUSTRY_SIDEWAYS,14:30,2022,0.000442320987793,0.0147005501482,-0.0142582291604,False
consumed_repeat_comparison_no_retune,H_INDUSTRY_SIDEWAYS,14:30,2023,0.00139253338747,0.00216525316305,-0.000772719775583,False
consumed_repeat_comparison_no_retune,H_INDUSTRY_SIDEWAYS,14:30,2024,-0.00336495938096,0.00111154414256,-0.00447650352352,False
consumed_repeat_comparison_no_retune,H_INDUSTRY_SIDEWAYS,14:45,2018,-0.00295153503503,-0.000166401736723,-0.00278513329831,False
consumed_repeat_comparison_no_retune,H_INDUSTRY_SIDEWAYS,14:45,2019,0.00255353233096,-0.00165623224671,0.00420976457767,True
consumed_repeat_comparison_no_retune,H_INDUSTRY_SIDEWAYS,14:45,2020,-0.00293932739959,0.00846938613013,-0.0114087135297,False
consumed_repeat_comparison_no_retune,H_INDUSTRY_SIDEWAYS,14:45,2021,-0.00668713753859,-0.00684677559574,0.000159638057149,True
consumed_repeat_comparison_no_retune,H_INDUSTRY_SIDEWAYS,14:45,2022,-0.00135241815969,0.0124717851922,-0.0138242033518,False
consumed_repeat_comparison_no_retune,H_INDUSTRY_SIDEWAYS,14:45,2023,-5.7676779391e-05,0.00100769469477,-0.00106537147416,False
consumed_repeat_comparison_no_retune,H_INDUSTRY_SIDEWAYS,14:45,2024,-0.00318318727044,0.000262343957794,-0.00344553122823,False
consumed_repeat_comparison_no_retune,H_INDUSTRY_DOWN,14:30,2018,0.000270582340509,-0.00278791744388,0.00305849978439,False
consumed_repeat_comparison_no_retune,H_INDUSTRY_DOWN,14:30,2022,0.00829439481556,0.00314937497036,0.0051450198452,False
consumed_repeat_comparison_no_retune,H_INDUSTRY_DOWN,14:30,2024,0.00144754723127,-0.00298450964634,0.00443205687761,False
consumed_repeat_comparison_no_retune,H_INDUSTRY_DOWN,14:45,2018,-0.000166401736723,-0.00295153503503,0.00278513329831,False
consumed_repeat_comparison_no_retune,H_INDUSTRY_DOWN,14:45,2022,0.00849141375867,0.00082607646219,0.00766533729648,False
consumed_repeat_comparison_no_retune,H_INDUSTRY_DOWN,14:45,2024,0.000124150362567,-0.00281099542857,0.00293514579114,False
