data_role,hypothesis_id,factor,condition,expected_direction,decision_clock,episode_id,start_period,end_period,duration_months,factor_active,episode_mean,outside_mean,effect_vs_outside,aligned_with_expected_direction
development_material_pairing,H_INDEX_UP,index,up,enhance,14:30,development_material_pairing:13,2013-01,2013-01,1,True,0.0775213009274,0.0100444101468,0.0674768907806,True
development_material_pairing,H_INDEX_UP,index,up,enhance,14:30,development_material_pairing:17,2014-10,2014-10,1,True,0.0174642528009,0.0100444101468,0.00741984265413,True
development_material_pairing,H_INDEX_UP,index,up,enhance,14:30,development_material_pairing:19,2015-04,2015-06,3,True,0.101208401485,0.0100444101468,0.0911639913377,True
development_material_pairing,H_INDEX_UP,index,up,enhance,14:30,development_material_pairing:22,2015-11,2015-11,1,True,0.0758369201726,0.0100444101468,0.0657925100258,True
development_material_pairing,H_INDEX_UP,index,up,enhance,14:30,development_material_pairing:26,2016-04,2016-04,1,True,-0.0192605424957,0.0100444101468,-0.0293049526425,False
development_material_pairing,H_INDEX_UP,index,up,enhance,14:30,development_material_pairing:8,2012-03,2012-03,1,True,-0.0309335937293,0.0100444101468,-0.0409780038761,False
development_material_pairing,H_INDEX_UP,index,up,enhance,14:45,development_material_pairing:13,2013-01,2013-01,1,True,0.0772206746658,0.0111772169804,0.0660434576854,True
development_material_pairing,H_INDEX_UP,index,up,enhance,14:45,development_material_pairing:17,2014-10,2014-10,1,True,0.0159450390747,0.0111772169804,0.00476782209435,True
development_material_pairing,H_INDEX_UP,index,up,enhance,14:45,development_material_pairing:19,2015-04,2015-06,3,True,0.0913834921629,0.0111772169804,0.0802062751825,True
development_material_pairing,H_INDEX_UP,index,up,enhance,14:45,development_material_pairing:22,2015-11,2015-11,1,True,0.0878948190724,0.0111772169804,0.076717602092,True
development_material_pairing,H_INDEX_UP,index,up,enhance,14:45,development_material_pairing:26,2016-04,2016-04,1,True,-0.0238348017085,0.0111772169804,-0.0350120186889,False
development_material_pairing,H_INDEX_UP,index,up,enhance,14:45,development_material_pairing:8,2012-03,2012-03,1,True,-0.0317812940407,0.0111772169804,-0.042958511021,False
development_material_pairing,H_INDEX_DOWN,index,down,weaken,14:30,development_material_pairing:10,2012-08,2012-08,1,True,0.035673731923,0.00946638397424,0.0262073479488,False
development_material_pairing,H_INDEX_DOWN,index,down,weaken,14:30,development_material_pairing:12,2012-12,2012-12,1,True,0.0875910043195,0.00946638397424,0.0781246203452,False
development_material_pairing,H_INDEX_DOWN,index,down,weaken,14:30,development_material_pairing:15,2013-07,2013-07,1,True,0.0298116796337,0.00946638397424,0.0203452956595,False
development_material_pairing,H_INDEX_DOWN,index,down,weaken,14:30,development_material_pairing:2,2011-06,2011-06,1,True,0.0282639175081,0.00946638397424,0.0187975335338,False
development_material_pairing,H_INDEX_DOWN,index,down,weaken,14:30,development_material_pairing:20,2015-07,2015-09,3,True,0.11296709407,0.00946638397424,0.103500710096,False
development_material_pairing,H_INDEX_DOWN,index,down,weaken,14:30,development_material_pairing:24,2016-02,2016-02,1,True,-0.0129536309044,0.00946638397424,-0.0224200148786,True
development_material_pairing,H_INDEX_DOWN,index,down,weaken,14:30,development_material_pairing:4,2011-10,2011-10,1,True,-0.00933174501076,0.00946638397424,-0.018798128985,True
development_material_pairing,H_INDEX_DOWN,index,down,weaken,14:30,development_material_pairing:6,2012-01,2012-01,1,True,-0.0200883592487,0.00946638397424,-0.0295547432229,True
development_material_pairing,H_INDEX_DOWN,index,down,weaken,14:45,development_material_pairing:10,2012-08,2012-08,1,True,0.0317897566502,0.00966622853723,0.0221235281129,False
development_material_pairing,H_INDEX_DOWN,index,down,weaken,14:45,development_material_pairing:12,2012-12,2012-12,1,True,0.109900174232,0.00966622853723,0.100233945694,False
development_material_pairing,H_INDEX_DOWN,index,down,weaken,14:45,development_material_pairing:15,2013-07,2013-07,1,True,0.0339673545541,0.00966622853723,0.0243011260169,False
development_material_pairing,H_INDEX_DOWN,index,down,weaken,14:45,development_material_pairing:2,2011-06,2011-06,1,True,0.0281992425668,0.00966622853723,0.0185330140295,False
development_material_pairing,H_INDEX_DOWN,index,down,weaken,14:45,development_material_pairing:20,2015-07,2015-09,3,True,0.113283570113,0.00966622853723,0.103617341576,False
development_material_pairing,H_INDEX_DOWN,index,down,weaken,14:45,development_material_pairing:24,2016-02,2016-02,1,True,-0.0113469435058,0.00966622853723,-0.021013172043,True
development_material_pairing,H_INDEX_DOWN,index,down,weaken,14:45,development_material_pairing:4,2011-10,2011-10,1,True,-0.0136594994937,0.00966622853723,-0.0233257280309,True
development_material_pairing,H_INDEX_DOWN,index,down,weaken,14:45,development_material_pairing:6,2012-01,2012-01,1,True,-0.00911411812644,0.00966622853723,-0.0187803466637,True
development_material_pairing,H_INDUSTRY_UP,industry,up,enhance,14:30,development_material_pairing:13,2013-01,2013-01,1,True,-0.00142102384017,-0.000762317346264,-0.000658706493902,False
development_material_pairing,H_INDUSTRY_UP,industry,up,enhance,14:30,development_material_pairing:17,2014-10,2014-10,1,True,-0.00111152500948,-0.000762317346264,-0.00034920766322,False
development_material_pairing,H_INDUSTRY_UP,industry,up,enhance,14:30,development_material_pairing:19,2015-04,2015-06,3,True,0.000797338462709,-0.000762317346264,0.00155965580897,True
development_material_pairing,H_INDUSTRY_UP,industry,up,enhance,14:30,development_material_pairing:22,2015-11,2015-11,1,True,-0.00880917930305,-0.000762317346264,-0.00804686195679,False
development_material_pairing,H_INDUSTRY_UP,industry,up,enhance,14:30,development_material_pairing:26,2016-04,2016-04,1,True,-0.00308120332247,-0.000762317346264,-0.0023188859762,False
development_material_pairing,H_INDUSTRY_UP,industry,up,enhance,14:30,development_material_pairing:8,2012-03,2012-03,1,True,0.000393744650446,-0.000762317346264,0.00115606199671,True
development_material_pairing,H_INDUSTRY_UP,industry,up,enhance,14:45,development_material_pairing:13,2013-01,2013-01,1,True,-0.00490750757026,-0.000421996687641,-0.00448551088262,False
development_material_pairing,H_INDUSTRY_UP,industry,up,enhance,14:45,development_material_pairing:17,2014-10,2014-10,1,True,-0.000343511098344,-0.000421996687641,7.84855892975e-05,True
development_material_pairing,H_INDUSTRY_UP,industry,up,enhance,14:45,development_material_pairing:19,2015-04,2015-06,3,True,0.00241894927856,-0.000421996687641,0.0028409459662,True
development_material_pairing,H_INDUSTRY_UP,industry,up,enhance,14:45,development_material_pairing:22,2015-11,2015-11,1,True,-0.0120276228074,-0.000421996687641,-0.0116056261197,False
development_material_pairing,H_INDUSTRY_UP,industry,up,enhance,14:45,development_material_pairing:26,2016-04,2016-04,1,True,-0.00168157119687,-0.000421996687641,-0.00125957450923,False
development_material_pairing,H_INDUSTRY_UP,industry,up,enhance,14:45,development_material_pairing:8,2012-03,2012-03,1,True,0.000110271038447,-0.000421996687641,0.000532267726088,True
development_material_pairing,H_INDUSTRY_SIDEWAYS,industry,sideways,enhance,14:30,development_material_pairing:1,2011-05,2011-05,1,True,0.00819840224558,-0.00368330369584,0.0118817059414,True
development_material_pairing,H_INDUSTRY_SIDEWAYS,industry,sideways,enhance,14:30,development_material_pairing:11,2012-09,2012-11,3,True,-0.000500310202749,-0.00368330369584,0.00318299349309,True
development_material_pairing,H_INDUSTRY_SIDEWAYS,industry,sideways,enhance,14:30,development_material_pairing:14,2013-02,2013-06,5,True,-0.00415000721766,-0.00368330369584,-0.000466703521819,False
development_material_pairing,H_INDUSTRY_SIDEWAYS,industry,sideways,enhance,14:30,development_material_pairing:16,2013-08,2014-09,14,True,-0.000962008383892,-0.00368330369584,0.00272129531195,True
development_material_pairing,H_INDUSTRY_SIDEWAYS,industry,sideways,enhance,14:30,development_material_pairing:18,2014-11,2015-03,5,True,0.00772383166478,-0.00368330369584,0.0114071353606,True
development_material_pairing,H_INDUSTRY_SIDEWAYS,industry,sideways,enhance,14:30,development_material_pairing:21,2015-10,2015-10,1,True,-0.0116680717727,-0.00368330369584,-0.00798476807687,False
development_material_pairing,H_INDUSTRY_SIDEWAYS,industry,sideways,enhance,14:30,development_material_pairing:23,2015-12,2016-01,2,True,-0.0167738543121,-0.00368330369584,-0.0130905506163,False
development_material_pairing,H_INDUSTRY_SIDEWAYS,industry,sideways,enhance,14:30,development_material_pairing:25,2016-03,2016-03,1,True,0.00280336290671,-0.00368330369584,0.00648666660255,True
development_material_pairing,H_INDUSTRY_SIDEWAYS,industry,sideways,enhance,14:30,development_material_pairing:27,2016-05,2016-12,8,True,0.000172690776334,-0.00368330369584,0.00385599447218,True
development_material_pairing,H_INDUSTRY_SIDEWAYS,industry,sideways,enhance,14:30,development_material_pairing:3,2011-07,2011-09,3,True,0.00355066376363,-0.00368330369584,0.00723396745947,True
development_material_pairing,H_INDUSTRY_SIDEWAYS,industry,sideways,enhance,14:30,development_material_pairing:5,2011-11,2011-12,2,True,0.00619719915128,-0.00368330369584,0.00988050284712,True
development_material_pairing,H_INDUSTRY_SIDEWAYS,industry,sideways,enhance,14:30,development_material_pairing:7,2012-02,2012-02,1,True,-0.00498438976079,-0.00368330369584,-0.00130108606495,False
development_material_pairing,H_INDUSTRY_SIDEWAYS,industry,sideways,enhance,14:30,development_material_pairing:9,2012-04,2012-07,4,True,0.00519841731531,-0.00368330369584,0.00888172101115,True
development_material_pairing,H_INDUSTRY_SIDEWAYS,industry,sideways,enhance,14:45,development_material_pairing:1,2011-05,2011-05,1,True,0.00293656029526,-0.00426234740265,0.00719890769792,True
development_material_pairing,H_INDUSTRY_SIDEWAYS,industry,sideways,enhance,14:45,development_material_pairing:11,2012-09,2012-11,3,True,0.000565416719808,-0.00426234740265,0.00482776412246,True
development_material_pairing,H_INDUSTRY_SIDEWAYS,industry,sideways,enhance,14:45,development_material_pairing:14,2013-02,2013-06,5,True,-0.00329123560679,-0.00426234740265,0.000971111795862,True
development_material_pairing,H_INDUSTRY_SIDEWAYS,industry,sideways,enhance,14:45,development_material_pairing:16,2013-08,2014-09,14,True,-3.58753557931e-05,-0.00426234740265,0.00422647204686,True
development_material_pairing,H_INDUSTRY_SIDEWAYS,industry,sideways,enhance,14:45,development_material_pairing:18,2014-11,2015-03,5,True,0.00532114701763,-0.00426234740265,0.00958349442028,True
development_material_pairing,H_INDUSTRY_SIDEWAYS,industry,sideways,enhance,14:45,development_material_pairing:21,2015-10,2015-10,1,True,-0.0107254344822,-0.00426234740265,-0.00646308707956,False
development_material_pairing,H_INDUSTRY_SIDEWAYS,industry,sideways,enhance,14:45,development_material_pairing:23,2015-12,2016-01,2,True,-0.0159902584328,-0.00426234740265,-0.0117279110302,False
development_material_pairing,H_INDUSTRY_SIDEWAYS,industry,sideways,enhance,14:45,development_material_pairing:25,2016-03,2016-03,1,True,-0.000574750097816,-0.00426234740265,0.00368759730484,True
development_material_pairing,H_INDUSTRY_SIDEWAYS,industry,sideways,enhance,14:45,development_material_pairing:27,2016-05,2016-12,8,True,0.00192085841604,-0.00426234740265,0.0061832058187,True
development_material_pairing,H_INDUSTRY_SIDEWAYS,industry,sideways,enhance,14:45,development_material_pairing:3,2011-07,2011-09,3,True,0.00497138140659,-0.00426234740265,0.00923372880924,True
development_material_pairing,H_INDUSTRY_SIDEWAYS,industry,sideways,enhance,14:45,development_material_pairing:5,2011-11,2011-12,2,True,0.00787275932815,-0.00426234740265,0.0121351067308,True
development_material_pairing,H_INDUSTRY_SIDEWAYS,industry,sideways,enhance,14:45,development_material_pairing:7,2012-02,2012-02,1,True,-0.00450221659586,-0.00426234740265,-0.000239869193205,False
development_material_pairing,H_INDUSTRY_SIDEWAYS,industry,sideways,enhance,14:45,development_material_pairing:9,2012-04,2012-07,4,True,0.00682140837497,-0.00426234740265,0.0110837557776,True
development_material_pairing,H_INDUSTRY_DOWN,industry,down,weaken,14:30,development_material_pairing:10,2012-08,2012-08,1,True,-0.00644470029195,-4.679167455e-05,-0.0063979086174,True
development_material_pairing,H_INDUSTRY_DOWN,industry,down,weaken,14:30,development_material_pairing:12,2012-12,2012-12,1,True,0.0355259620577,-4.679167455e-05,0.0355727537322,False
development_material_pairing,H_INDUSTRY_DOWN,industry,down,weaken,14:30,development_material_pairing:15,2013-07,2013-07,1,True,0.00415424072632,-4.679167455e-05,0.00420103240087,False
development_material_pairing,H_INDUSTRY_DOWN,industry,down,weaken,14:30,development_material_pairing:2,2011-06,2011-06,1,True,-0.00466364590559,-4.679167455e-05,-0.00461685423104,True
development_material_pairing,H_INDUSTRY_DOWN,industry,down,weaken,14:30,development_material_pairing:20,2015-07,2015-09,3,True,-0.0317399180412,-4.679167455e-05,-0.0316931263667,True
development_material_pairing,H_INDUSTRY_DOWN,industry,down,weaken,14:30,development_material_pairing:24,2016-02,2016-02,1,True,-0.00149043844128,-4.679167455e-05,-0.00144364676673,True
development_material_pairing,H_INDUSTRY_DOWN,industry,down,weaken,14:30,development_material_pairing:4,2011-10,2011-10,1,True,0.0162534120853,-4.679167455e-05,0.0163002037599,False
development_material_pairing,H_INDUSTRY_DOWN,industry,down,weaken,14:30,development_material_pairing:6,2012-01,2012-01,1,True,-0.00277737119544,-4.679167455e-05,-0.00273057952089,True
development_material_pairing,H_INDUSTRY_DOWN,industry,down,weaken,14:45,development_material_pairing:10,2012-08,2012-08,1,True,-0.00893406857541,0.000486487317101,-0.00942055589251,True
development_material_pairing,H_INDUSTRY_DOWN,industry,down,weaken,14:45,development_material_pairing:12,2012-12,2012-12,1,True,0.0297838832644,0.000486487317101,0.0292973959473,False
development_material_pairing,H_INDUSTRY_DOWN,industry,down,weaken,14:45,development_material_pairing:15,2013-07,2013-07,1,True,0.00111923971225,0.000486487317101,0.000632752395147,False
development_material_pairing,H_INDUSTRY_DOWN,industry,down,weaken,14:45,development_material_pairing:2,2011-06,2011-06,1,True,-0.00411218220793,0.000486487317101,-0.00459866952503,True
development_material_pairing,H_INDUSTRY_DOWN,industry,down,weaken,14:45,development_material_pairing:20,2015-07,2015-09,3,True,-0.0339276372087,0.000486487317101,-0.0344141245258,True
development_material_pairing,H_INDUSTRY_DOWN,industry,down,weaken,14:45,development_material_pairing:24,2016-02,2016-02,1,True,0.00264789346471,0.000486487317101,0.00216140614761,False
development_material_pairing,H_INDUSTRY_DOWN,industry,down,weaken,14:45,development_material_pairing:4,2011-10,2011-10,1,True,0.0189149609803,0.000486487317101,0.0184284736632,False
development_material_pairing,H_INDUSTRY_DOWN,industry,down,weaken,14:45,development_material_pairing:6,2012-01,2012-01,1,True,-0.00276597446115,0.000486487317101,-0.00325246177825,True
development_listing_not_pass_evidence,H_INDEX_DOWN,index,down,weaken,14:30,development_listing_not_pass_evidence:2,2017-06,2017-06,1,True,0.0414501710341,-0.0152493822674,0.0566995533016,False
development_listing_not_pass_evidence,H_INDEX_DOWN,index,down,weaken,14:45,development_listing_not_pass_evidence:2,2017-06,2017-06,1,True,0.0406279985478,-0.0157790159984,0.0564070145462,False
development_listing_not_pass_evidence,H_INDUSTRY_SIDEWAYS,industry,sideways,enhance,14:30,development_listing_not_pass_evidence:1,2017-01,2017-05,5,True,-0.00251626875287,-0.00488269855504,0.00236642980217,True
development_listing_not_pass_evidence,H_INDUSTRY_SIDEWAYS,industry,sideways,enhance,14:30,development_listing_not_pass_evidence:3,2017-07,2017-12,6,True,-0.00291148771285,-0.00488269855504,0.00197121084219,True
development_listing_not_pass_evidence,H_INDUSTRY_SIDEWAYS,industry,sideways,enhance,14:45,development_listing_not_pass_evidence:1,2017-01,2017-05,5,True,-0.00363637833762,-0.00419314081465,0.000556762477032,True
development_listing_not_pass_evidence,H_INDUSTRY_SIDEWAYS,industry,sideways,enhance,14:45,development_listing_not_pass_evidence:3,2017-07,2017-12,6,True,-0.0039312282268,-0.00419314081465,0.00026191258785,True
development_listing_not_pass_evidence,H_INDUSTRY_DOWN,industry,down,weaken,14:30,development_listing_not_pass_evidence:2,2017-06,2017-06,1,True,-0.00488269855504,-0.00273184273104,-0.002150855824,True
development_listing_not_pass_evidence,H_INDUSTRY_DOWN,industry,down,weaken,14:45,development_listing_not_pass_evidence:2,2017-06,2017-06,1,True,-0.00419314081465,-0.0037972055499,-0.000395935264751,True
consumed_repeat_comparison_no_retune,H_INDEX_UP,index,up,enhance,14:30,consumed_repeat_comparison_no_retune:10,2021-12,2021-12,1,True,0.00812293154271,-2.71649244428e-05,0.00815009646715,True
consumed_repeat_comparison_no_retune,H_INDEX_UP,index,up,enhance,14:30,consumed_repeat_comparison_no_retune:15,2022-06,2022-06,1,True,0.05353431783,-2.71649244428e-05,0.0535614827544,True
consumed_repeat_comparison_no_retune,H_INDEX_UP,index,up,enhance,14:30,consumed_repeat_comparison_no_retune:17,2023-02,2023-02,1,True,0.0396661086523,-2.71649244428e-05,0.0396932735768,True
consumed_repeat_comparison_no_retune,H_INDEX_UP,index,up,enhance,14:30,consumed_repeat_comparison_no_retune:23,2024-10,2024-10,1,True,0.0641827173652,-2.71649244428e-05,0.0642098822897,True
consumed_repeat_comparison_no_retune,H_INDEX_UP,index,up,enhance,14:30,consumed_repeat_comparison_no_retune:6,2019-03,2019-04,2,True,0.00943624347736,-2.71649244428e-05,0.0094634084018,True
consumed_repeat_comparison_no_retune,H_INDEX_UP,index,up,enhance,14:30,consumed_repeat_comparison_no_retune:8,2020-08,2020-08,1,True,0.0326063833218,-2.71649244428e-05,0.0326335482462,True
consumed_repeat_comparison_no_retune,H_INDEX_UP,index,up,enhance,14:45,consumed_repeat_comparison_no_retune:10,2021-12,2021-12,1,True,0.0140908830224,0.00080674178845,0.013284141234,True
consumed_repeat_comparison_no_retune,H_INDEX_UP,index,up,enhance,14:45,consumed_repeat_comparison_no_retune:15,2022-06,2022-06,1,True,0.0492483040087,0.00080674178845,0.0484415622202,True
consumed_repeat_comparison_no_retune,H_INDEX_UP,index,up,enhance,14:45,consumed_repeat_comparison_no_retune:17,2023-02,2023-02,1,True,0.0376159463696,0.00080674178845,0.0368092045812,True
consumed_repeat_comparison_no_retune,H_INDEX_UP,index,up,enhance,14:45,consumed_repeat_comparison_no_retune:23,2024-10,2024-10,1,True,0.071875006178,0.00080674178845,0.0710682643896,True
consumed_repeat_comparison_no_retune,H_INDEX_UP,index,up,enhance,14:45,consumed_repeat_comparison_no_retune:6,2019-03,2019-04,2,True,0.0129047520161,0.00080674178845,0.0120980102276,True
consumed_repeat_comparison_no_retune,H_INDEX_UP,index,up,enhance,14:45,consumed_repeat_comparison_no_retune:8,2020-08,2020-08,1,True,0.0310624545306,0.00080674178845,0.0302557127422,True
consumed_repeat_comparison_no_retune,H_INDEX_DOWN,index,down,weaken,14:30,consumed_repeat_comparison_no_retune:12,2022-02,2022-02,1,True,0.0225157893628,-0.000108933387343,0.0226247227502,False
consumed_repeat_comparison_no_retune,H_INDEX_DOWN,index,down,weaken,14:30,consumed_repeat_comparison_no_retune:14,2022-05,2022-05,1,True,0.0592021065235,-0.000108933387343,0.0593110399109,False
consumed_repeat_comparison_no_retune,H_INDEX_DOWN,index,down,weaken,14:30,consumed_repeat_comparison_no_retune:19,2024-02,2024-02,1,True,0.0879230115998,-0.000108933387343,0.0880319449871,False
consumed_repeat_comparison_no_retune,H_INDEX_DOWN,index,down,weaken,14:30,consumed_repeat_comparison_no_retune:2,2018-07,2018-07,1,True,-0.00224445776103,-0.000108933387343,-0.00213552437369,True
consumed_repeat_comparison_no_retune,H_INDEX_DOWN,index,down,weaken,14:30,consumed_repeat_comparison_no_retune:21,2024-07,2024-07,1,True,0.00731818721279,-0.000108933387343,0.00742712060014,False
consumed_repeat_comparison_no_retune,H_INDEX_DOWN,index,down,weaken,14:30,consumed_repeat_comparison_no_retune:4,2018-11,2018-11,1,True,0.0498201722401,-0.000108933387343,0.0499291056274,False
consumed_repeat_comparison_no_retune,H_INDEX_DOWN,index,down,weaken,14:45,consumed_repeat_comparison_no_retune:12,2022-02,2022-02,1,True,0.0253457749467,0.000876934875131,0.0244688400716,False
consumed_repeat_comparison_no_retune,H_INDEX_DOWN,index,down,weaken,14:45,consumed_repeat_comparison_no_retune:14,2022-05,2022-05,1,True,0.058474877468,0.000876934875131,0.0575979425929,False
consumed_repeat_comparison_no_retune,H_INDEX_DOWN,index,down,weaken,14:45,consumed_repeat_comparison_no_retune:19,2024-02,2024-02,1,True,0.0833420110985,0.000876934875131,0.0824650762234,False
consumed_repeat_comparison_no_retune,H_INDEX_DOWN,index,down,weaken,14:45,consumed_repeat_comparison_no_retune:2,2018-07,2018-07,1,True,-0.000124938038148,0.000876934875131,-0.00100187291328,True
consumed_repeat_comparison_no_retune,H_INDEX_DOWN,index,down,weaken,14:45,consumed_repeat_comparison_no_retune:21,2024-07,2024-07,1,True,0.00528200375068,0.000876934875131,0.00440506887555,False
consumed_repeat_comparison_no_retune,H_INDEX_DOWN,index,down,weaken,14:45,consumed_repeat_comparison_no_retune:4,2018-11,2018-11,1,True,0.0501178631527,0.000876934875131,0.0492409282775,False
consumed_repeat_comparison_no_retune,H_INDUSTRY_UP,industry,up,enhance,14:30,consumed_repeat_comparison_no_retune:10,2021-12,2021-12,1,True,-0.00662340580869,-0.000797145292645,-0.00582626051604,False
consumed_repeat_comparison_no_retune,H_INDUSTRY_UP,industry,up,enhance,14:30,consumed_repeat_comparison_no_retune:15,2022-06,2022-06,1,True,0.0275128608134,-0.000797145292645,0.0283100061061,True
consumed_repeat_comparison_no_retune,H_INDUSTRY_UP,industry,up,enhance,14:30,consumed_repeat_comparison_no_retune:17,2023-02,2023-02,1,True,0.00216525316305,-0.000797145292645,0.0029623984557,True
consumed_repeat_comparison_no_retune,H_INDUSTRY_UP,industry,up,enhance,14:30,consumed_repeat_comparison_no_retune:23,2024-10,2024-10,1,True,0.000439537965149,-0.000797145292645,0.00123668325779,True
consumed_repeat_comparison_no_retune,H_INDUSTRY_UP,industry,up,enhance,14:30,consumed_repeat_comparison_no_retune:6,2019-03,2019-04,2,True,0.00156412394405,-0.000797145292645,0.0023612692367,True
consumed_repeat_comparison_no_retune,H_INDUSTRY_UP,industry,up,enhance,14:30,consumed_repeat_comparison_no_retune:8,2020-08,2020-08,1,True,0.00962679639621,-0.000797145292645,0.0104239416889,True
consumed_repeat_comparison_no_retune,H_INDUSTRY_UP,industry,up,enhance,14:45,consumed_repeat_comparison_no_retune:10,2021-12,2021-12,1,True,-0.00684677559574,-0.0016254286363,-0.00522134695943,False
consumed_repeat_comparison_no_retune,H_INDUSTRY_UP,industry,up,enhance,14:45,consumed_repeat_comparison_no_retune:15,2022-06,2022-06,1,True,0.0204325280591,-0.0016254286363,0.0220579566954,True
consumed_repeat_comparison_no_retune,H_INDUSTRY_UP,industry,up,enhance,14:45,consumed_repeat_comparison_no_retune:17,2023-02,2023-02,1,True,0.00100769469477,-0.0016254286363,0.00263312333107,True
consumed_repeat_comparison_no_retune,H_INDUSTRY_UP,industry,up,enhance,14:45,consumed_repeat_comparison_no_retune:23,2024-10,2024-10,1,True,0.000538731148248,-0.0016254286363,0.00216415978455,True
consumed_repeat_comparison_no_retune,H_INDUSTRY_UP,industry,up,enhance,14:45,consumed_repeat_comparison_no_retune:6,2019-03,2019-04,2,True,-0.00165623224671,-0.0016254286363,-3.08036104091e-05,False
consumed_repeat_comparison_no_retune,H_INDUSTRY_UP,industry,up,enhance,14:45,consumed_repeat_comparison_no_retune:8,2020-08,2020-08,1,True,0.00846938613013,-0.0016254286363,0.0100948147664,True
consumed_repeat_comparison_no_retune,H_INDUSTRY_SIDEWAYS,industry,sideways,enhance,14:30,consumed_repeat_comparison_no_retune:1,2018-01,2018-06,6,True,-0.000882602359826,0.00432879532246,-0.00521139768228,False
consumed_repeat_comparison_no_retune,H_INDUSTRY_SIDEWAYS,industry,sideways,enhance,14:30,consumed_repeat_comparison_no_retune:11,2022-01,2022-01,1,True,-0.00371455238949,0.00432879532246,-0.00804334771195,False
consumed_repeat_comparison_no_retune,H_INDUSTRY_SIDEWAYS,industry,sideways,enhance,14:30,consumed_repeat_comparison_no_retune:13,2022-03,2022-04,2,True,0.00060257634174,0.00432879532246,-0.00372621898072,False
consumed_repeat_comparison_no_retune,H_INDUSTRY_SIDEWAYS,industry,sideways,enhance,14:30,consumed_repeat_comparison_no_retune:16,2022-07,2023-01,7,True,0.00107663192864,0.00432879532246,-0.00325216339381,False
consumed_repeat_comparison_no_retune,H_INDUSTRY_SIDEWAYS,industry,sideways,enhance,14:30,consumed_repeat_comparison_no_retune:18,2023-03,2024-01,11,True,-0.00102455915604,0.00432879532246,-0.0053533544785,False
consumed_repeat_comparison_no_retune,H_INDUSTRY_SIDEWAYS,industry,sideways,enhance,14:30,consumed_repeat_comparison_no_retune:20,2024-03,2024-06,4,True,0.000212082453727,0.00432879532246,-0.00411671286873,False
consumed_repeat_comparison_no_retune,H_INDUSTRY_SIDEWAYS,industry,sideways,enhance,14:30,consumed_repeat_comparison_no_retune:22,2024-08,2024-09,2,True,-0.00204576910674,0.00432879532246,-0.0063745644292,False
consumed_repeat_comparison_no_retune,H_INDUSTRY_SIDEWAYS,industry,sideways,enhance,14:30,consumed_repeat_comparison_no_retune:24,2024-11,2025-12,14,True,0.000457379383876,0.00432879532246,-0.00387141593858,False
consumed_repeat_comparison_no_retune,H_INDUSTRY_SIDEWAYS,industry,sideways,enhance,14:30,consumed_repeat_comparison_no_retune:3,2018-08,2018-10,3,True,-0.00494644132069,0.00432879532246,-0.00927523664315,False
consumed_repeat_comparison_no_retune,H_INDUSTRY_SIDEWAYS,industry,sideways,enhance,14:30,consumed_repeat_comparison_no_retune:5,2018-12,2019-02,3,True,0.000878900403004,0.00432879532246,-0.00344989491945,False
consumed_repeat_comparison_no_retune,H_INDUSTRY_SIDEWAYS,industry,sideways,enhance,14:30,consumed_repeat_comparison_no_retune:7,2019-05,2020-07,15,True,0.00165434394376,0.00432879532246,-0.00267445137869,False
consumed_repeat_comparison_no_retune,H_INDUSTRY_SIDEWAYS,industry,sideways,enhance,14:30,consumed_repeat_comparison_no_retune:9,2020-09,2021-11,15,True,-0.00599478539648,0.00432879532246,-0.0103235807189,False
consumed_repeat_comparison_no_retune,H_INDUSTRY_SIDEWAYS,industry,sideways,enhance,14:45,consumed_repeat_comparison_no_retune:1,2018-01,2018-06,6,True,-0.000983066096702,0.0028605711317,-0.0038436372284,False
consumed_repeat_comparison_no_retune,H_INDUSTRY_SIDEWAYS,industry,sideways,enhance,14:45,consumed_repeat_comparison_no_retune:11,2022-01,2022-01,1,True,-0.00938784879653,0.0028605711317,-0.0122484199282,False
consumed_repeat_comparison_no_retune,H_INDUSTRY_SIDEWAYS,industry,sideways,enhance,14:45,consumed_repeat_comparison_no_retune:13,2022-03,2022-04,2,True,-0.00292663595741,0.0028605711317,-0.00578720708911,False
consumed_repeat_comparison_no_retune,H_INDUSTRY_SIDEWAYS,industry,sideways,enhance,14:45,consumed_repeat_comparison_no_retune:16,2022-07,2023-01,7,True,0.000275165100531,0.0028605711317,-0.00258540603117,False
consumed_repeat_comparison_no_retune,H_INDUSTRY_SIDEWAYS,industry,sideways,enhance,14:45,consumed_repeat_comparison_no_retune:18,2023-03,2024-01,11,True,-0.00266436011363,0.0028605711317,-0.00552493124533,False
consumed_repeat_comparison_no_retune,H_INDUSTRY_SIDEWAYS,industry,sideways,enhance,14:45,consumed_repeat_comparison_no_retune:20,2024-03,2024-06,4,True,0.00117014702137,0.0028605711317,-0.00169042411033,False
consumed_repeat_comparison_no_retune,H_INDUSTRY_SIDEWAYS,industry,sideways,enhance,14:45,consumed_repeat_comparison_no_retune:22,2024-08,2024-09,2,True,-0.00195557741984,0.0028605711317,-0.00481614855154,False
consumed_repeat_comparison_no_retune,H_INDUSTRY_SIDEWAYS,industry,sideways,enhance,14:45,consumed_repeat_comparison_no_retune:24,2024-11,2025-12,14,True,-0.000246358837613,0.0028605711317,-0.00310692996931,False
consumed_repeat_comparison_no_retune,H_INDUSTRY_SIDEWAYS,industry,sideways,enhance,14:45,consumed_repeat_comparison_no_retune:3,2018-08,2018-10,3,True,-0.00628826369118,0.0028605711317,-0.00914883482288,False
consumed_repeat_comparison_no_retune,H_INDUSTRY_SIDEWAYS,industry,sideways,enhance,14:45,consumed_repeat_comparison_no_retune:5,2018-12,2019-02,3,True,0.00166039581821,0.0028605711317,-0.00120017531349,False
consumed_repeat_comparison_no_retune,H_INDUSTRY_SIDEWAYS,industry,sideways,enhance,14:45,consumed_repeat_comparison_no_retune:7,2019-05,2020-07,15,True,0.00106027337361,0.0028605711317,-0.00180029775809,False
consumed_repeat_comparison_no_retune,H_INDUSTRY_SIDEWAYS,industry,sideways,enhance,14:45,consumed_repeat_comparison_no_retune:9,2020-09,2021-11,15,True,-0.00716555301517,0.0028605711317,-0.0100261241469,False
consumed_repeat_comparison_no_retune,H_INDUSTRY_DOWN,industry,down,weaken,14:30,consumed_repeat_comparison_no_retune:12,2022-02,2022-02,1,True,0.00808263179634,-0.000612130217262,0.0086947620136,False
consumed_repeat_comparison_no_retune,H_INDUSTRY_DOWN,industry,down,weaken,14:30,consumed_repeat_comparison_no_retune:14,2022-05,2022-05,1,True,0.00850615783478,-0.000612130217262,0.00911828805205,False
consumed_repeat_comparison_no_retune,H_INDUSTRY_DOWN,industry,down,weaken,14:30,consumed_repeat_comparison_no_retune:19,2024-02,2024-02,1,True,0.00869457095095,-0.000612130217262,0.00930670116821,False
consumed_repeat_comparison_no_retune,H_INDUSTRY_DOWN,industry,down,weaken,14:30,consumed_repeat_comparison_no_retune:2,2018-07,2018-07,1,True,0.00256368842047,-0.000612130217262,0.00317581863773,False
consumed_repeat_comparison_no_retune,H_INDUSTRY_DOWN,industry,down,weaken,14:30,consumed_repeat_comparison_no_retune:21,2024-07,2024-07,1,True,-0.00579947648842,-0.000612130217262,-0.00518734627116,True
consumed_repeat_comparison_no_retune,H_INDUSTRY_DOWN,industry,down,weaken,14:30,consumed_repeat_comparison_no_retune:4,2018-11,2018-11,1,True,-0.00202252373945,-0.000612130217262,-0.00141039352219,True
consumed_repeat_comparison_no_retune,H_INDUSTRY_DOWN,industry,down,weaken,14:45,consumed_repeat_comparison_no_retune:12,2022-02,2022-02,1,True,0.00785064632424,-0.00157090468184,0.00942155100609,False
consumed_repeat_comparison_no_retune,H_INDUSTRY_DOWN,industry,down,weaken,14:45,consumed_repeat_comparison_no_retune:14,2022-05,2022-05,1,True,0.00913218119311,-0.00157090468184,0.010703085875,False
consumed_repeat_comparison_no_retune,H_INDUSTRY_DOWN,industry,down,weaken,14:45,consumed_repeat_comparison_no_retune:19,2024-02,2024-02,1,True,0.00491247667813,-0.00157090468184,0.00648338135998,False
consumed_repeat_comparison_no_retune,H_INDUSTRY_DOWN,industry,down,weaken,14:45,consumed_repeat_comparison_no_retune:2,2018-07,2018-07,1,True,0.00100126718594,-0.00157090468184,0.00257217186778,False
consumed_repeat_comparison_no_retune,H_INDUSTRY_DOWN,industry,down,weaken,14:45,consumed_repeat_comparison_no_retune:21,2024-07,2024-07,1,True,-0.004664175953,-0.00157090468184,-0.00309327127116,True
consumed_repeat_comparison_no_retune,H_INDUSTRY_DOWN,industry,down,weaken,14:45,consumed_repeat_comparison_no_retune:4,2018-11,2018-11,1,True,-0.00133407065938,-0.00157090468184,0.00023683402246,False
