year,decision_clock,replay_segment_id,component_group,simple_contribution_sum,linked_log_contribution,row_count
2011,14:30,2011_2020,index,-0.5576231930547253,-0.5780363804897245,5768
2011,14:30,2011_2020,industry,0.051093765877610699,0.050693506966740617,5768
2011,14:30,2011_2020,other,0.23884333597224883,0.23411072606133698,5801
2011,14:30,2011_2020,size,-0.056201523899767659,-0.055947941804428351,5768
2011,14:45,2011_2020,index,-0.54921948097645434,-0.56906023325438171,5764
2011,14:45,2011_2020,industry,0.044179726629625868,0.043798723990801591,5764
2011,14:45,2011_2020,other,0.24617917826457769,0.24173255072598243,5797
2011,14:45,2011_2020,size,-0.052252210386175182,-0.052136575482543045,5764
2012,14:30,2011_2020,index,0.078099163690107637,0.050484574365387683,8708
2012,14:30,2011_2020,industry,0.02656245217698797,0.024257248976056557,8708
2012,14:30,2011_2020,other,0.039404337599845081,0.032863361708193727,8757
2012,14:30,2011_2020,size,-0.06092225211289052,-0.061001841752729699,8708
2012,14:45,2011_2020,index,0.096809641806252802,0.068455853326063715,8713
2012,14:45,2011_2020,industry,0.031860999628918557,0.029541521423664757,8713
2012,14:45,2011_2020,other,-0.037708917669490173,-0.043796712262218443,8762
2012,14:45,2011_2020,size,-0.060461177937767965,-0.060511183464310038,8713
2013,14:30,2011_2020,index,0.19047335107109731,0.1677720809802529,8502
2013,14:30,2011_2020,industry,-0.011459803074442094,-0.01265550225878247,8502
2013,14:30,2011_2020,other,0.16303480540455248,0.15626521428320753,8549
2013,14:30,2011_2020,size,-0.040994001599800954,-0.041531841928011064,8502
2013,14:45,2011_2020,index,0.18587627118190705,0.16212805628579915,8501
2013,14:45,2011_2020,industry,-0.023116762947223757,-0.024182761059951711,8501
2013,14:45,2011_2020,other,0.17551967517296296,0.169218444562003,8548
2013,14:45,2011_2020,size,-0.055101834263499294,-0.055518558644727878,8501
2014,14:30,2011_2020,index,0.24815504902041705,0.23415069557660639,8702
2014,14:30,2011_2020,industry,-0.024409029139615117,-0.025159155173081097,8702
2014,14:30,2011_2020,other,0.17441399307260733,0.16302159819431433,8751
2014,14:30,2011_2020,size,0.012185569497570558,0.011580232537706488,8702
2014,14:45,2011_2020,index,0.2649092167832332,0.25025580680603926,8701
2014,14:45,2011_2020,industry,-0.01501767933898911,-0.015870307567049435,8701
2014,14:45,2011_2020,other,0.10301143395571893,0.092434514456029265,8750
2014,14:45,2011_2020,size,0.014903529160478568,0.014611405399946563,8701
2015,14:30,2011_2020,index,1.1165811486041022,1.0474393513683464,8558
2015,14:30,2011_2020,industry,-0.052906688595286216,-0.054029329105981135,8558
2015,14:30,2011_2020,other,-0.24827927179253137,-0.26946348925948693,8607
2015,14:30,2011_2020,size,-0.19954983723742081,-0.20659369434195995,8558
2015,14:45,2011_2020,index,1.1194674293535958,1.0495829603663551,8548
2015,14:45,2011_2020,industry,-0.064496623316196391,-0.065905060352901501,8548
2015,14:45,2011_2020,other,-0.23623819475329644,-0.25570758976880242,8597
2015,14:45,2011_2020,size,-0.19609002134292225,-0.20307324094652848,8548
2016,14:30,2011_2020,index,-0.10197540852161208,-0.13790435767124579,8723
2016,14:30,2011_2020,industry,-0.003926232754293422,-0.0061861486434079188,8723
2016,14:30,2011_2020,other,-0.094811296813181456,-0.10954536009993239,8772
2016,14:30,2011_2020,size,-0.0095091125226041476,-0.0092537703508914059,8723
2016,14:45,2011_2020,index,-0.082168504722086172,-0.11914659674762321,8694
2016,14:45,2011_2020,industry,-0.011779656833267635,-0.014033126792988904,8694
2016,14:45,2011_2020,other,-0.12215971507346748,-0.13639187943066203,8743
2016,14:45,2011_2020,size,-0.0091160042539727062,-0.0089903033652483262,8694
2017,14:30,2011_2020,index,-0.10191902920956822,-0.10980425669279395,8703
2017,14:30,2011_2020,industry,-0.038630246051802208,-0.039395507793188227,8703
2017,14:30,2011_2020,other,-0.099588511358099818,-0.10627236951019731,8752
2017,14:30,2011_2020,size,-0.0029790716187695267,-0.0036224638687875296,8703
2017,14:45,2011_2020,index,-0.087334640982305034,-0.095194747957573697,8677
2017,14:45,2011_2020,industry,-0.043832842094891113,-0.044504218191911873,8677
2017,14:45,2011_2020,other,-0.0862431799392267,-0.0920560459913983,8726
2017,14:45,2011_2020,size,-0.014185337214547124,-0.014965236046602954,8677
2018,14:30,2011_2020,index,-0.34022146862028263,-0.36422984414458837,8669
2018,14:30,2011_2020,industry,-0.013839124103678531,-0.01445950806035568,8669
2018,14:30,2011_2020,other,-0.14141164603856587,-0.15333952054512379,8717
2018,14:30,2011_2020,size,0.011420264576754904,0.011295878944061312,8669
2018,14:45,2011_2020,index,-0.35825761279975943,-0.38315406933785628,8663
2018,14:45,2011_2020,industry,-0.027502353063341173,-0.02824035241224529,8663
2018,14:45,2011_2020,other,-0.10707600981142076,-0.11909309739118898,8711
2018,14:45,2011_2020,size,0.018887331959125116,0.018938429424184309,8663
2019,14:30,2011_2020,index,0.13538018267676119,0.10978415648240995,8739
2019,14:30,2011_2020,industry,0.03122766884257943,0.03046363573853543,8739
2019,14:30,2011_2020,other,0.09044380666504992,0.084055968964734662,8788
2019,14:30,2011_2020,size,0.080635472399330679,0.079689504830994781,8739
2019,14:45,2011_2020,index,0.14622302545988261,0.11988694780290579,8738
2019,14:45,2011_2020,industry,0.045367024946893736,0.044731833694374439,8738
2019,14:45,2011_2020,other,0.057474199805990042,0.051994787110073208,8787
2019,14:45,2011_2020,size,0.080031272621341187,0.079105810210852945,8738
2020,14:30,2011_2020,index,0.079845690552495727,0.05742191719353433,8750
2020,14:30,2011_2020,industry,-0.012328087368471448,-0.013780156344590358,8750
2020,14:30,2011_2020,other,0.023391191432093499,0.011810299310025222,8799
2020,14:30,2011_2020,size,0.046597617744746848,0.046500543296228908,8750
2020,14:45,2011_2020,index,0.082041772828608195,0.05864348362985497,8749
2020,14:45,2011_2020,industry,-0.015276071003755828,-0.017002182713502671,8749
2020,14:45,2011_2020,other,0.0092455334403001403,-0.00248045193650778,8798
2020,14:45,2011_2020,size,0.056554763692582263,0.056687234473811653,8749
2021,14:30,2021_2026,index,0.18046511309533439,0.17472057061075316,8574
2021,14:30,2021_2026,industry,-0.050240926730117499,-0.051858948939421903,8574
2021,14:30,2021_2026,other,0.15474959707843505,0.14339298609868761,8626
2021,14:30,2021_2026,size,0.03577109509896842,0.035352804751464226,8574
2021,14:45,2021_2026,index,0.18394744870638458,0.17743797325053531,8574
2021,14:45,2021_2026,industry,-0.047389178908389049,-0.04885259808400183,8574
2021,14:45,2021_2026,other,0.14555080108019147,0.13456065777283227,8626
2021,14:45,2021_2026,size,0.033558117908660978,0.033721970074867047,8574
2022,14:30,2021_2026,index,-0.027196155634977206,-0.045257430354222639,8721
2022,14:30,2021_2026,industry,0.0094740897473852125,0.0070435742956842014,8721
2022,14:30,2021_2026,other,-0.011401546326749123,-0.032207956657095062,8770
2022,14:30,2021_2026,size,0.00335926903798634,0.0020818887831244655,8721
2022,14:45,2021_2026,index,-0.042642193080108588,-0.059312494155433534,8728
2022,14:45,2021_2026,industry,-0.0016812330699243537,-0.0039229966725809959,8728
2022,14:45,2021_2026,other,0.065046438397446532,0.044960189544089327,8777
2022,14:45,2021_2026,size,0.014433920581727155,0.013208813314439596,8728
2023,14:30,2021_2026,index,0.061770810967986693,0.056960761313890738,8695
2023,14:30,2021_2026,industry,0.039764880869222669,0.038386548115864595,8695
2023,14:30,2021_2026,other,-0.14407144922458531,-0.1577251984917219,8743
2023,14:30,2021_2026,size,-0.059566247848934738,-0.059252696835379981,8695
2023,14:45,2021_2026,index,0.049570634968501684,0.044433558892104867,8696
2023,14:45,2021_2026,industry,0.035819562179475031,0.0341154131672868,8696
2023,14:45,2021_2026,other,-0.14444580219867637,-0.15786612974948236,8744
2023,14:45,2021_2026,size,-0.05168117116257416,-0.051443376351681308,8696
2024,14:30,2021_2026,index,0.074931862457849038,0.0019082441656034573,8683
2024,14:30,2021_2026,industry,-0.025044216989385051,-0.030045246876027429,8683
2024,14:30,2021_2026,other,-0.046374449886888117,-0.072721701656982801,8731
2024,14:30,2021_2026,size,-0.0074108827147202853,-0.0099114315965150961,8683
2024,14:45,2021_2026,index,0.063519883364336782,-0.0077710877248763363,8679
2024,14:45,2021_2026,industry,-0.021310994693682372,-0.026886629246598803,8679
2024,14:45,2021_2026,other,-0.026298599969434421,-0.054016679200598015,8727
2024,14:45,2021_2026,size,-0.0029822313819375906,-0.0052247289239588952,8679
2025,14:30,2021_2026,index,0.20790722198037737,0.17283396151351121,8739
2025,14:30,2021_2026,industry,0.015226077933059901,0.014329549154920856,8739
2025,14:30,2021_2026,other,0.33919617829640775,0.33647136658989818,8788
2025,14:30,2021_2026,size,-0.0016201826890189311,-0.0010980108855231556,8739
2025,14:45,2021_2026,index,0.20731126996993338,0.17519172173739284,8740
2025,14:45,2021_2026,industry,0.0079360947906055284,0.0069736857466414486,8740
2025,14:45,2021_2026,other,0.32797880618208602,0.32210931335586085,8789
2025,14:45,2021_2026,size,-0.0068722901112081326,-0.0065057842483160029,8740
2026,14:30,2021_2026,index,0.06503342234339643,0.055464161349960586,5593
2026,14:30,2021_2026,industry,0.013863539084085819,0.01332193699708329,5593
2026,14:30,2021_2026,other,-0.14175397336701473,-0.16331476134073808,5624
2026,14:30,2021_2026,size,0.058244611294657571,0.058321246713150643,5593
2026,14:45,2021_2026,index,0.066168003784750379,0.056282192688273829,5595
2026,14:45,2021_2026,industry,0.016087737364492035,0.015464223985788995,5595
2026,14:45,2021_2026,other,-0.17284118730591425,-0.19347083716055721,5626
2026,14:45,2021_2026,size,0.063499628837919847,0.063572056022840717,5595
