source_period,decision_period,decision_year,data_role,state_id,trend,vol,source_first_date,source_last_date,pit_available_at,n_days,index_log_return,sigma_pit,band,realized_vol,vol_threshold,cross_sectional_support_available,cross_sectional_row_count,unique_decision_dates,unique_symbols,phase_count
2011-04,2011-05,2011,development_material_state_certificate,cloudridge_trend_sideways,sideways,low,2011-04-01,2011-04-29,2011-04-29,19,-0.0645915739948,0.0260445288831,0.113525469434,0.0121104116024,0.0209088461177,True,809,4,332,4
2011-05,2011-06,2011,development_material_state_certificate,cloudridge_trend_down,down,low,2011-05-03,2011-05-31,2011-05-31,21,-0.127247930365,0.0258078744489,0.118266538188,0.0146792975689,0.0206386284812,True,1118,4,401,4
2011-06,2011-07,2011,development_material_state_certificate,cloudridge_trend_sideways,sideways,low,2011-06-01,2011-06-30,2011-06-30,21,0.00943975271374,0.0256023837328,0.117324861427,0.0139771864807,0.0203684108447,True,1354,4,489,4
2011-07,2011-08,2011,development_material_state_certificate,cloudridge_trend_sideways,sideways,low,2011-07-01,2011-07-29,2011-07-29,21,0.00696676355704,0.0253791185761,0.116301731946,0.0138596525317,0.0202939981546,True,2256,5,636,4
2011-08,2011-09,2011,development_material_state_certificate,cloudridge_trend_sideways,sideways,low,2011-08-01,2011-08-31,2011-08-31,23,-0.0320417899953,0.0251631526708,0.120678240805,0.0164012997359,0.0202195854645,True,3072,4,1355,4
2011-09,2011-10,2011,development_material_state_certificate,cloudridge_trend_down,down,low,2011-09-01,2011-09-30,2011-09-30,21,-0.1307295471,0.0249765507643,0.114456934476,0.0155415151065,0.0193126373149,True,3767,3,1500,3
2011-10,2011-11,2011,development_material_state_certificate,cloudridge_trend_sideways,sideways,low,2011-10-10,2011-10-31,2011-10-31,16,0.0369768986622,0.0248160328181,0.0992641312725,0.017896504454,0.0184056891653,True,6454,5,1531,4
2011-11,2011-12,2011,development_material_state_certificate,cloudridge_trend_sideways,sideways,low,2011-11-01,2011-11-30,2011-11-30,22,-0.040798914637,0.0247157670485,0.11592722328,0.0162736777381,0.0181626077884,True,5232,4,1566,4
2011-12,2012-01,2012,development_material_state_certificate,cloudridge_trend_down,down,low,2011-12-01,2011-12-30,2011-12-30,22,-0.161727091324,0.0245543357642,0.11517004344,0.01740891309,0.0179195264115,True,3982,3,1574,3
2012-01,2012-02,2012,development_material_state_certificate,cloudridge_trend_sideways,sideways,high,2012-01-04,2012-01-31,2012-01-31,15,-0.00698766457413,0.0244378597184,0.0946474237063,0.0294733797965,0.0179080154328,True,5354,4,1593,4
2012-02,2012-03,2012,development_material_state_certificate,cloudridge_trend_up,up,low,2012-02-01,2012-02-29,2012-02-29,21,0.123363345691,0.0245220430452,0.11237411845,0.0118258977663,0.0179195264115,True,6986,5,1626,4
2012-03,2012-04,2012,development_material_state_certificate,cloudridge_trend_sideways,sideways,high,2012-03-01,2012-03-30,2012-03-30,22,-0.081367084666,0.0243426418119,0.11417711079,0.0193444717561,0.0179080154328,True,4247,3,1645,3
2012-04,2012-05,2012,development_material_state_certificate,cloudridge_trend_sideways,sideways,low,2012-04-05,2012-04-27,2012-04-27,17,0.0482307817177,0.0242514183969,0.0999911596215,0.0140782599136,0.0179195264115,True,5645,4,1682,4
2012-05,2012-06,2012,development_material_state_certificate,cloudridge_trend_sideways,sideways,low,2012-05-02,2012-05-31,2012-05-31,22,-0.0249648363063,0.0241242857979,0.113152930301,0.0100678665792,0.0179080154328,True,5695,4,1704,4
2012-06,2012-07,2012,development_material_state_certificate,cloudridge_trend_sideways,sideways,low,2012-06-01,2012-06-29,2012-06-29,20,-0.0887957482438,0.023918810736,0.106968173493,0.0127693341486,0.017896504454,True,7337,5,1746,4
2012-07,2012-08,2012,development_material_state_certificate,cloudridge_trend_down,down,low,2012-07-02,2012-07-31,2012-07-31,22,-0.111482902727,0.0237674690905,0.111479311593,0.0152029859638,0.0178717659763,True,5950,4,1766,4
2012-08,2012-09,2012,development_material_state_certificate,cloudridge_trend_sideways,sideways,low,2012-08-01,2012-08-31,2012-08-31,23,0.0178605179734,0.0236366698787,0.113357486511,0.0132105893231,0.0178470274985,True,6083,4,1793,4
2012-09,2012-10,2012,development_material_state_certificate,cloudridge_trend_sideways,sideways,low,2012-09-03,2012-09-28,2012-09-28,20,0.00552939318374,0.0234722133962,0.104970929473,0.0174745714315,0.0177745794151,True,6177,4,1811,4
2012-10,2012-11,2012,development_material_state_certificate,cloudridge_trend_sideways,sideways,low,2012-10-08,2012-10-31,2012-10-31,18,-0.00526713674032,0.023381713396,0.0992002085886,0.0114730889279,0.0177021313317,True,6327,4,1841,4
2012-11,2012-12,2012,development_material_state_certificate,cloudridge_trend_down,down,low,2012-11-01,2012-11-30,2012-11-30,22,-0.119929449109,0.0232451323847,0.109029335276,0.0141742361815,0.0175885941387,True,8042,5,1854,4
2012-12,2013-01,2013,development_material_state_certificate,cloudridge_trend_up,up,low,2012-12-03,2012-12-31,2012-12-31,21,0.157740573759,0.023119706008,0.105947802827,0.0163199596146,0.0174750569456,True,6532,4,1861,4
2013-01,2013-02,2013,development_material_state_certificate,cloudridge_trend_sideways,sideways,low,2013-01-04,2013-01-31,2013-01-31,20,0.0618094822009,0.0230438307184,0.103055143897,0.0147983426853,0.0174748141886,True,5006,3,1867,3
2013-02,2013-03,2013,development_material_state_certificate,cloudridge_trend_sideways,sideways,low,2013-02-01,2013-02-28,2013-02-28,15,0.0390657018912,0.0229384983219,0.0888404219876,0.0120792246443,0.0174745714315,True,6859,4,1884,4
2013-03,2013-04,2013,development_material_state_certificate,cloudridge_trend_sideways,sideways,low,2013-03-01,2013-03-29,2013-03-29,21,-0.0396249815945,0.0228413066199,0.104672016558,0.015812394961,0.0174421752756,True,5273,3,1879,3
2013-04,2013-05,2013,development_material_state_certificate,cloudridge_trend_sideways,sideways,low,2013-04-01,2013-04-26,2013-04-26,18,-0.0367783772961,0.0227436867506,0.0964932907831,0.0134687087563,0.0174097791197,True,8937,5,1892,4
2013-05,2013-06,2013,development_material_state_certificate,cloudridge_trend_sideways,sideways,low,2013-05-02,2013-05-31,2013-05-31,22,0.103638203933,0.0226412109545,0.106196692682,0.00948453642092,0.0174093461049,True,5354,3,1884,3
2013-06,2013-07,2013,development_material_state_certificate,cloudridge_trend_down,down,high,2013-06-03,2013-06-28,2013-06-28,17,-0.195604997131,0.0224939324105,0.092744859264,0.0196869461932,0.01740891309,True,8900,5,1897,4
2013-07,2013-08,2013,development_material_state_certificate,cloudridge_trend_sideways,sideways,low,2013-07-01,2013-07-31,2013-07-31,23,0.0599031700904,0.0224950871166,0.107882647914,0.0174049764687,0.0174093461049,True,7125,4,1891,4
2013-08,2013-09,2013,development_material_state_certificate,cloudridge_trend_sideways,sideways,low,2013-08-01,2013-08-30,2013-08-30,22,0.0774571517646,0.0224217799514,0.105167470047,0.0119091693731,0.01740891309,True,7125,4,1892,4
2013-09,2013-10,2013,development_material_state_certificate,cloudridge_trend_sideways,sideways,low,2013-09-02,2013-09-30,2013-09-30,19,0.0470418112876,0.0222981365338,0.0971953237801,0.0092453849014,0.0174069447794,True,7094,4,1890,4
2013-10,2013-11,2013,development_material_state_certificate,cloudridge_trend_sideways,sideways,low,2013-10-08,2013-10-31,2013-10-31,18,-0.0226831356219,0.0221743517544,0.0940778069636,0.0154698581115,0.0174049764687,True,7067,4,1872,4
2013-11,2013-12,2013,development_material_state_certificate,cloudridge_trend_sideways,sideways,low,2013-11-01,2013-11-29,2013-11-29,21,0.0881591346651,0.0221018672486,0.101283479666,0.010962407831,0.0169031381023,True,7027,4,1869,4
2013-12,2014-01,2014,development_material_state_certificate,cloudridge_trend_sideways,sideways,low,2013-12-02,2013-12-31,2013-12-31,22,-0.0224233530038,0.0219861842755,0.103124345224,0.0162414914594,0.0164012997359,True,6954,4,1844,4
2014-01,2014-02,2014,development_material_state_certificate,cloudridge_trend_sideways,sideways,low,2014-01-02,2014-01-30,2014-01-30,21,0.016559987239,0.0219106646255,0.100407279173,0.0132595968417,0.0163606296753,True,6869,4,1828,4
2014-02,2014-03,2014,development_material_state_certificate,cloudridge_trend_sideways,sideways,high,2014-02-07,2014-02-28,2014-02-28,16,0.0323910761672,0.0218119769255,0.0872479077019,0.0176525232073,0.0163199596146,True,6757,4,1802,4
2014-03,2014-04,2014,development_material_state_certificate,cloudridge_trend_sideways,sideways,low,2014-03-03,2014-03-31,2014-03-31,21,-0.0282078359904,0.0217728715096,0.0997758317895,0.0151021352526,0.0163606296753,True,6573,4,1757,4
2014-04,2014-05,2014,development_material_state_certificate,cloudridge_trend_sideways,sideways,low,2014-04-01,2014-04-30,2014-04-30,21,-0.0285728356931,0.0216946369388,0.0994173159468,0.0125138017769,0.0163199596146,True,6440,4,1719,4
2014-05,2014-06,2014,development_material_state_certificate,cloudridge_trend_sideways,sideways,low,2014-05-05,2014-05-30,2014-05-30,20,0.00118990930425,0.0215956172836,0.0965785365242,0.0108538402376,0.0162968186764,True,6326,4,1697,4
2014-06,2014-07,2014,development_material_state_certificate,cloudridge_trend_sideways,sideways,low,2014-06-03,2014-06-30,2014-06-30,20,0.0271492514164,0.0214914727992,0.096112788231,0.0108313486643,0.0162736777381,True,7762,5,1666,4
2014-07,2014-08,2014,development_material_state_certificate,cloudridge_trend_sideways,sideways,low,2014-07-01,2014-07-31,2014-07-31,23,0.0648324342507,0.0213901072081,0.102583350436,0.00825739330888,0.0162575845987,True,6093,4,1635,4
2014-08,2014-09,2014,development_material_state_certificate,cloudridge_trend_sideways,sideways,low,2014-08-01,2014-08-29,2014-08-29,21,0.0520696979221,0.0212617399305,0.0974335326381,0.00984729626364,0.0162414914594,True,5948,4,1602,4
2014-09,2014-10,2014,development_material_state_certificate,cloudridge_trend_up,up,low,2014-09-01,2014-09-30,2014-09-30,21,0.126064618553,0.0211552372494,0.0969454760401,0.0118782892497,0.0160728354122,True,5769,4,1559,4
2014-10,2014-11,2014,development_material_state_certificate,cloudridge_trend_sideways,sideways,low,2014-10-08,2014-10-31,2014-10-31,18,0.0154504852769,0.0210737110879,0.0894081840902,0.0118684564107,0.015904179365,True,5649,4,1530,4
2014-11,2014-12,2014,development_material_state_certificate,cloudridge_trend_sideways,sideways,low,2014-11-03,2014-11-28,2014-11-28,20,0.0587666427309,0.0209956038999,0.0938951950979,0.011966237118,0.015858287163,True,5491,4,1507,4
2014-12,2015-01,2015,development_material_state_certificate,cloudridge_trend_sideways,sideways,high,2014-12-01,2014-12-31,2014-12-31,23,-0.0436450735275,0.0209134628285,0.100297444294,0.020985229268,0.015812394961,True,5363,4,1469,4
2015-01,2015-02,2015,development_material_state_certificate,cloudridge_trend_sideways,sideways,high,2015-01-05,2015-01-30,2015-01-30,20,0.0801316683593,0.0209155047577,0.0935369808438,0.0162743773926,0.015858287163,True,3936,3,1423,3
2015-02,2015-03,2015,development_material_state_certificate,cloudridge_trend_sideways,sideways,low,2015-02-02,2015-02-27,2015-02-27,15,0.0773640294434,0.0208720721569,0.0808371878645,0.0109858000928,0.015904179365,True,6405,5,1425,4
2015-03,2015-04,2015,development_material_state_certificate,cloudridge_trend_up,up,low,2015-03-02,2015-03-31,2015-03-31,22,0.211256372347,0.020812279694,0.0976182446748,0.0114669356398,0.015858287163,True,4959,4,1396,4
2015-04,2015-05,2015,development_material_state_certificate,cloudridge_trend_up,up,high,2015-04-01,2015-04-30,2015-04-30,21,0.130687848359,0.020748792964,0.0950829143365,0.0226067897358,0.015812394961,True,4730,4,1329,4
2015-05,2015-06,2015,development_material_state_certificate,cloudridge_trend_up,up,high,2015-05-04,2015-05-29,2015-05-29,20,0.193094927506,0.0207821878609,0.0929407695561,0.0281076715237,0.015858287163,True,4374,4,1245,4
2015-06,2015-07,2015,development_material_state_certificate,cloudridge_trend_down,down,high,2015-06-01,2015-06-30,2015-06-30,21,-0.145181284689,0.020901453027,0.0957824906309,0.0445584264502,0.015904179365,True,4703,5,1142,4
2015-07,2015-08,2015,development_material_state_certificate,cloudridge_trend_down,down,high,2015-07-01,2015-07-31,2015-07-31,23,-0.175133343532,0.0213389874093,0.102338188493,0.0646590336826,0.0160728354122,True,3521,4,1056,4
2015-08,2015-09,2015,development_material_state_certificate,cloudridge_trend_down,down,high,2015-08-03,2015-08-31,2015-08-31,21,-0.156818082966,0.0224198848584,0.102740819436,0.0553361207521,0.0162414914594,True,3512,4,1039,4
2015-09,2015-10,2015,development_material_state_certificate,cloudridge_trend_sideways,sideways,high,2015-09-01,2015-09-30,2015-09-30,20,-0.0373843373493,0.0230685596744,0.10316573515,0.0457106858236,0.0162575845987,True,2531,3,1014,3
2015-10,2015-11,2015,development_material_state_certificate,cloudridge_trend_up,up,high,2015-10-08,2015-10-30,2015-10-30,17,0.208504298255,0.0234253264239,0.0965850951604,0.0312190045165,0.0162736777381,True,3476,4,1033,4
2015-11,2015-12,2015,development_material_state_certificate,cloudridge_trend_sideways,sideways,high,2015-11-02,2015-11-30,2015-11-30,21,0.0949074182799,0.0235348817717,0.10785037719,0.0262044492128,0.0162740275654,True,4493,5,1064,4
2015-12,2016-01,2016,development_material_state_certificate,cloudridge_trend_sideways,sideways,low,2015-12-01,2015-12-31,2015-12-31,23,0.0680957026915,0.023570156728,0.113038500646,0.0149971524368,0.0162743773926,True,3621,4,1069,4
2016-01,2016-02,2016,development_material_state_certificate,cloudridge_trend_down,down,high,2016-01-04,2016-01-29,2016-01-29,20,-0.359343166626,0.0234889248373,0.105045665309,0.0468945701931,0.0162740275654,True,2677,3,1069,3
2016-02,2016-03,2016,development_material_state_certificate,cloudridge_trend_sideways,sideways,high,2016-02-01,2016-02-29,2016-02-29,16,-0.0203062004228,0.0239132361038,0.0956529444153,0.0340723232953,0.0162743773926,True,4685,5,1111,4
2016-03,2016-04,2016,development_material_state_certificate,cloudridge_trend_up,up,high,2016-03-01,2016-03-31,2016-03-31,23,0.186766633829,0.0240128875794,0.115161763219,0.0245107770272,0.0162971685036,True,3725,4,1102,4
2016-04,2016-05,2016,development_material_state_certificate,cloudridge_trend_sideways,sideways,high,2016-04-01,2016-04-29,2016-04-29,20,-0.014819768828,0.0240342258337,0.107484325501,0.0175150834704,0.0163199596146,True,3808,4,1111,4
2016-05,2016-06,2016,development_material_state_certificate,cloudridge_trend_sideways,sideways,high,2016-05-03,2016-05-31,2016-05-31,21,-0.0484069296789,0.023978568382,0.109883604667,0.0210600075869,0.0163606296753,True,4185,4,1138,4
2016-06,2016-07,2016,development_material_state_certificate,cloudridge_trend_sideways,sideways,high,2016-06-01,2016-06-30,2016-06-30,20,0.0288712967902,0.0239515971254,0.107114798684,0.0170827178509,0.0164012997359,True,4364,4,1196,4
2016-07,2016-08,2016,development_material_state_certificate,cloudridge_trend_sideways,sideways,low,2016-07-01,2016-07-29,2016-07-29,21,-0.0146178051574,0.023894867373,0.109500038458,0.0131277768035,0.0167420087934,True,5903,5,1316,4
2016-08,2016-09,2016,development_material_state_certificate,cloudridge_trend_sideways,sideways,low,2016-08-01,2016-08-31,2016-08-31,23,0.0465133122506,0.0238107922326,0.114192547984,0.00909133272713,0.0164012997359,True,5104,4,1410,4
2016-09,2016-10,2016,development_material_state_certificate,cloudridge_trend_sideways,sideways,low,2016-09-01,2016-09-30,2016-09-30,20,-0.012046967059,0.0237003852338,0.105991344951,0.0109914655808,0.0163606296753,True,4016,3,1445,3
2016-10,2016-11,2016,development_material_state_certificate,cloudridge_trend_sideways,sideways,low,2016-10-10,2016-10-31,2016-10-31,16,0.0315413217676,0.0236128579664,0.0944514318656,0.00800583366082,0.0163199596146,True,5551,4,1522,4
2016-11,2016-12,2016,development_material_state_certificate,cloudridge_trend_sideways,sideways,low,2016-11-01,2016-11-30,2016-11-30,22,0.0322755501952,0.0235352718507,0.11039021,0.00702299851375,0.0162971685036,True,7169,5,1578,4
2016-12,2017-01,2017,development_listing_not_pass_evidence,cloudridge_trend_sideways,sideways,low,2016-12-01,2016-12-30,2016-12-30,22,-0.0572099840832,0.0234264883612,0.109879970207,0.0141104376711,0.0162743773926,True,4422,3,1600,3
2017-01,2017-02,2017,development_listing_not_pass_evidence,cloudridge_trend_sideways,sideways,low,2017-01-03,2017-01-26,2017-01-26,18,-0.0252216306116,0.0233528590808,0.0990777900968,0.0138233832989,0.0162740275654,True,6073,4,1656,4
2017-02,2017-03,2017,development_listing_not_pass_evidence,cloudridge_trend_sideways,sideways,low,2017-02-03,2017-02-28,2017-02-28,18,0.0432365540095,0.0232912423269,0.0988163723497,0.00673426999535,0.0162736777381,True,7907,5,1724,4
2017-03,2017-04,2017,development_listing_not_pass_evidence,cloudridge_trend_sideways,sideways,low,2017-03-01,2017-03-31,2017-03-31,23,-0.022012878065,0.0232056047745,0.111290170895,0.00773954840052,0.0162575845987,True,4848,3,1748,3
2017-04,2017-05,2017,development_listing_not_pass_evidence,cloudridge_trend_sideways,sideways,low,2017-04-05,2017-04-28,2017-04-28,18,-0.070061779082,0.0231000049788,0.0980050209956,0.0125747670298,0.0162414914594,True,6558,4,1767,4
2017-05,2017-06,2017,development_listing_not_pass_evidence,cloudridge_trend_down,down,low,2017-05-02,2017-05-31,2017-05-31,20,-0.103428332382,0.0230380031557,0.103029082244,0.0129393543228,0.0160728354122,True,8426,5,1822,4
2017-06,2017-07,2017,development_listing_not_pass_evidence,cloudridge_trend_sideways,sideways,low,2017-06-01,2017-06-30,2017-06-30,22,0.0181005421409,0.0229740055447,0.107757637673,0.0124492023176,0.015904179365,True,6877,4,1858,4
2017-07,2017-08,2017,development_listing_not_pass_evidence,cloudridge_trend_sideways,sideways,low,2017-07-03,2017-07-31,2017-07-31,21,-0.0135779444605,0.0228966020699,0.104925412143,0.0154822609451,0.015858287163,True,7029,4,1884,4
2017-08,2017-09,2017,development_listing_not_pass_evidence,cloudridge_trend_sideways,sideways,low,2017-08-01,2017-08-31,2017-08-31,23,0.0406671112968,0.0228405413786,0.109539388353,0.00881749180612,0.015812394961,True,9037,5,1944,4
2017-09,2017-10,2017,development_listing_not_pass_evidence,cloudridge_trend_sideways,sideways,low,2017-09-01,2017-09-29,2017-09-29,21,0.0140722296887,0.0227458874157,0.104234750832,0.00694407083568,0.0157835264023,True,5534,3,1964,3
2017-10,2017-11,2017,development_listing_not_pass_evidence,cloudridge_trend_sideways,sideways,low,2017-10-09,2017-10-31,2017-10-31,17,-0.0263929490906,0.0226544416823,0.0934066559457,0.0119056120562,0.0157546578436,True,7477,4,1993,4
2017-11,2017-12,2017,development_listing_not_pass_evidence,cloudridge_trend_sideways,sideways,low,2017-11-01,2017-11-30,2017-11-30,22,-0.0749457376472,0.0225963914625,0.105986470631,0.011842668035,0.0156480864751,True,9470,5,2038,4
2017-12,2018-01,2018,consumed_repeat_comparison_no_retune,cloudridge_trend_sideways,sideways,low,2017-12-01,2017-12-29,2017-12-29,21,-0.0178355286225,0.022523816598,0.103217094499,0.0110742127238,0.0155415151065,True,7745,4,2066,4
2018-01,2018-02,2018,consumed_repeat_comparison_no_retune,cloudridge_trend_sideways,sideways,low,2018-01-02,2018-01-31,2018-01-31,22,-0.0334315379386,0.0224500614362,0.105300121969,0.0103127565958,0.0155118880258,True,5792,3,2063,3
2018-02,2018-03,2018,consumed_repeat_comparison_no_retune,cloudridge_trend_sideways,sideways,high,2018-02-01,2018-02-28,2018-02-28,15,-0.0431554647681,0.0223709384074,0.086642271891,0.0247099788369,0.0154822609451,True,7937,4,2125,4
2018-03,2018-04,2018,consumed_repeat_comparison_no_retune,cloudridge_trend_sideways,sideways,high,2018-03-01,2018-03-30,2018-03-30,22,0.0611554265145,0.0223869845682,0.105004265234,0.0177042859696,0.0155118880258,True,8145,4,2177,4
2018-04,2018-05,2018,consumed_repeat_comparison_no_retune,cloudridge_trend_sideways,sideways,low,2018-04-02,2018-04-27,2018-04-27,18,-0.0445772732117,0.0223514761242,0.0948292820219,0.0129124181795,0.0155415151065,True,8329,4,2213,4
2018-05,2018-06,2018,consumed_repeat_comparison_no_retune,cloudridge_trend_sideways,sideways,low,2018-05-02,2018-05-31,2018-05-31,22,-0.0343212625057,0.022298932385,0.104591263886,0.0137859491652,0.0155118880258,True,8452,4,2250,4
2018-06,2018-07,2018,consumed_repeat_comparison_no_retune,cloudridge_trend_down,down,high,2018-06-01,2018-06-29,2018-06-29,20,-0.134992312222,0.0222394025193,0.0994576316243,0.0227213925119,0.0154822609451,True,10946,5,2316,4
2018-07,2018-08,2018,consumed_repeat_comparison_no_retune,cloudridge_trend_sideways,sideways,low,2018-07-02,2018-07-31,2018-07-31,22,-0.00164698993035,0.0222510604495,0.104366724605,0.015098168819,0.0155118880258,True,9027,4,2366,4
2018-08,2018-09,2018,consumed_repeat_comparison_no_retune,cloudridge_trend_sideways,sideways,low,2018-08-01,2018-08-31,2018-08-31,23,-0.0824244796537,0.0221996519998,0.106465790867,0.0147550727275,0.0154822609451,True,9267,4,2423,4
2018-09,2018-10,2018,consumed_repeat_comparison_no_retune,cloudridge_trend_sideways,sideways,low,2018-09-03,2018-09-28,2018-09-28,19,-0.00697492582196,0.0221470609767,0.0965368006939,0.0112233745091,0.0154760595283,True,9492,4,2476,4
2018-10,2018-11,2018,consumed_repeat_comparison_no_retune,cloudridge_trend_down,down,high,2018-10-08,2018-10-31,2018-10-31,18,-0.0953076829581,0.0220871703509,0.0937079275941,0.0267969357399,0.0154698581115,True,9752,4,2530,4
2018-11,2018-12,2018,consumed_repeat_comparison_no_retune,cloudridge_trend_sideways,sideways,high,2018-11-01,2018-11-30,2018-11-30,22,0.0596625738429,0.0221268638512,0.103784190923,0.0172873823338,0.0154760595283,True,10029,4,2604,4
2018-12,2019-01,2019,consumed_repeat_comparison_no_retune,cloudridge_trend_sideways,sideways,low,2018-12-03,2018-12-28,2018-12-28,20,-0.0396563165112,0.0220926568708,0.0988013651332,0.0126174069054,0.0154822609451,True,12983,5,2684,4
2019-01,2019-02,2019,consumed_repeat_comparison_no_retune,cloudridge_trend_sideways,sideways,low,2019-01-02,2019-01-31,2019-01-31,22,-0.0105403458868,0.0220374794088,0.103364940726,0.011142842666,0.0154760595283,True,7981,3,2726,3
2019-02,2019-03,2019,consumed_repeat_comparison_no_retune,cloudridge_trend_up,up,high,2019-02-01,2019-02-28,2019-02-28,15,0.199986482809,0.0219704681742,0.0850912573472,0.0155041633277,0.0154698581115,True,10823,4,2787,4
2019-03,2019-04,2019,consumed_repeat_comparison_no_retune,cloudridge_trend_up,up,high,2019-03-01,2019-03-29,2019-03-29,21,0.103348806524,0.0219627763327,0.100646085016,0.0211765500378,0.0154760595283,True,11016,4,2833,4
2019-04,2019-05,2019,consumed_repeat_comparison_no_retune,cloudridge_trend_sideways,sideways,high,2019-04-01,2019-04-30,2019-04-30,21,-0.0393599496697,0.021961207343,0.100638895002,0.017361970052,0.0154822609451,True,11246,4,2895,4
2019-05,2019-06,2019,consumed_repeat_comparison_no_retune,cloudridge_trend_sideways,sideways,high,2019-05-06,2019-05-31,2019-05-31,20,-0.0643181055871,0.021930346852,0.0980754926625,0.0236836587331,0.0154932121364,True,11440,4,2949,4
2019-06,2019-07,2019,consumed_repeat_comparison_no_retune,cloudridge_trend_sideways,sideways,low,2019-06-03,2019-06-28,2019-06-28,19,-0.00271883010287,0.0219451102612,0.0956565179333,0.0146437390526,0.0155041633277,True,11644,4,3012,4
2019-07,2019-08,2019,consumed_repeat_comparison_no_retune,cloudridge_trend_sideways,sideways,low,2019-07-01,2019-07-31,2019-07-31,23,-0.020218518036,0.0219036502241,0.10504621622,0.012985533024,0.0154932121364,True,14887,5,3088,4
2019-08,2019-09,2019,consumed_repeat_comparison_no_retune,cloudridge_trend_sideways,sideways,low,2019-08-01,2019-08-30,2019-08-30,22,-0.0147135086517,0.0218456562753,0.102465210477,0.0126764271524,0.0154822609451,True,12176,4,3141,4
2019-09,2019-10,2019,consumed_repeat_comparison_no_retune,cloudridge_trend_sideways,sideways,low,2019-09-02,2019-09-30,2019-09-30,20,0.0176465679325,0.0217894592736,0.0974454242576,0.0130821253494,0.0154760595283,True,9265,3,3172,3
2019-10,2019-11,2019,consumed_repeat_comparison_no_retune,cloudridge_trend_sideways,sideways,low,2019-10-08,2019-10-31,2019-10-31,18,0.00088068582305,0.0217407842399,0.0922383357862,0.0101326012078,0.0154698581115,True,15638,5,3221,4
2019-11,2019-12,2019,consumed_repeat_comparison_no_retune,cloudridge_trend_sideways,sideways,low,2019-11-01,2019-11-29,2019-11-29,21,-0.0191358094748,0.0216874469875,0.0993843674505,0.00873946949044,0.0153364220376,True,12672,4,3264,4
2019-12,2020-01,2020,consumed_repeat_comparison_no_retune,cloudridge_trend_sideways,sideways,low,2019-12-02,2019-12-31,2019-12-31,22,0.0846111313866,0.0216215946002,0.101414268065,0.00840197154929,0.0152029859638,True,9595,3,3284,3
2020-01,2020-02,2020,consumed_repeat_comparison_no_retune,cloudridge_trend_sideways,sideways,low,2020-01-02,2020-01-23,2020-01-23,16,0.0106115871556,0.0215549877128,0.0862199508513,0.0128899680434,0.0151525606082,True,12963,4,3325,4
2020-02,2020-03,2020,consumed_repeat_comparison_no_retune,cloudridge_trend_sideways,sideways,high,2020-02-03,2020-02-28,2020-02-28,20,0.00717242386003,0.0215172672331,0.0962281444465,0.0293347032009,0.0151021352526,True,16333,5,3339,4
2020-03,2020-04,2020,consumed_repeat_comparison_no_retune,cloudridge_trend_sideways,sideways,high,2020-03-02,2020-03-31,2020-03-31,22,-0.0387301938423,0.0215797471866,0.101217986297,0.021533071818,0.0151525606082,True,13119,4,3354,4
2020-04,2020-05,2020,consumed_repeat_comparison_no_retune,cloudridge_trend_sideways,sideways,low,2020-04-01,2020-04-30,2020-04-30,21,0.0270354146078,0.0215798919125,0.0988914881779,0.0137771168661,0.0152029859638,True,9873,3,3354,3
2020-05,2020-06,2020,consumed_repeat_comparison_no_retune,cloudridge_trend_sideways,sideways,low,2020-05-06,2020-05-29,2020-05-29,18,0.0103543933126,0.0215353561224,0.0913667780965,0.00917793594398,0.0151525606082,True,13162,4,3366,4
2020-06,2020-07,2020,consumed_repeat_comparison_no_retune,cloudridge_trend_sideways,sideways,low,2020-06-01,2020-06-30,2020-06-30,20,0.0514694078742,0.0214827399778,0.0960737338664,0.00807784920703,0.0151021352526,True,16478,5,3379,4
2020-07,2020-08,2020,consumed_repeat_comparison_no_retune,cloudridge_trend_up,up,high,2020-07-01,2020-07-31,2020-07-31,23,0.121691451204,0.0214229403893,0.102740812841,0.021054129765,0.0151001520358,True,13234,4,3389,4
2020-08,2020-09,2020,consumed_repeat_comparison_no_retune,cloudridge_trend_sideways,sideways,low,2020-08-03,2020-08-31,2020-08-31,21,0.039857378631,0.0214251518527,0.0981823801409,0.012407630174,0.0151021352526,True,16584,5,3403,4
2020-09,2020-10,2020,consumed_repeat_comparison_no_retune,cloudridge_trend_sideways,sideways,low,2020-09-01,2020-09-30,2020-09-30,22,-0.0659766453581,0.0213771105268,0.100267536114,0.0144737564662,0.0151001520358,True,10053,3,3435,3
2020-10,2020-11,2020,consumed_repeat_comparison_no_retune,cloudridge_trend_sideways,sideways,low,2020-10-09,2020-10-30,2020-10-30,16,0.00346675855392,0.0213374952014,0.0853499808057,0.0138481127906,0.015098168819,True,13474,4,3450,4
2020-11,2020-12,2020,consumed_repeat_comparison_no_retune,cloudridge_trend_sideways,sideways,low,2020-11-02,2020-11-30,2020-11-30,21,0.0310147294077,0.0213057807966,0.0976353532404,0.00948045607053,0.0150476606279,True,16894,5,3463,4
2020-12,2021-01,2021,consumed_repeat_comparison_no_retune,cloudridge_trend_sideways,sideways,low,2020-12-01,2020-12-31,2020-12-31,23,-0.0355827328938,0.0212488756028,0.101906027451,0.0105139833526,0.0149971524368,False,0,0,0,0
2021-01,2021-02,2021,consumed_repeat_comparison_no_retune,cloudridge_trend_sideways,sideways,low,2021-01-04,2021-01-29,2021-01-29,20,-0.0624927750532,0.0211908229712,0.0947682413254,0.0118363211965,0.0148977475611,False,0,0,0,0
2021-02,2021-03,2021,consumed_repeat_comparison_no_retune,cloudridge_trend_sideways,sideways,low,2021-02-01,2021-02-26,2021-02-26,15,0.0354906490337,0.0211463696487,0.081899537482,0.0135251574703,0.0147983426853,False,0,0,0,0
2021-03,2021-04,2021,consumed_repeat_comparison_no_retune,cloudridge_trend_sideways,sideways,low,2021-03-01,2021-03-31,2021-03-31,23,0.0164874937765,0.0211176626186,0.101276752085,0.0116852663729,0.0147767077064,False,0,0,0,0
2021-04,2021-05,2021,consumed_repeat_comparison_no_retune,cloudridge_trend_sideways,sideways,low,2021-04-01,2021-04-30,2021-04-30,21,-0.00279074675239,0.0210653457044,0.0965335412309,0.00786493367454,0.0147550727275,False,0,0,0,0
2021-05,2021-06,2021,consumed_repeat_comparison_no_retune,cloudridge_trend_sideways,sideways,low,2021-05-06,2021-05-31,2021-05-31,18,0.0499842833993,0.0210065145338,0.0891230932558,0.00600134330335,0.014750728369,False,0,0,0,0
2021-06,2021-07,2021,consumed_repeat_comparison_no_retune,cloudridge_trend_sideways,sideways,low,2021-06-01,2021-06-30,2021-06-30,21,0.0215835081659,0.0209541778669,0.0960241062007,0.00653353073048,0.0147463840104,False,0,0,0,0
2021-07,2021-08,2021,consumed_repeat_comparison_no_retune,cloudridge_trend_sideways,sideways,low,2021-07-01,2021-07-30,2021-07-30,22,1.44206026794e-05,0.0208936756228,0.098000025422,0.0119464829438,0.0147128407897,False,0,0,0,0
2021-08,2021-09,2021,consumed_repeat_comparison_no_retune,cloudridge_trend_sideways,sideways,low,2021-08-02,2021-08-31,2021-08-31,22,0.0653383902937,0.0208467605723,0.0977799743296,0.0100497205428,0.0146792975689,False,0,0,0,0
2021-09,2021-10,2021,consumed_repeat_comparison_no_retune,cloudridge_trend_sideways,sideways,low,2021-09-01,2021-09-30,2021-09-30,20,-0.0181535072093,0.0207951129505,0.0929985723143,0.0129603146523,0.0146615183107,False,0,0,0,0
2021-10,2021-11,2021,consumed_repeat_comparison_no_retune,cloudridge_trend_sideways,sideways,low,2021-10-08,2021-10-29,2021-10-29,16,-0.0220136893512,0.0207571595085,0.0830286380341,0.0104281722336,0.0146437390526,False,0,0,0,0
2021-11,2021-12,2021,consumed_repeat_comparison_no_retune,cloudridge_trend_up,up,low,2021-11-01,2021-11-30,2021-11-30,22,0.104605158102,0.0207203899275,0.0971872434656,0.00752763614061,0.0145871637388,False,0,0,0,0
2021-12,2022-01,2022,consumed_repeat_comparison_no_retune,cloudridge_trend_sideways,sideways,low,2021-12-01,2021-12-31,2021-12-31,23,0.0337739272845,0.0206653102621,0.0991073463941,0.00888489697049,0.014530588425,False,0,0,0,0
2022-01,2022-02,2022,consumed_repeat_comparison_no_retune,cloudridge_trend_down,down,high,2022-01-04,2022-01-28,2022-01-28,19,-0.0913079198806,0.0206086528505,0.0898310351377,0.0161486493122,0.0145021724456,False,0,0,0,0
2022-02,2022-03,2022,consumed_repeat_comparison_no_retune,cloudridge_trend_sideways,sideways,low,2022-02-07,2022-02-28,2022-02-28,16,0.0445883576034,0.0205897273341,0.0823589093364,0.0123208405865,0.014530588425,False,0,0,0,0
2022-03,2022-04,2022,consumed_repeat_comparison_no_retune,cloudridge_trend_sideways,sideways,high,2022-03-01,2022-03-31,2022-03-31,23,-0.0546375392929,0.0205598171052,0.0986014189868,0.0180973554497,0.0145021724456,False,0,0,0,0
2022-04,2022-05,2022,consumed_repeat_comparison_no_retune,cloudridge_trend_down,down,high,2022-04-01,2022-04-29,2022-04-29,19,-0.159693162398,0.02054536722,0.08955517947,0.0267013524549,0.014530588425,False,0,0,0,0
2022-05,2022-06,2022,consumed_repeat_comparison_no_retune,cloudridge_trend_up,up,low,2022-05-05,2022-05-31,2022-05-31,19,0.0954438493438,0.0205933272584,0.0897642324305,0.0130091422422,0.0145871637388,False,0,0,0,0
2022-06,2022-07,2022,consumed_repeat_comparison_no_retune,cloudridge_trend_sideways,sideways,low,2022-06-01,2022-06-30,2022-06-30,21,0.070278082177,0.0205630545351,0.0942317539264,0.0116317592137,0.014530588425,False,0,0,0,0
2022-07,2022-08,2022,consumed_repeat_comparison_no_retune,cloudridge_trend_sideways,sideways,low,2022-07-01,2022-07-29,2022-07-29,21,0.027018637974,0.0205229265134,0.0940478642296,0.0104213919024,0.0145021724456,False,0,0,0,0
2022-08,2022-09,2022,consumed_repeat_comparison_no_retune,cloudridge_trend_sideways,sideways,low,2022-08-01,2022-08-31,2022-08-31,23,-0.0301927224038,0.0204779551029,0.0982088226157,0.0137493074748,0.0144737564662,False,0,0,0,0
2022-09,2022-10,2022,consumed_repeat_comparison_no_retune,cloudridge_trend_sideways,sideways,low,2022-09-01,2022-09-30,2022-09-30,21,-0.0931148197605,0.0204419272773,0.093676679099,0.0136578956242,0.0143239963239,False,0,0,0,0
2022-10,2022-11,2022,consumed_repeat_comparison_no_retune,cloudridge_trend_sideways,sideways,high,2022-10-10,2022-10-31,2022-10-31,16,0.0374659568964,0.0204115968383,0.0816463873533,0.0162288286543,0.0141742361815,False,0,0,0,0
2022-11,2022-12,2022,consumed_repeat_comparison_no_retune,cloudridge_trend_sideways,sideways,low,2022-11-01,2022-11-30,2022-11-30,22,0.0739419725506,0.0203955103592,0.0956634232186,0.00983137053188,0.0143239963239,False,0,0,0,0
2022-12,2023-01,2023,consumed_repeat_comparison_no_retune,cloudridge_trend_sideways,sideways,low,2022-12-01,2022-12-30,2022-12-30,22,-0.0350393066999,0.0203496008035,0.0954480883147,0.00838400569437,0.0141742361815,False,0,0,0,0
2023-01,2023-02,2023,consumed_repeat_comparison_no_retune,cloudridge_trend_up,up,low,2023-01-03,2023-01-31,2023-01-31,16,0.0838795290576,0.0202989508266,0.0811958033062,0.00671534634129,0.0141423369263,False,0,0,0,0
2023-02,2023-03,2023,consumed_repeat_comparison_no_retune,cloudridge_trend_sideways,sideways,low,2023-02-01,2023-02-28,2023-02-28,20,0.0316291300671,0.0202623516738,0.0906159914532,0.00886435333993,0.0141104376711,False,0,0,0,0
2023-03,2023-04,2023,consumed_repeat_comparison_no_retune,cloudridge_trend_sideways,sideways,low,2023-03-01,2023-03-31,2023-03-31,23,-0.0068345500553,0.0202181215574,0.0969627047071,0.00895905975337,0.0140943487923,False,0,0,0,0
2023-04,2023-05,2023,consumed_repeat_comparison_no_retune,cloudridge_trend_sideways,sideways,low,2023-04-03,2023-04-28,2023-04-28,19,-0.0332481989702,0.0201676438109,0.0879087213009,0.0109821110806,0.0140782599136,False,0,0,0,0
2023-05,2023-06,2023,consumed_repeat_comparison_no_retune,cloudridge_trend_sideways,sideways,low,2023-05-04,2023-05-31,2023-05-31,20,-0.00182685913169,0.0201318255627,0.0900322609385,0.00686498256723,0.0140277231971,False,0,0,0,0
2023-06,2023-07,2023,consumed_repeat_comparison_no_retune,cloudridge_trend_sideways,sideways,low,2023-06-01,2023-06-30,2023-06-30,20,0.013783648928,0.0200842532182,0.0898195109464,0.00954529314368,0.0139771864807,False,0,0,0,0
2023-07,2023-08,2023,consumed_repeat_comparison_no_retune,cloudridge_trend_sideways,sideways,low,2023-07-03,2023-07-31,2023-07-31,21,0.00977924156299,0.0200429604309,0.0918483833255,0.00718770629965,0.0139184195062,False,0,0,0,0
2023-08,2023-09,2023,consumed_repeat_comparison_no_retune,cloudridge_trend_sideways,sideways,low,2023-08-01,2023-08-31,2023-08-31,23,-0.0403656855142,0.0199944759987,0.0958901382865,0.010964713879,0.0138596525317,False,0,0,0,0
2023-09,2023-10,2023,consumed_repeat_comparison_no_retune,cloudridge_trend_sideways,sideways,low,2023-09-01,2023-09-28,2023-09-28,20,-0.00108791795306,0.0199526935175,0.0892311580787,0.00896241350532,0.0138538826612,False,0,0,0,0
2023-10,2023-11,2023,consumed_repeat_comparison_no_retune,cloudridge_trend_sideways,sideways,low,2023-10-09,2023-10-31,2023-10-31,17,-0.0091472408849,0.0199110446104,0.0820953400449,0.0116342458908,0.0138481127906,False,0,0,0,0
2023-11,2023-12,2023,consumed_repeat_comparison_no_retune,cloudridge_trend_sideways,sideways,low,2023-11-01,2023-11-30,2023-11-30,22,0.0484331052312,0.0198820708333,0.0932551783742,0.00765492411767,0.0138357480448,False,0,0,0,0
2023-12,2024-01,2024,consumed_repeat_comparison_no_retune,cloudridge_trend_sideways,sideways,low,2023-12-01,2023-12-29,2023-12-29,21,-0.0171254379847,0.0198345133295,0.0908931587052,0.00996682496956,0.0138233832989,False,0,0,0,0
2024-01,2024-02,2024,consumed_repeat_comparison_no_retune,cloudridge_trend_down,down,high,2024-01-02,2024-01-31,2024-01-31,22,-0.210087296974,0.0197945324488,0.0928445869563,0.0204195800079,0.013804666232,False,0,0,0,0
2024-02,2024-03,2024,consumed_repeat_comparison_no_retune,cloudridge_trend_sideways,sideways,high,2024-02-01,2024-02-29,2024-02-29,15,0.0680382284518,0.0198110833223,0.0767279957774,0.0398368810626,0.0138233832989,False,0,0,0,0
2024-03,2024-04,2024,consumed_repeat_comparison_no_retune,cloudridge_trend_sideways,sideways,high,2024-03-01,2024-03-29,2024-03-29,21,0.0487802823102,0.0199279433559,0.0913213088733,0.0150884677098,0.0138357480448,False,0,0,0,0
2024-04,2024-05,2024,consumed_repeat_comparison_no_retune,cloudridge_trend_sideways,sideways,high,2024-04-01,2024-04-30,2024-04-30,20,-0.0118058366689,0.0199060205252,0.0890224301118,0.0257060154125,0.0138481127906,False,0,0,0,0
2024-05,2024-06,2024,consumed_repeat_comparison_no_retune,cloudridge_trend_sideways,sideways,low,2024-05-06,2024-05-31,2024-05-31,20,-0.0187232215468,0.019939547654,0.0891723679901,0.0116935531694,0.0138538826612,False,0,0,0,0
2024-06,2024-07,2024,consumed_repeat_comparison_no_retune,cloudridge_trend_down,down,high,2024-06-03,2024-06-28,2024-06-28,19,-0.0974624102854,0.0199068130818,0.0867717865114,0.017545877445,0.0138481127906,False,0,0,0,0
2024-07,2024-08,2024,consumed_repeat_comparison_no_retune,cloudridge_trend_sideways,sideways,high,2024-07-01,2024-07-31,2024-07-31,23,0.00817916072831,0.0198994010118,0.0954341746674,0.0157604324806,0.0138538826612,False,0,0,0,0
2024-08,2024-09,2024,consumed_repeat_comparison_no_retune,cloudridge_trend_sideways,sideways,low,2024-08-01,2024-08-30,2024-08-30,22,-0.0345867558264,0.0198782340999,0.0932371824997,0.0117740639095,0.0138596525317,False,0,0,0,0
2024-09,2024-10,2024,consumed_repeat_comparison_no_retune,cloudridge_trend_up,up,high,2024-09-02,2024-09-30,2024-09-30,19,0.216454623174,0.0198434830934,0.0864957374922,0.0293248137766,0.0138538826612,False,0,0,0,0
2024-10,2024-11,2024,consumed_repeat_comparison_no_retune,cloudridge_trend_sideways,sideways,high,2024-10-08,2024-10-31,2024-10-31,18,0.0786752251124,0.0199134787116,0.0844857350038,0.0362153681502,0.0138596525317,False,0,0,0,0
2024-11,2024-12,2024,consumed_repeat_comparison_no_retune,cloudridge_trend_sideways,sideways,high,2024-11-01,2024-11-29,2024-11-29,21,0.0606591107707,0.0200164745978,0.0917270099906,0.0203359338238,0.0139184195062,False,0,0,0,0
2024-12,2025-01,2025,consumed_repeat_comparison_no_retune,cloudridge_trend_sideways,sideways,high,2024-12-02,2024-12-31,2024-12-31,22,-0.0478097329427,0.0200191470223,0.0938981226916,0.016009043128,0.0139771864807,False,0,0,0,0
2025-01,2025-02,2025,consumed_repeat_comparison_no_retune,cloudridge_trend_sideways,sideways,high,2025-01-02,2025-01-27,2025-01-27,18,-0.00902973189976,0.0200005768307,0.0848552610279,0.017253755855,0.0140277231971,False,0,0,0,0
2025-02,2025-03,2025,consumed_repeat_comparison_no_retune,cloudridge_trend_sideways,sideways,high,2025-02-05,2025-02-28,2025-02-28,18,0.0797253098798,0.0199895053113,0.0848082885492,0.0145185441629,0.0140782599136,False,0,0,0,0
2025-03,2025-04,2025,consumed_repeat_comparison_no_retune,cloudridge_trend_sideways,sideways,low,2025-03-03,2025-03-31,2025-03-31,21,0.00831579244196,0.0199711605303,0.0915193548461,0.0100773054944,0.0140943487923,False,0,0,0,0
2025-04,2025-05,2025,consumed_repeat_comparison_no_retune,cloudridge_trend_sideways,sideways,high,2025-04-01,2025-04-30,2025-04-30,21,-0.0156373950266,0.0199338081655,0.0913481848071,0.0304977735725,0.0140782599136,False,0,0,0,0
2025-05,2025-06,2025,consumed_repeat_comparison_no_retune,cloudridge_trend_sideways,sideways,low,2025-05-06,2025-05-30,2025-05-30,19,0.0421099317111,0.0200004675163,0.0871800167272,0.0111577300545,0.0140943487923,False,0,0,0,0
2025-06,2025-07,2025,consumed_repeat_comparison_no_retune,cloudridge_trend_sideways,sideways,low,2025-06-03,2025-06-30,2025-06-30,20,0.0553897970035,0.0199700024489,0.089308565973,0.0100545379513,0.0140782599136,False,0,0,0,0
2025-07,2025-08,2025,consumed_repeat_comparison_no_retune,cloudridge_trend_sideways,sideways,low,2025-07-01,2025-07-31,2025-07-31,23,0.0505115965878,0.019935724874,0.0956083777909,0.00673583477074,0.0140277231971,False,0,0,0,0
2025-08,2025-09,2025,consumed_repeat_comparison_no_retune,cloudridge_trend_sideways,sideways,low,2025-08-01,2025-08-29,2025-08-29,21,0.0849448566767,0.0198887065874,0.0911415034116,0.00994627175604,0.0139771864807,False,0,0,0,0
2025-09,2025-10,2025,consumed_repeat_comparison_no_retune,cloudridge_trend_sideways,sideways,low,2025-09-01,2025-09-30,2025-09-30,22,0.0144846159707,0.0198540894309,0.0931239339639,0.0115046312297,0.0139184195062,False,0,0,0,0
2025-10,2025-11,2025,consumed_repeat_comparison_no_retune,cloudridge_trend_sideways,sideways,low,2025-10-09,2025-10-31,2025-10-31,17,0.0151062898828,0.0198204644706,0.081721868561,0.0107637767162,0.0138596525317,False,0,0,0,0
2025-11,2025-12,2025,consumed_repeat_comparison_no_retune,cloudridge_trend_sideways,sideways,low,2025-11-03,2025-11-28,2025-11-28,20,-0.01064399427,0.0197930703338,0.0885173014997,0.0116399779463,0.0138538826612,False,0,0,0,0
