day_position,STATE_VALUE_PLUS_E_minus_E,F_minus_STATE_VALUE_PLUS_E,BETA_ONLY_minus_H,BETA_RELIABILITY_minus_BETA_ONLY,E_minus_BETA_RELIABILITY,F_minus_E,E_minus_H,F_minus_H,decile_STATE_VALUE_PLUS_E_minus_E,decile_F_minus_STATE_VALUE_PLUS_E,decile_BETA_ONLY_minus_H,decile_BETA_RELIABILITY_minus_BETA_ONLY,decile_E_minus_BETA_RELIABILITY,decile_F_minus_E,decile_E_minus_H,decile_F_minus_H,top30_STATE_VALUE_PLUS_E_minus_E,top30_F_minus_STATE_VALUE_PLUS_E,top30_BETA_ONLY_minus_H,top30_BETA_RELIABILITY_minus_BETA_ONLY,top30_E_minus_BETA_RELIABILITY,top30_F_minus_E,top30_E_minus_H,top30_F_minus_H
2680,0.00087575354129755,-0.0010910780820129,0.00029453056708110027,0.013674237660439351,0.005763768339641651,-0.0002153245407154,0.0197325365671621,0.01951721202644675,0.015856689528752452,-0.00711019428236865,0.0061641390222624505,-0.00240702236073585,-0.00766900735388105,0.00874649524638375,-0.0039118906923544,0.0048346045540293,0.0005541247519432,-0.00455704343524605,-0.0078978121979162,0.00914521718902195,0.0020915654856556,-0.004002918683302901,0.0033389704767614503,-0.0006639482065414004
2685,-0.05450671621439865,0.030016654448393448,0.0935122419950634,-0.025752688490361997,-0.0104492639468899,-0.02449006176600515,0.05731028955781135,0.032820227791806156,-0.013543706716980599,0.0075542242972595,0.0340645123029291,-0.029443985443189352,0.00557745602737,-0.00598948241972105,0.0101979828871097,0.0042085004673887,0.0302674223591263,0.0038087028777227007,-0.011532957875169749,-0.02714666811128455,0.02321960806536175,0.03407612523684895,-0.0154600179210926,0.01861610731575635
2690,-0.0257192091615842,0.009924087813511,0.056833751317637,-0.00844540186334925,-0.0037757835722795506,-0.01579512134807315,0.044612565882008154,0.02881744453393495,-0.005928772118523999,0.003262303950525,0.0198318384030018,-0.0075741609193057495,0.0013016514993203485,-0.002666468167999,0.013559328983016351,0.0108928608150173,0.01156112415774255,0.00310164294205605,-0.00690860128864485,-0.017153146676719147,-0.0044897420642276,0.014662767099798649,-0.0285514900295917,-0.01388872292979305
2695,-0.12408878957441685,0.1285161176419667,0.03037774042392705,-0.0063422426435377,-0.0056581690190481496,0.0044273280675498,0.0183773287613411,0.0228046568288909,-0.0476336567967553,0.048438885033690496,0.0064209852728433995,-0.0132873577389757,0.0059405560612157005,0.0008052282369351725,-0.0009258164049165499,-0.00012058816798135,-0.0278162638495473,0.030884025870056953,-0.01560806027070305,-0.0011117668822407999,0.0023819030572970502,0.0030677620205096998,-0.01433792409564675,-0.01127016207513705
2700,0.01304513348066995,-0.0052164915147082,-0.013197414391838351,-0.01590155072588895,0.02079417996019545,0.00782864196596175,-0.00830478515753195,-0.00047614319157015,0.00922481307915635,-0.0058875567050967,-0.0093902553959562,-0.00372960631636765,0.0034880949591675004,0.0033372563740596,-0.0096317667531563,-0.00629451037909665,-0.01562469746374215,0.0041163303190842,-0.0257708678565298,0.04073185892775645,-0.025985372404102147,-0.01150836714465785,-0.011024381332875501,-0.02253274847753345
2705,0.018749129340474298,-5.1982841221399944e-05,-0.039106769687662246,-0.02686970430843645,0.01766954447421265,0.0186971464992529,-0.04830692952188605,-0.0296097830226331,0.0025001140026449,-0.00237857217174395,0.0006821866202364,-0.010920215600574549,0.0050600489453676,0.0001215418309010001,-0.0051779800349705,-0.0050564382040695,-0.00283620873621355,0.01180772391768795,-0.02806384462552765,0.0226966117275878,-0.0175933100050315,0.00897151518147435,-0.02296054290297125,-0.01398902772149695
2710,-0.0367774534207216,0.08242002877780036,0.0953070251567269,-0.0306166841864883,-0.00511686717573345,0.0456425753570787,0.0595734737945051,0.10521604915158381,0.006555878397721499,0.034577840435502,0.05105110769744575,-0.0220535644737236,0.0043480977207335,0.041133718833223504,0.03334564094445565,0.07447935977767925,-0.027152969731832798,0.06921723077442335,0.0487765311467228,-0.010721311388382001,0.0048568558723976,0.0420642610425905,0.042912075630738344,0.08497633667332895
2715,0.0255889925486633,0.0539606777188372,0.0843487709904987,-0.02942218676793055,-0.0015158639824278002,0.07954967026750055,0.05341072024014025,0.1329603905076409,0.020423454850224,0.015553466197683802,0.03643762179395145,-0.011020904851447449,0.0104528066198466,0.03597692104790785,0.0358695235623506,0.07184644461025849,0.01170404997149795,0.05691818394892225,0.0112144632264971,-0.0055703781777992996,0.01316118590378515,0.06862223392042015,0.018805270952482953,0.0874275048729032
2720,0.008141609729564101,0.08458874147150974,0.13144993084509005,-0.0065615928560918,-0.0278866273752153,0.0927303512010739,0.09700171061378285,0.18973206181485675,0.01931410811864885,0.0240319639626775,0.04947422919002805,-0.007409721717193949,-0.0019500023888972002,0.0433460720813264,0.0401145050839368,0.08346057716526326,0.03865800541025235,0.02538120825023115,0.11711110098597899,-0.027374107336315,-0.01845321525664375,0.06403921366048354,0.07128377839302014,0.13532299205350373
2725,-0.018866820328183848,0.04125084064161885,0.131996447633111,-0.02321392440368305,-0.0135505927069631,0.02238402031343495,0.09523193052246476,0.11761595083589975,0.00723221095688935,0.01647311523963255,0.0648875449845308,-0.0152168189329647,-0.0156347496860464,0.02370532619652195,0.034035976365519596,0.05774130256204155,0.0153496785710255,0.040676884430771054,0.024067437105501653,-0.00526940571144225,-0.01581550847428535,0.05602656300179655,0.002982522919774023,0.05900908592157065
2730,-0.0834572202575604,0.03637446232728875,0.06337140975916936,0.00658858690100405,-0.00872300372331865,-0.047082757930271654,0.06123699293685475,0.0141542350065831,-0.03475395300704275,0.02349116225686325,0.0272725804990308,-0.0005157136023479498,-0.005294984678245101,-0.01126279075017945,0.02146188221843775,0.0101990914682583,-0.0307831235540409,0.02085267932464675,0.01334884887328365,-0.005685230907207899,0.0024529415803651,-0.009930444229394202,0.010116559546440801,0.00018611531704664994
2735,-0.00972711657214635,0.00361053304894305,0.0402994278406989,-0.00019415792489285016,-0.0077601958691219,-0.00611658352320325,0.0323450740466841,0.026228490523480752,-0.00714680120719995,-0.0022959602082847,0.0186666218360915,-0.00111526263863195,-0.00015337279233790008,-0.0094427614154847,0.01739798640512155,0.00795522498963685,0.0188813066342845,-0.0159214253382136,0.0155100145299608,0.01263857985225815,-0.0271191311689714,0.0029598812960708997,0.0010294632132475498,0.00398934450931845
2740,-0.00243811488707555,0.0057492581025944,0.0168621618599908,0.0085957246936048,-0.0109915649124797,0.00331114321551885,0.01446632164111595,0.01777746485663485,-0.007576221011736351,0.002982805977077,0.0038455803053021,0.00940006939637535,-0.00334538424926655,-0.0045934150346593,0.009900265452411,0.005306850417751649,0.02308215875436865,-0.0024806190049276,-0.016445144591853,0.0159767323396105,-0.01855272816028445,0.0206015397494411,-0.019021140412526852,0.0015803993369142002
2745,0.00589541465501885,0.00680683441094555,-0.0175776749110086,0.0053526688316685,-0.005799527488380449,0.012702249065964401,-0.01802453356772055,-0.0053222845017561,0.007943257747915551,0.0015493506060738499,0.00669102489055145,-0.0006563930017728,-0.007035690191805751,0.0094926083539894,-0.0010010583030271,0.00849155005096235,0.0186138798249885,-0.00098068428536255,-0.00908497714359925,-0.01137660827953365,0.01368955876678225,0.017633195539625952,-0.0067720266563507,0.0108611688832752
2750,-0.026468182400613098,0.032928723329562995,-0.00034668388746159984,0.00207884000163255,-0.00329110319803995,0.00646054092894985,-0.0015589470838689998,0.00490159384508085,-0.0066038650763084,0.0116797693349662,0.0062725457032258,-0.0012582078149709999,-0.012087295898104401,0.0050759042586577,-0.0070729580098495,-0.0019970537511918,-0.0194882961378122,0.0187247422232758,0.001584091829136,-0.023369728298469748,0.011903762792159451,-0.0007635539145363999,-0.0098818736771742,-0.0106454275917106
2755,0.0027682578450439,0.0074869980562083,-0.0082662568487408,0.0082807288992739,-0.0037363191425494,0.0102552559012522,-0.0037218470920164,0.0065334088092358494,-0.00404739676951725,0.00532320923077965,-0.0017797536111618499,-0.0045537696138348,0.0003571969748009,0.0012758124612623999,-0.0059763262501957,-0.0047005137889333005,-0.005682588434622901,0.005445411047549,-0.021267366118263402,0.0154719083725164,0.00048102380242200007,-0.00023717738707395002,-0.005314433943325,-0.0055516113303989995
2760,0.0168331566880953,-0.00026662841584079993,0.015441022230929451,0.00371619785011565,-0.0118929925071059,0.01656652827225445,0.00726422757393925,0.02383075584619375,0.0147136144388402,0.00137654613760835,-0.0002570173036314004,-0.0078932923433432,-0.0051001203195055,0.01609016057644855,-0.0132504299664801,0.0028397306099684997,-0.00784495023544875,0.0050553665108357,0.00510388010152385,0.00754686719301385,-0.0053323167841881,-0.0027895837246130002,0.0073184305103494995,0.00452884678573655
2765,0.05355279524323655,-0.035575004574375346,0.0016585456051556,0.00924796532171305,-0.0135825796423261,0.0179777906688612,-0.0026760687154574,0.015301721953403801,0.02080690657917525,-0.002801260670284,-0.00445748508286775,0.0043925555369197,-0.00592714429224545,0.01800564590889125,-0.00599207383819355,0.01201357207069765,-0.00876093885938945,0.00533294148820765,-0.0055751617609833505,0.0008427754354973205,0.0054696902167051505,-0.003427997371181818,0.0007373038912192,-0.0026906934799626496
2770,0.06947060490690254,-0.04465628367176275,0.01912278694575675,0.0045090100199514,-0.017915825285347797,0.0248143212351397,0.0057159716803604,0.0305302929155001,0.039229464016810045,-0.015306517741972298,0.008881277080062401,0.00630003881684665,-0.013847581481297399,0.0239229462748377,0.0013337344156117,0.025256680690449403,-0.019097121266531698,0.0241784873748353,0.01388808768533635,0.00121548992271225,0.00959754323897255,0.005081366108303599,0.0247011208470212,0.02978248695532475
2775,0.03671608516872475,-0.0238113291722052,0.0341139631198704,-0.0035592746683315,-0.0114103971452045,0.0129047559965195,0.01914429130633435,0.0320490473028539,0.01021527227887555,-0.0142096122026008,0.014169426090429298,-0.0030261734054918,0.0005742844271320003,-0.0039943399237252,0.011717537112069451,0.0077231971883442,-0.00626670688701165,-0.0040954469703137,-0.00959215362866715,0.0086630184824268,0.0095727472604873,-0.01036215385732545,0.0086436121142469,-0.0017185417430786
2780,0.03456966034199755,-0.0341274777574154,0.0170490390786082,0.00503017156676905,-0.00862756500651685,0.0004421825845820999,0.0134516456388604,0.013893828223442501,0.00926332492347745,-0.0185678523203023,0.00116753097956,0.00035901777296595003,0.00208392351795245,-0.00930452739682475,0.0036104722704784,-0.00569405512634635,0.0007303843701569001,0.01786189673778905,0.0206442082417197,-0.01359564580488945,-0.0054161806862491,0.018592281107945953,0.0016323817505811498,0.0202246628585271
2785,-0.0223852066179675,0.0156294906256836,0.01957242318276595,0.0041624879474408995,-0.0166849258332515,-0.0067557159922839,0.0070499852969553006,0.00029426930467145007,-0.01223170525883435,0.01279565165655985,0.007892762316464349,-0.00072619381022275,-0.00174298864492975,0.0005639463977255498,0.0054235798613119,0.0059875262590374494,-0.024749884197565998,0.0198695656998703,0.0037156240122082,-0.00284220551451045,0.01430629015861385,-0.0048803184976956,0.015179708656311599,0.01029939015861595
2790,-0.01393909210161175,0.0167011584797521,-0.02322647893701455,0.011296111783579199,-0.00573097133571405,0.0027620663781403,-0.0176613384891494,-0.014899272111009151,-0.0014275055159679501,0.0051977207588952004,-0.00430451130916405,0.00496648966147285,-0.005713007169499049,0.00377021524292725,-0.00505102881719025,-0.0012808135742629998,-0.02195755337209745,0.0308603099780157,-0.01782957951848705,0.0083560227494066,-0.01129937986843285,0.0089027566059182,-0.020772936637513298,-0.011870180031595049
2795,-0.0548136099839808,-0.0032531488949388,-0.06990428316117155,0.0340796747062687,-0.0034739741311843003,-0.05806675887891965,-0.039298582586087205,-0.09736534146500685,-0.0146752375765707,-0.0010363846260117,-0.02498949717819745,0.01053626759773945,-0.0008945534101022499,-0.01571162220258235,-0.0153477829905602,-0.03105940519314265,0.009043385197097999,-0.00509690653222305,-0.026122683348755,0.0011015127102533997,-0.00700179642687245,0.003946478664875,-0.032022967065374,-0.028076488400499
2800,-0.0368791413405189,0.0082385497903496,-0.0432034009780269,0.03593418012791515,-0.0161246358375371,-0.0286405915501693,-0.023393856687648852,-0.05203444823781825,-0.00570073944359455,0.0114256962523308,-0.0192031076589469,0.010564948541388348,-0.0033559787066836998,0.0057249568087362505,-0.01199413782424225,-0.00626918101550595,-0.02931290200212965,0.01935447753251835,-0.03368762190608925,0.03639256283640855,0.0015016713373673502,-0.009958424469611251,0.004206612267686699,-0.0057518122019246005
2805,-0.027055075858019098,0.0332414542441919,-0.07304248636793265,0.0332187991110648,-0.0048067547636372505,0.0061863783861728,-0.044630442020505104,-0.038444063634332296,-0.0068115534059298,0.009505479780071,-0.033550584773668804,0.0175226335560283,0.00093230879149445,0.0026939263741412494,-0.015095642426146,-0.0124017160520048,-0.01226088843468455,-0.0020679012763139496,-0.031132193507316202,0.005000004521571099,0.008624426027139,-0.014328789710998449,-0.017507762958606,-0.03183655266960455
2810,-0.0502967609208032,0.049650443206652045,-0.03734197336058285,0.0312875875340814,-0.01570110739030835,-0.0006463177141511002,-0.02175549321680975,-0.0224018109309609,-0.0191830098697788,0.0210340441739059,-0.01747458529377825,0.0112169190982471,-0.00505171442319725,0.0018510343041271,-0.01130938061872835,-0.009458346314601199,-0.01427195820724585,-0.00528498041094275,-0.0372835754960154,0.02176573976175855,0.024191710958257298,-0.0195569386181887,0.0086738752240004,-0.0108830633941882
2815,-0.056235371375003604,0.0726890727719437,-0.05713223499688885,0.03592975635007635,-0.01478086956750045,0.01645370139694,-0.035983348214312996,-0.0195296468173729,-0.01857378493812795,0.01953247028628505,-0.0234054690823834,0.0106249925219234,-0.00297229817085435,0.00095868534815705,-0.01575277473131435,-0.014794089383157301,-0.0264576984069814,0.03618057606460445,-0.040513074494083354,0.02705201214800275,-0.00554426132778945,0.009722877657622999,-0.0190053236738701,-0.00928244601624705
2820,0.0432042990327023,0.0039639952225607,-0.06485542377831245,0.02890807081619625,-0.0069143636038514,0.047168294255263046,-0.0428617165659676,0.00430657768929535,0.02723488551501745,-0.0007865065979884501,-0.033776624692865,0.01233071587771845,-0.00379246648463025,0.02644837891702905,-0.0252383752997768,0.0012100036172521499,0.0040373787215988,-0.00069687174012265,-0.02501025882180925,0.0344055371601522,-0.0110135330750684,0.0033405069814762003,-0.0016182547367255499,0.00172225224475065
2825,-0.0102394588387776,0.035792687847429554,-0.0306213689077737,0.0327179342429476,-0.00547418743532725,0.0255532290086519,-0.0033776221001534505,0.0221756069084985,0.0035886654499795003,0.0140471003082033,-0.01493360003882405,0.0103166044953484,-0.0071198328361198,0.0176357657581828,-0.011736828379595401,0.0058989373785873,0.00032839140039870023,-0.01348319244571025,0.01690938566704665,0.0067747712795002005,-0.00565136577206425,-0.01315480104531155,0.01803279117448255,0.0048779901291709
2830,0.0192209372334961,0.00484731203695065,-0.02986173585979205,0.021757850603397598,-0.004458004726682251,0.0240682492704468,-0.012561889983076651,0.0115063592873701,0.005487496089659051,0.0010664871926646,-0.010864980279519699,0.00245457204595565,-0.0002584491306819,0.00655398328232365,-0.00866885736424585,-0.0021148740819222,0.0197344847954809,-0.00993128513606885,0.0053163664725919,0.01244172155275005,-0.0328614082129206,0.009803199659412051,-0.01510332018757855,-0.0053001205281665
2835,0.011758874395829299,0.0039449226827324,-0.05026911970037385,0.02711591068762185,-0.001561829612065,0.015703797078561697,-0.02471503862481705,-0.0090112415462553,0.0069015851504605,0.0027950358858027,-0.0147664262709249,0.0024314417622231,-0.0041433976363342,0.00969662103626315,-0.016478382145035952,-0.00678176110877275,0.0247995015233755,-0.0184343337702254,-0.03617651119517775,0.0042058663908392,-0.0097719216098388,0.0063651677531499995,-0.041742566414177354,-0.0353773986610273
2840,-0.011729874611643699,0.016430979127420302,-0.0395242099406523,0.02642345437984565,-0.0117369090590844,0.0047011045157765,-0.024837664619891002,-0.020136560104114402,-8.871098524685002e-05,0.0057571822532486,-0.0101751776069746,0.00531788834451495,-0.0056644682870635,0.0056684712680017,-0.0105217575495231,-0.0048532862815213,-0.00145808286421625,0.012497819238342301,-0.051612226777554754,0.027246275284172297,-0.0115200078114867,0.0110397363741261,-0.0358859593048691,-0.024846222930742998
2845,-0.017644949448022848,0.0140514793179946,0.0021754060868351996,0.01148286570405575,-0.0214717879986225,-0.0035934701300282005,-0.00781351620773145,-0.0114069863377597,-0.01193998825571415,0.01496822508922545,0.0015911186317425,0.0056803713477596,-0.01307514464924835,0.0030282368335113495,-0.00580365466974615,-0.00277541783623485,0.0375396717136027,0.02351363470952485,-0.00606749309226865,0.0094691418732206,-0.0450012619296709,0.061053306423127604,-0.041599613148719,0.01945369327440855
2850,0.015809569664109,-0.012543287238544101,-0.02443771845918305,-0.0007294506171562501,-0.0049726294923539,0.0032662824255648,-0.03013979856869325,-0.02687351614312835,0.01806112919489505,-0.0023689775324751,-0.020976117263640348,-0.0007297958890658501,-0.0109900337892809,0.01569215166241985,-0.03269594694198715,-0.01700379527956725,-0.0007234605223251003,0.010350464979031401,0.0134128535049967,-0.00352846538492785,-0.0071247557721411,0.0096270044567063,0.0027596323479277002,0.0123866368046341
2855,0.009399657751094751,0.00261419941765795,0.0340435572197368,-0.0013128873207947,-0.0076751145635505,0.01201385716875275,0.025055555335391548,0.03706941250414435,0.00962102449593185,-0.00825884258551625,0.014681727050472802,0.0009931719949610998,-0.00452819838832615,0.0013621819104155499,0.01114670065710765,0.0125088825675233,-0.021424333906422052,0.02953401443470885,0.00906333316427965,0.01125626675784585,-0.00039313637341059984,0.0081096805282868,0.01992646354871485,0.02803614407700175
2860,-0.0155229702499154,0.030270985935650502,-0.0013423275649289998,0.00484265917994825,-0.0110004993070208,0.01474801568573505,-0.0075001676920015,0.0072478479937335,0.0042977944139366495,0.01271411546185215,-0.00929318168402275,0.0043731864334794,-0.0036911736857025996,0.017011909875788902,-0.00861116893624595,0.0084007409395429,-0.0187657980073709,0.02732092418203435,0.0020018211294275997,-0.010378459654748401,0.0169575121370144,0.0085551261746635,0.0085808736116936,0.017135999786357
2865,-0.07358372214956299,0.056707716325999455,0.00686551624843125,-0.0025930157088350494,-0.0006926600180192,-0.0168760058235635,0.0035798405215768502,-0.013296165301986549,-0.05094741939405925,0.048012063356796905,-0.01488795794589385,0.0035626880274080997,0.0059282527480305994,-0.0029353560372624,-0.0053970171704552,-0.00833237320771755,-0.037604448525235,0.02906844549967595,-0.0025673139374703,-0.0174442304298281,0.0196254191299279,-0.00853600302555905,-0.0003861252373705002,-0.0089221282629296
2870,0.06417651688511895,-0.029286249424015247,0.023846133658947798,-0.0002621046442203502,1.6079846621800003e-05,0.0348902674611037,0.0236001088613493,0.058490376322453096,0.0343906905069436,-0.0238666694270808,0.0102227515683907,-0.00451545941523205,0.01237228868784525,0.01052402107986275,0.0180795808410039,0.0286036019208667,0.02546974038705225,-0.0472389309977491,-0.016669239476323098,0.01065129758790135,0.0259730973591407,-0.021769190610696848,0.0199551554707189,-0.0018140351399778998
2875,-0.0929438502556415,0.07379622752362461,0.06008984470066665,0.009058863733514999,-0.0105059324886331,-0.019147622732016797,0.058642775945548495,0.0394951532135316,-0.0519826041877119,0.039749421865477946,0.0268006359351905,0.0047874445961497,0.00049350771029515,-0.01223318232223385,0.03208158824163545,0.0198484059194015,-0.07754361148302749,0.0733364375773817,0.0334856999494756,0.007016382087022,-0.0041567721016084,-0.0042071739056458,0.0363453099348892,0.0321381360292434
2880,0.0530445959601679,-0.0056100439258273006,0.04192586247709265,0.02271591771957995,-0.010591355188671249,0.047434552034340605,0.05405042500800135,0.101484977042342,0.0205255856298208,-0.00590322361640565,0.0190474391146987,0.0017748894893581,0.00807501420716405,0.01462236201341505,0.0288973428112209,0.04351970482463605,-0.009824130210715001,0.0278238018043339,0.0171270192212735,-0.0044188900229831,0.02025094753286485,0.01799967159361885,0.0329590767311553,0.05095874832477415
2885,-0.013410567618933451,0.0292633121937814,-0.0008436860818645999,0.03667222142744365,-0.01875251653167555,0.015852744574847852,0.0170760188139034,0.03292876338875135,-0.00391502928747385,0.0048357973224964,0.0025444387721006998,0.00466322089801555,-0.00138049451047395,0.0009207680350225001,0.0058271651596423,0.0067479331946648,0.0115863983141025,-0.00451939932827365,-0.01891467692330475,0.027208420977694853,-0.0214665115422879,0.007066998985828799,-0.013172767487897799,-0.006105768502069
2890,0.00022129189174009993,0.0090797950345197,-0.0140960083554947,0.024720790611353897,-0.0111801437066186,0.0093010869262598,-0.0005553614507594001,0.0087457254755004,0.0018597746306501502,0.0010049795235646,-0.0046321560600264,0.00604145673739855,-4.195638796429996e-05,0.0028647541542146998,0.0013673442894078002,0.0042320984436225,0.0121813700398585,-0.00660392670736955,-0.00397079435642805,0.00459536026270745,-0.005385437138223349,0.0055774433324889,-0.00476087123194395,0.000816572100545
2895,0.00949442416073915,0.0073292845820552505,-0.02089296746663305,0.01891061558910015,-0.0136809342091765,0.0168237087427945,-0.0156632860867094,0.0011604226560851,0.0016456822716221999,0.0006374306036377501,-0.0073059443431925,0.0072088507737803,-0.0020012883838902503,0.00228311287526,-0.00209838195330255,0.00018473092195749996,-0.0139508737910849,0.033844940275109,-0.0146052254751945,0.01295567478518925,0.00240932356876625,0.0198940664840241,0.0007597728787611,0.020653839362785198
2900,-0.049995050920702,0.0404259759448676,0.09452239736635884,-0.016086174206725798,-0.02714679060333785,-0.009569074975834299,0.05128943255629515,0.04172035758046075,-0.022670161076396453,0.021857201722306,0.025259325415952702,-0.005350830119786499,-0.00659041031699375,-0.0008129593540904501,0.01331808497917235,0.0125051256250819,0.030161276381598552,-0.0049431007530074,-0.020342028327286148,0.0020293952722568002,-0.008513824606294849,0.0252181756285911,-0.0268264576613243,-0.0016082820327331503
2905,0.0021820686656537497,0.0157683875309082,0.05356540428681025,-0.016668756075482502,-0.0032510849651435,0.01795045619656195,0.0336455632461842,0.051596019442746194,0.008500951557130751,-0.0053081343611007005,0.01718744300130525,-0.0102334083325461,0.00365097568321225,0.0031928171960299997,0.0106050103519714,0.0137978275480014,-0.0011840759746216,0.0043425620999186995,-0.0068627742895235,-0.0003106296528130998,-0.004281709299660451,0.0031584861252971002,-0.01145511324199705,-0.0082966271167
2910,-0.0204544866592968,0.0390935587596265,-0.0029770879598613005,0.0029158229722443,0.009911734715234499,0.01863907210032965,0.00985046972761755,0.02848954182794725,-0.0006332550219090498,0.0061214827726958,0.00336142478021975,-0.0006583306164848501,0.0030133656664041502,0.0054882277507867505,0.0057164598301391,0.011204687580925899,0.006711740051567451,0.0072820691227131,0.02274645243041195,0.0035999740577987,-0.0032993934104903503,0.0139938091742806,0.023047033077720352,0.03704084225200095
2915,-0.004896822567212,0.011930917866919551,-0.04372336919288375,0.017014451561063952,0.011909471531937249,0.0070340952997075,-0.01479944609988245,-0.00776535080017485,-0.0037720908193776,0.00159218031359725,-0.0002529216992274001,0.00063685849744945,0.0017342185313429497,-0.00217991050578035,0.0021181553295651,-6.175517621530009e-05,0.00993310344250245,0.007624822020685899,-0.0102898584407133,0.0061376667736719,-0.0126313786488026,0.0175579254631884,-0.016783570315844,0.0007743551473443501
2920,-0.08896478348846204,0.023832691909738003,-0.13060977637705484,0.03861079065061235,0.019222813001539,-0.06513209157872404,-0.0727761727249034,-0.13790826430362751,-0.0381872912851452,0.0054503471016134,-0.036324517053749394,0.0066350774203801,0.01111465261318355,-0.0327369441835317,-0.0185747870201856,-0.0513117312037174,-0.02870385712400695,0.01131648595619475,0.0030677112285048,-0.01560204074485225,0.01860905254337315,-0.017387371167812152,0.00607472302702565,-0.0113126481407865
2925,-0.06048535035794095,-0.00146533819740325,-0.11802976256124184,0.0452951013819366,0.0060742597426336,-0.06195068855534415,-0.06666040143667155,-0.12861108999201576,-0.0359933828815622,0.0037713818591813995,-0.05489515936210935,0.02622430516307505,4.988377885065001e-05,-0.03222200102238075,-0.028620970420183498,-0.060842971442564356,-0.015133569855242949,-0.01017042109742755,-0.03625425839175775,-0.00187014952922855,0.0111044891489048,-0.02530399095267055,-0.0270199187720815,-0.05232390972475205
2930,-0.03366714227919225,-0.0039438525526163,-0.09132023896136215,0.050052927326731,-0.00871553566749455,-0.03761099483180855,-0.049982847302125696,-0.08759384213393435,-0.0256465449824733,0.0054706973160803495,-0.022363279186084703,0.014637156677657949,-0.00236147380673095,-0.020175847666392903,-0.01008759631515765,-0.0302634439815506,-0.024346806082273,0.0025410090262691,-0.0425689013674855,0.018936912032465048,0.000213689977924,-0.0218057970560039,-0.0234182993570963,-0.045224096413100254
2935,0.0498601218664618,-0.013994670105023099,-0.09879275709121195,0.040856332965578654,0.0021361560015308997,0.035865451761438696,-0.055800268124102353,-0.01993481636266365,0.0229984185789082,-0.01466292873631635,-0.037954088549947904,0.029039922539371953,-0.00949259079058645,0.0083354898425918,-0.0184067568011624,-0.01007126695857055,-0.0449725536319116,-0.014797970031698499,0.0161518297468622,0.031494893940786445,-0.0017263290782769496,-0.0597705236636102,0.04592039460937175,-0.0138501290542384
2940,-0.02790996759341765,0.0223051977237008,-0.00035524872578070004,-0.0029574541520220998,-0.0103451650025769,-0.00560476986971685,-0.01365786788037975,-0.0192626377500967,-0.0103350772192695,0.003883673506933351,0.02282875152763535,-0.0095713503951143,-0.00108152755207555,-0.0064514037123360995,0.01217587358044555,0.0057244698681094,0.01433613437111485,-0.037392366817220996,0.02545573281240645,-0.03358158943980615,0.044527722937831,-0.0230562324461061,0.03640186631043125,0.01334563386432515
2945,-0.045329908870633845,0.045354789122160455,0.0157645691014089,-0.0103114686517263,-0.01894721948490775,2.4880251526650005e-05,-0.0134941190352252,-0.0134692387836986,-0.020412888509313047,0.01179172175056225,0.0009524346926561499,0.0171916603406619,-0.0137893663021245,-0.0086211667587507,0.004354728731193551,-0.004266438027557175,-0.029495631406704553,0.0255210498735929,-0.019199602119624598,-0.006811373704113,0.01274139982803405,-0.00397458153311165,-0.013269575995703501,-0.0172441575288151
2950,0.05510722441470055,-0.0340335680536517,0.02863635410118365,-0.01580636548400815,-0.01065772965173045,0.021073656361048798,0.0021722589654450002,0.02324591532649385,0.0242955194395211,-0.01323415967811525,0.02071747430605715,-0.0010260465667464498,-0.00605660160467515,0.01106135976140575,0.01363482613463545,0.0246961858960413,0.052719075219162345,-0.0239045378538624,0.040475045594697154,-0.02070078364728635,-0.020284699175196298,0.028814537365299903,-0.0005104372277855498,0.028304100137514297
2955,-0.00039707672065165,0.01224670788392115,0.04918133447683705,-0.00957102077012395,-0.00707252251193185,0.011849631163269451,0.0325377911947811,0.0443874223580506,-0.008222107737696351,0.012821191644572051,0.0223149765378724,-0.0009578929777599999,-0.0051296330061769,0.0045990839068756,0.016227450553935402,0.02082653446081105,-0.0318832921223171,0.02204292760094775,0.00882899709977205,-0.0033412124651173002,0.014636246073253749,-0.00984036452136925,0.0201240307079084,0.010283666186539149
2960,0.0033500385899269004,0.00607052627427575,0.0152239400311418,0.00913331736260575,0.0005194813600344001,0.00942056486420265,0.024876738753781998,0.0342973036179847,-0.0057337909571962,0.015380469359146151,0.0103289063513925,0.0042434785072953006,-0.0035536093493463,0.0096466784019499,0.011018775509341602,0.0206654539112915,-0.008943119117369249,0.00162359746173025,0.012630154658108947,-0.0047094069062344,-0.0071072238545942,-0.007319521655639,0.0008135238972802987,-0.00650599775835875
2965,0.01822931302775035,-0.0017146893950896,0.00137915340507115,0.0010433793700041,0.00354222523547785,0.0165146236326607,0.0059647580105531,0.02247938164321385,-0.00551116322151045,0.0105405812188918,0.00458914319315225,0.00338577165352435,-7.462314549937037e-05,0.0050294179973813,0.00790029170117725,0.012929709698558601,-0.00924697238175815,0.00520496141010275,0.0015279352276896501,-0.0077500356283659,0.0038875430511931,-0.00404201097165545,-0.0023345573494832003,-0.006376568321138551
2970,-0.01314146575682585,0.01658394454856285,0.00012064932780590006,0.00197438511102695,0.0087269005847925,0.0034424787917368997,0.01082193502362545,0.014264413815362451,-0.01030088588994215,0.0120668955064266,0.0027719772764679997,0.0042933825912768505,0.004189935006919139,0.0017660096164844,0.011255294874664,0.01302130449114845,0.00334783245828775,-0.00769018370968595,-0.02762057254343135,0.0245518566371174,-0.0096698866448908,-0.0043423512513981995,-0.01273860255120475,-0.0170809538026029
2975,-0.0025434746299761997,0.01206429191050485,-0.00564292618902895,0.0049181488624935495,0.00780684212963185,0.0095208172805286,0.00708206480309635,0.01660288208362505,0.00582768720686435,-0.0048684694925264,-1.0257764055999791e-06,0.0065914743613896005,0.0011796826330861,0.0009592177143379501,0.0077701312180701,0.008729348932408,-0.0163419135070095,0.02042516385360305,-0.00150876537663865,0.0206432219749937,-0.00087696803578485,0.0040832503465935,0.01825748856257025,0.02234073890916375
2980,0.0086893982387571,-0.00471809766046835,0.018491884141036148,-0.00870685811445495,0.00634865602512575,0.0039713005782887004,0.01613368205170695,0.020104982629995702,0.0038422534502227,-0.0013730028886665,0.00390093864552905,-0.0011051026459855,0.00700240263733355,0.0024692505615562,0.009798238636877201,0.01226748919843345,-0.04968130460086585,0.0086928492489581,0.05563843801307175,0.0110100378864445,0.0050253227353096,-0.040988455351907704,0.0716737986348259,0.030685343282918102
2985,0.00811631557511695,-0.0071029435759481,0.02664416856232915,-0.004920954576127351,0.00114759547060645,0.00101337199916885,0.02287080945680825,0.0238841814559771,0.01737227271277905,-0.0117634208566927,0.01039167059754775,-0.00803387331580525,-0.00043724533657289993,0.005608851856086351,0.00192055194516965,0.0075294038012559995,-0.05933244439462815,0.05803274276355899,0.0040509928638736495,0.013350714898357801,0.004473220277577623,-0.00129970163106915,0.021874928039809047,0.02057522640873985
2990,-0.013803772440088648,0.0035632496877943,0.02906886548634645,-0.0010920166099539002,0.00598803657563625,-0.0102405227522943,0.03396488545202885,0.02372436269973445,-0.0037185869928772503,-0.008079086248366351,0.019259139117228,-0.0072352719050642,0.008834722531743,-0.0117976732412437,0.020858589743906752,0.009060916502663049,0.00976233202576015,-0.011430017572517149,0.02785693682963025,-0.0140506991728519,-0.0011670298641547495,-0.0016676855467570497,0.01263920779262355,0.0109715222458665
2995,-0.0382805699709009,0.033435005284863595,0.02535075379144145,0.0034045363164843002,0.0027357279870922997,-0.004845564686037251,0.03149101809501805,0.02664545340898075,-0.0272444292189108,0.019093838206185397,0.00499144197894065,0.01122028906004155,0.00018796101201919998,-0.00815059101272535,0.01639969205100145,0.00824910103827605,-0.0251847935840487,0.0478125546437998,0.0163641529778639,0.007885121111758,-0.006902813709651399,0.0226277610597511,0.0173464603799705,0.03997422143972165
3000,-0.01084437679882405,0.019137716049759702,0.02656029638901245,0.01127762184544235,-0.00254373313204465,0.008293339250935599,0.03529418510241025,0.0435875243533459,0.00778695770918845,-0.0009917991204542002,0.012857939297951551,0.01347064348608035,-0.00415507688469485,0.006795158588734199,0.022173505899337052,0.028968664488071352,0.0200616895977873,-0.00024847637250785017,0.024797880253754498,0.011316700035240549,-0.016891463795521602,0.01981321322527945,0.0192231164934734,0.0390363297187529
3005,-0.020120703020410302,0.01125941062882775,0.029169343043787703,-0.00186845947552175,0.00050693749245945,-0.00886129239158245,0.02780782106072545,0.018946528669142898,-0.0151242310995647,0.0161024369388282,0.0064266540238999,0.010640261433945801,-0.00235639180484995,0.0009782058392634502,0.0147105236529958,0.0156887294922593,-0.0043530658741171,0.0135218442427382,0.00771176156122235,-0.0016335832265516005,0.005071768428509449,0.00916877836862105,0.01114994676318015,0.020318725131801302
3010,-0.01251416248320135,0.012620365750463651,-0.0020088885688702,0.0059941548835803,0.005464334034683,0.00010620326726234997,0.009449600349393149,0.00955580361665545,-0.0036126403844404503,0.0090032634771722,0.0043859914561660005,0.0032779709612072,-0.00298183891262265,0.0053906230927317006,0.00468212350475055,0.0100727465974823,-0.0032336705674727503,0.00575543011849125,-0.0082284116729473,0.008146987486785849,0.006261809729039699,0.0025217595510184996,0.006180385542878199,0.0087021450938967
3015,-0.0082889185092936,0.010092247011585051,0.013142164532910599,-0.0024330752450624,-0.00021136236376420006,0.0018033285022914,0.01049772692408395,0.012301055426375399,-0.00216153897167305,0.00454138928661415,0.0190691949787331,-0.01191305806721535,-0.0053932796746328,0.0023798503149411003,0.0017628572368849,0.0041427075518261,-0.0149165285440782,0.003296748929036199,0.061786959630747595,-0.008189824471870999,0.015529256934920901,-0.01161977961504205,0.0691263920937975,0.05750661247875535
3020,-0.0051355560331849005,0.00174838752928625,0.0222373373264756,-0.0100737397326843,0.00310785120251635,-0.00338716850389855,0.01527144879630765,0.011884280292409049,-0.00561027235127745,0.0015677042018145998,0.00740745965093285,-0.00304918826606405,0.0025790505461495,-0.0040425681494628,0.0069373219310183,0.00289475378155545,-0.02638997457300615,0.010053855724011799,0.023997009638696852,0.0018361543926099996,0.0137827311797688,-0.01633611884899435,0.0396158952110757,0.02327977636208135
3025,-0.0215077282545255,0.01604910236253165,0.02906087146358175,-0.0034272029348968998,-0.0033901550101060503,-0.0054586258919938,0.0222435135185787,0.0167848876265848,-0.00775100029128295,0.0044433885719067,0.015495624526837701,-0.0041456233771972,0.00589923403608765,-0.0033076117193762,0.01724923518572815,0.01394162346635185,-0.02608945661728885,-0.0065097524144221,0.02044645246739185,0.01852695414369615,0.0025502411648630997,-0.032599209031711,0.0415236477759511,0.00892443874424005
3030,-0.01910324153597215,0.014260580971056999,0.058077251589505496,-0.0077922867578883994,-0.010494254763472401,-0.0048426605649150994,0.03979071006814465,0.03494804950322945,-0.0092859193329619,0.00933208437075175,0.015215388591829351,0.0012721074228453,-0.0071179619140498,4.6165037789850055e-05,0.00936953410062485,0.0094156991384147,-0.015526036122658599,-0.0032905558648053494,0.025759644645343797,-0.0023084084760436503,0.01071245798617985,-0.018816591987463903,0.034163694155480054,0.015347102168016099
3035,-0.0138540704236838,0.0032270887905524502,0.045331136504620353,-0.00043619458882819995,-0.0068939184242078,-0.010626981633131301,0.038001023491584296,0.027374041858452998,-0.00219781554111325,0.0031143818519234496,0.01985805390481125,-0.0084125974125609,-0.001285659881133401,0.0009165663108102,0.01015979661111685,0.0110763629219271,-0.012617924048875701,-0.0066197523420366,0.00826155686809215,-0.00278255760107035,0.014020543731749,-0.01923767639091235,0.019499542998770852,0.0002618666078585
3040,-0.022338403379488753,0.0021736125800277,0.03700640827489905,0.006563761237732949,-0.00527130695033725,-0.020164790799461,0.03829886256229475,0.01813407176283365,-0.014355278698051,0.00956817633111005,0.01162373097738755,-0.00037451445451905005,-0.00487304509586135,-0.0047871023669409,0.00637617142700715,0.0015890690600663,-0.0291645579816152,0.033563290035150795,0.0383729547618107,0.00047594006173315006,0.00033055818639695,0.0043987320535355,0.0391794530099408,0.04357818506347635
3045,-0.0038741104437942497,-0.0011292596598949495,0.0162206458409479,0.0098473192550092,-0.0045495926588836,-0.00500337010368915,0.0215183724370735,0.01651500233338425,-0.0039977426515367,0.0089569903877167,0.0020285287464252002,0.0038313589689566,-0.007658298299969,0.00495924773617995,-0.0017984105845871002,0.00316083715159285,-0.0178493942910184,0.0300701612606644,0.01546006320665275,0.02200973608220615,-0.01837519569477685,0.01222076696964595,0.01909460359408205,0.031315370563728046
3050,-0.0011884645289911501,-3.076046153750061e-06,0.01571377296122445,0.01101978187102625,-0.006238923885898751,-0.0011915405751449,0.020494630946351948,0.01930309037120705,-0.00334404437891035,-0.0011187474910538,0.00258208442476775,0.00511009302664035,0.00461473060951825,-0.00446279186996415,0.01230690806092645,0.007844116190962251,0.00894815421197555,0.024704410065896798,-0.0033878341782838,0.01190535801773265,-0.00559138899358605,0.0336525642778724,0.00292613484586275,0.036578699123735195
3055,-0.012984031216977499,0.01638958043420315,0.0126291939776517,0.0030857623556284496,-0.00301504845716125,0.00340554921722555,0.01269990787611895,0.01610545709334455,-0.00942241320021755,0.010184921947848698,0.0009506626152022499,-0.0026314048351096,0.0016298474626749502,0.00076250874763115,-5.08947572324e-05,0.0007116139903987,-0.01489572690334165,0.020452842403513652,0.01476882901818795,0.0069639689056202,-0.01236720133262375,0.00555711550017195,0.009365596591184501,0.01492271209135645
3060,-0.00918207808667075,0.028132057828993,0.0258732594816872,0.0012786235671417997,-0.0064454246786042,0.0189499797423222,0.020706458370224702,0.039656438112547,-0.009186956202202449,0.01030164907369535,0.0095126884721665,0.00498720586461645,-0.0022567219361144,0.00111469287149285,0.012243172400668599,0.01335786527216145,-0.005762265246206251,-0.0241756412782706,0.0526592851771662,-0.00938542962539945,-0.0015110245207324497,-0.02993790652447685,0.04176283103103435,0.01182492450655745
3065,0.0403796401459412,0.0009529073767913002,0.0354516037287222,-0.0028397487471246,0.0018950694756447498,0.04133254752273245,0.03450692445724235,0.0758394719799749,0.012447567538897999,-0.00226836365224085,0.0186815266186796,2.8940176776250082e-05,-0.0025786215257956,0.010179203886657051,0.01613184526966025,0.02631104915631735,0.0070275510350863,0.00819621901803955,-0.00417336099781095,-0.0087784924699614,0.00352821449438725,0.0152237700531259,-0.0094236389733851,0.0058001310797407505
3070,0.03570571570989495,-0.0226953708182921,0.03768564102773745,-0.0096975504332358,0.007063736394308649,0.01301034489160275,0.035051826988810306,0.048062171880413146,0.007297237478208299,-0.00349082984831085,0.01487327045899725,-0.007882993744886201,0.0074434965833687,0.00380640762989735,0.01443377329747975,0.01824018092737715,0.00533668339873345,0.0295846296163896,-0.01739396230162425,0.0051225456641987,-0.01000370389471445,0.03492131301512315,-0.0222751205321401,0.01264619248298305
3075,0.00420618161833885,-0.00501966355802505,0.0272263063473761,0.0059696757771107506,0.0043899450236341,-0.0008134819396861712,0.03758592714812105,0.036772445208434854,-0.0083090547299379,0.009567732626794851,0.009310223308955,0.0037729093392014,-0.0003678564069266,0.0012586778968569276,0.012715276241229801,0.0139739541380868,-0.008387374877929649,0.01036105475698905,0.00289918351918455,-0.007504826535781249,0.0013902643074592,0.0019736798790594,-0.0032153787091374,-0.00124169883007805
3080,0.0086932781146652,0.01498244224511845,-0.0396620896178546,0.01882650269000595,-0.00575436428927735,0.0236757203597837,-0.02658995121712595,-0.0029142308573423,-0.0053759021861681,0.01411134689447875,-0.0110596655109858,0.006408932476392451,-0.00496406693278805,0.00873544470831065,-0.00961479996738145,-0.0008793552590708,0.0142093069206263,0.02418054147468255,-0.01832783841527995,0.0149539804241309,-0.0090198524218673,0.0383898483953089,-0.012393710413016349,0.0259961379822925
3085,0.00491749396245665,0.013543660548738401,-0.006740829368456949,0.01924955031577325,-0.0106811670630497,0.018461154511195052,0.0018275538842666,0.0202887083954617,-0.00174783142184295,0.008806079376062599,0.0030058727162930003,0.0019927580452706,-0.005612370995122349,0.00705824795421965,-0.0006137402335587498,0.00644450772066095,0.01170112371716335,0.01385731196690655,-0.0215120544637708,0.02728916887814795,-0.015321921029438551,0.02555843568406995,-0.0095448066150614,0.016013629069008502
3090,-0.04214346588557305,0.046041760111761504,-0.0428373742030193,0.023868549809488,-0.0161096336328257,0.0038982942261885,-0.03507845802635705,-0.03118016380016855,-0.02090018034902605,0.02441419912987705,-0.01052600600777685,0.00528780543881955,-0.005385511961654901,0.003514018780851,-0.0106237125306122,-0.00710969374976115,-0.008301587092379749,0.0363523545674979,0.0127136892852528,-0.02380992624093775,0.00810094554132465,0.0280507674751182,-0.0029952914143602,0.025055476060758
3095,0.0682033810829551,-0.0221188938951406,-0.06396309727463376,0.0296885637657808,-0.0100626827331706,0.046084487187814396,-0.04433721624202355,0.0017472709457908,0.0267564070468129,-0.01222457185942985,-0.00666600121086395,0.00492442666811655,-0.00854027292757635,0.01453183518738305,-0.010281847470323749,0.004249987717059251,0.0240351720157074,-0.0053240049087131,-0.0258319636638892,0.0008125306339934501,0.0096925042336806,0.0187111671069942,-0.01532692879621505,0.0033842383107790504
3100,0.0671401715589682,-0.0259360666549288,-0.056586030875628704,0.03067179357366635,-0.0111502787497283,0.04120410490403935,-0.0370645160516906,0.00413958885234865,0.013204242323573399,-0.01322898519525755,-0.00499864549914725,0.00581254800915195,-0.00359239615851245,-2.4742871684149898e-05,-0.00277849364850775,-0.00280323652019195,0.04373461510986085,0.0032717244311545497,-0.03465207983196395,0.0107264406668643,-0.0046337606618181,0.047006339541015504,-0.02855939982691775,0.018446939714097648
3105,0.08853258599850014,-0.028366403913875,-0.0759270333249897,0.0325838235926023,-0.0097423209017958,0.0601661820846251,-0.0530855306341832,0.00708065145044185,0.0347508390016439,-0.009447376920038449,-0.022609007341159552,0.00645832984980195,-0.00355671722075845,0.025303462081605402,-0.01970739471211605,0.00559606736948935,0.04195039432185385,0.0112822181389977,-0.0406623615747472,0.010417606929937949,-0.00928563765676995,0.0532326124608516,-0.0395303923015793,0.0137022201592723
3110,0.04339653663207365,-0.006969735740017,-0.0085572773984052,0.00392418491157045,-0.0023920403803129996,0.036426800892056604,-0.0070251328671477,0.02940166802490885,0.02776931736494205,-0.01131171689333375,-1.940111465024985e-05,-0.00156052491923205,-0.00487926486420725,0.0164576004716082,-0.00645919089808955,0.009998409573518649,0.03805313737102545,0.005987001811445201,-0.0132199157417441,0.00324694066463655,-0.005088968520673601,0.0440401391824707,-0.0150619435977811,0.028978195584689552
3115,0.0319832000347198,-0.0016946569014604498,0.00625084837810515,-0.00574235117193585,-0.006330977600747601,0.03028854313325935,-0.0058224803945783,0.024466062738681002,0.01949005063655125,-0.00328593926858405,-0.0006638528383129001,0.00031983535995705004,-0.00422182513378985,0.0162041113679671,-0.004565842612145677,0.011638268755821399,0.038005053003629,-0.0073390905143848,-0.0124598101838879,0.00180433024652295,-0.00761949937247355,0.03066596248924415,-0.01827497930983855,0.0123909831794056
3120,-0.0059253189748614005,0.0207234684656473,0.046342170862183896,-0.01984171820055735,-0.00372649738349655,0.0147981494907859,0.0227739552781299,0.0375721047689158,0.0100727005145839,0.00017533440860137176,0.0098223163002741,-0.01398117262175335,0.0001681242403573,0.01024803492318525,-0.00399073208112185,0.00625730284206335,0.07540340277482749,0.0036140628488889,0.0036792273516766997,-0.024006447712114652,-0.0176081501568357,0.07901746562371645,-0.0379353705172737,0.04108209510644275
3125,-0.038711072087153846,0.072908184347542,0.13086594993765494,-0.05322849068494985,0.0044638087561076,0.0341971122603881,0.0821012680088127,0.11629838026920085,-0.013814785522992699,0.0229813303498321,0.034350859480649795,-0.016646932232679497,0.0054605068462566,0.0091665448268394,0.02316443409422695,0.032330978921066345,0.03763611462588105,0.036642192420549655,0.01134029383926345,-0.0326618446425224,0.01020488236099485,0.07427830704643075,-0.0111166684422642,0.06316163860416654
3130,0.00013255898674030021,0.01807728510539075,0.0483334757064435,-0.024149726943209403,0.010276594809420801,0.018209844092131,0.034460343572655,0.052670187664786,-0.0058156041448175,0.017209874781065948,0.0126830975874773,-0.00572431659827245,0.002551912972579,0.01139427063624835,0.009510693961783799,0.02090496459803215,0.02634339297655965,-0.00794169513586285,0.024530706707931352,-0.0263578520699714,0.00931686559924855,0.0184016978406968,0.00748972023720845,0.0258914180779053
3135,0.07520293074288051,-0.029856904318064398,-0.0203174392321403,0.00825719655001295,0.0041717384839242005,0.04534602642481605,-0.007888504198203,0.03745752222661295,0.013965595505192649,-0.00328095426778835,-0.0046414739291461005,0.0004921007578687499,0.00107322139097745,0.0106846412374043,-0.00307615178029985,0.0076084894571044,0.009152743734982,-0.0075512793690600995,-0.01214990261942145,0.008669358030116849,0.00096416087665905,0.00160146436592185,-0.0025163837126456496,-0.0009149193467237998
3140,0.0936484067596939,-0.02918854191896705,-0.0042323499637858,0.0054823967796238,0.0027584239129970923,0.06445986484072685,0.00400847072883515,0.068468335569562,0.029487389399533853,-0.0008719298369682001,0.00697549266714915,0.00416090318954235,-0.005000243377628151,0.0286154595625656,0.00613615247906335,0.03475161204162905,0.04504343808124145,0.0068411727338874,-0.0116796759500478,0.0056562769905818995,0.0253366648297136,0.05188461081512885,0.0193132658702477,0.07119787668537655
3145,0.11900545532913945,-0.07400152148705619,-0.056239604335865896,0.02490485752410465,0.0024411150267587504,0.04500393384208315,-0.0288936317850025,0.01611030205708065,0.03752438921661,-0.031489199276894295,-0.0122121407672676,0.01221657516878615,0.00042236523836,0.00603518993971565,0.00042679963987855016,0.0064619895795942,0.01980080245994025,-0.0285508179663641,-0.0346316844845811,0.03208165823792415,0.01266306814116735,-0.0087500155064238,0.010113041894510351,0.0013630263880865501
3150,0.021199458614585998,0.0108625346185079,-0.01270289649949285,0.019672278588969798,-0.00044083322961519997,0.03206199323309395,0.0065285488598616995,0.038590542092955746,0.0009897111002207994,0.0089336737653375,-0.015924477649166352,0.0062326398717853,0.00815126042356175,0.009923384865558299,-0.00154057735381925,0.00838280751173895,-0.01434814510478945,0.00802873742456235,0.0023088901963395497,0.0081594087726747,0.00985067736279835,-0.0063194076802271,0.02031897633181265,0.0139995686515855
3155,-0.01090720348926355,0.0032930875794845,0.0007868314028734507,0.0300325176566658,0.00138507130122235,-0.007614115909779,0.0322044203607616,0.02459030445098255,-0.0107246570205691,0.00647152081484495,0.00385262636465785,0.00254354744773285,0.0045417010505268,-0.00425313620572415,0.01093787486291755,0.00668473865719335,-0.034357644825164804,0.01282542140106665,0.0014802567971249504,0.0425675245855624,-0.0039892030656725995,-0.0215322234240981,0.04005857831701475,0.0185263548929166
3160,-0.0309850675801434,0.022620124864911398,0.08681717593889834,-0.03561757102195205,0.00853144062441815,-0.00836494271523195,0.05973104554136445,0.0513661028261324,-0.0038823083603164504,0.009554993731072901,0.0353059223706846,-0.028578825527779197,-0.00212285987857185,0.00567268537075655,0.0046042369643335,0.01027692233509,0.14414830605189,0.018673316823939398,-0.09591574554118171,-0.0725612254454366,0.0545955211971886,0.1628216228758295,-0.11388144978942966,0.04894017308639975
3165,-0.044588865862109195,0.027351865600437453,0.0746443932784603,-0.01897205561044355,0.013985678041569648,-0.01723700026167175,0.06965801570958645,0.05242101544791465,-0.020209836286495697,0.01994848063588845,0.0229720570593448,-0.0208434024147819,0.01237714583554875,-0.00026135565060719963,0.014505800480111651,0.01424444482950445,0.061193873477168356,0.0298880983299265,-0.037424069084227005,-0.0648296789266169,0.051189880903499796,0.09108197180709485,-0.051063867107344105,0.0400181046997507
3170,-0.046900743328841046,0.0069230106009827985,0.12354594788954645,-0.034570657251431894,0.0174576208435486,-0.0399777327278582,0.10643291148166309,0.06645517875380486,-0.0158360326716319,0.00842458356082715,0.02736290596599245,-0.0005603227699794002,0.0050900575388368,-0.0074114491108048,0.03189264073484985,0.02448119162404505,-0.0069436334228764,0.0306341941468417,-0.056184451732163604,-0.01864743468662105,0.10946722884352005,0.023690560723965352,0.0346353424247354,0.05832590314870075
3175,0.0082804380676189,-0.014688032538221601,0.1108568259961409,-0.0337767838005055,0.02378693256097785,-0.006407594470602599,0.1008669747566133,0.0944593802860106,-0.01234984727520895,0.0080568390710141,0.049165921502572,-0.0218539095309097,0.027235980856767046,-0.0042930082041948,0.05454799282842935,0.0502549846242345,0.0457653586287051,-0.0331457197355727,0.0119256543306013,-0.06636604016336295,0.0895746833334366,0.01261963889313235,0.0351342975006749,0.047753936393807296
3180,0.0410445864675136,-0.039563496718200655,0.02953418493097,-0.010857579744962001,0.0026460521620227,0.00148108974931295,0.0213226573480307,0.022803747097343653,0.016327770184654748,-0.02038746872505005,0.0199725429745604,-0.0026128004949066,0.0050099134436395,-0.0040596985403953505,0.02236965592329335,0.01830995738289805,0.0337816963171159,-0.0665962054859846,0.0933295038097033,-0.0399536672358711,0.0160782678751274,-0.0328145091688687,0.06945410444895965,0.036639595280090906
3185,0.0378877624226605,-0.0210252460477315,0.0326156572459442,-0.00906972791255985,0.00688134240217095,0.0168625163749289,0.0304272717355554,0.0472897881104843,0.0289770034334212,-0.0172299177906007,0.0081319499504698,0.0002654611782964499,0.00455197417728695,0.01174708564282045,0.01294938530605325,0.0246964709488737,-0.005762511111485449,-0.004166377615911199,0.0500783164277284,-0.00509855504205915,0.01854623250740885,-0.0099288887273966,0.06352599389307814,0.0535971051656815
3190,-0.015051286487568451,0.055378863497857506,0.06936115897370095,-0.02224058030117895,0.01408306517363015,0.04032757701028905,0.0612036438461522,0.10153122085644126,-0.0012434757060532497,0.0301921034270346,0.0279663135130452,-0.0206551725666028,0.0169506887287631,0.02894862772098135,0.0242618296752055,0.0532104573961869,-0.019339495645059848,0.0470098491486472,0.0016249023804751506,-0.028138385678175802,0.0563456294126808,0.0276703535035873,0.0298321461149801,0.0575024996185675
3195,-0.01466681249491225,0.07232899480183785,0.06830889574617366,-0.0159958236737381,0.01185700919624995,0.0576621823069256,0.06417008126868551,0.12183226357561115,0.01477166547037015,0.03714675496135335,0.0395996088581943,-0.0208272699485174,0.0250686076398079,0.05191842043172345,0.04384094654948475,0.09575936698120825,0.02552327617692445,0.035993885124723096,-0.1308305846294388,0.009811541337209451,0.1131241729483008,0.061517161301647555,-0.007894870343928512,0.053622290957719046
3200,-0.040559769370798054,0.0232213433033555,0.0663713641475728,-0.012494965297143949,0.0022511166050106,-0.0173384260674425,0.0561275154554394,0.038789089387996856,-0.006477020349702789,0.011982074191507201,0.0307339481801206,-0.00989858951119595,-0.00188464523351285,0.0055050538418044,0.018950713435411798,0.024455767277216198,-0.01665973835818775,0.07437243274180215,0.015742274823909,-0.0053779184663047,-0.0003479855891782499,0.05771269438361435,0.010016370768425951,0.06772906515204036
3205,-0.03770901530460545,0.032882752216669545,0.0718734181313555,-0.005705031965032,0.0043577953447051,-0.0048262630879358,0.0705261815110286,0.0656999184230927,-0.01077721219270535,0.013124274137181199,0.02368962245110855,-0.00825756923083565,0.0072302394274842505,0.00234706194447585,0.022662292647757147,0.025009354592233,-0.01443985616012165,-0.02500905329361555,0.07662002034485335,-0.037136525070915596,0.0435877070762217,-0.03944890945373715,0.08307120235015944,0.0436222928964222
3210,-0.0005855116655565501,0.0111852157887786,-0.0071316091753418,0.01619892362053025,-0.0038126457546703,0.01059970412322205,0.0052546686905181,0.01585437281374015,0.00449615874005335,-0.00765455139402405,0.0023293239038320998,-0.00029416275206200007,0.0012932361861861,-0.0031583926539706497,0.0033283973379562002,0.00017000468398549982,-0.0115380544564687,0.01478311294922605,-0.0081747764915538,0.01326200527449445,0.0043674112996086,0.00324505849275735,0.009454640082549249,0.0126996985753066
3215,0.00723181967841985,-0.0026862079042048997,-0.02042516064523915,0.01066279951390045,-0.0014971880285347002,0.0045456117742149,-0.0112595491598734,-0.0067139373856585,0.0053385934793993995,-0.00267308312072395,-0.010810643081951999,-0.0010857608314547,0.00309320575495695,0.0026655103586755,-0.00880319815844975,-0.00613768779977425,0.03381306920588635,-0.02085612474087,-0.040959385906656556,0.0088345954039444,0.00910896316248305,0.01295694446501625,-0.02301582734022905,-0.010058882875212699
3220,0.044049650731433,-0.02987850426110345,-0.08171729776895036,0.03062464317320645,0.00565201258759025,0.01417114647032945,-0.045440642008153606,-0.03126949553782405,0.0320923395840397,-0.0302624899356249,-0.0331022141745779,0.00438145618657395,0.01097778561175795,0.00182984964841475,-0.0177429723762459,-0.01591312272783115,0.048840573461105354,-0.03110370133848235,0.01159869627250975,0.015976306664136502,-0.03204416580653435,0.017736872122623,-0.00446916286988805,0.01326770925273495
3225,0.0694572418031441,-0.02370026000887145,-0.1014779295965191,0.0572074565426435,-0.00835800284988215,0.0457569817942726,-0.0526284759037577,-0.00687149410948505,0.03443505914385985,-0.01510667669529875,-0.0375358012390915,0.022442014120136848,-0.00473946611274835,0.01932838244856105,-0.019833253231703,-0.00050487078314195,0.012103443484132451,-0.0070988526102155,-0.03670149036139865,0.04473806798923755,-0.01711615329453095,0.00500459087391685,-0.0090795756666921,-0.0040749847927751505
3230,0.06271947670330676,-0.01838882931143415,-0.0832035036849473,0.041228994001364455,0.0004924640105226502,0.04433064739187255,-0.041482045673060144,0.00284860171881235,0.038462826527213195,-0.01870373033981285,-0.043230786152737705,0.02230089211863815,0.001297871102711,0.0197590961874003,-0.01963202293138845,0.00012707325601184997,0.02586849624640305,-0.0255585606850218,-0.01912851364856275,0.0169568455467621,0.00344783739031605,0.0003099355613813016,0.00127616928851545,0.00158610484989665
3235,0.06610455778017385,-0.029858985699220998,-0.04586800893994495,0.0322818002543824,-0.0024286726882214,0.03624557208095285,-0.0160148813737839,0.020230690707168847,0.042062449708227145,-0.0143554135986228,-0.0232745054294266,0.00889921430558475,-0.0030038049863810997,0.027707036109604302,-0.01737909611022295,0.010327939999381301,0.0078555699670687,0.0028805403892571,-0.051322293638562104,0.0349414498079568,0.0020226948584119503,0.010736110356325901,-0.014358148972193402,-0.0036220386158675
3240,0.0012515804067543,0.0097523275250498,-0.01374533904888655,0.006565496804631501,0.00449457350906725,0.0110039079318041,-0.0026852687351878,0.0083186391966163,-0.00714178097038915,0.007051546194402,0.00165821244626735,-0.00205124976499625,0.0031815333914038,-9.023477598720008e-05,0.002788496072674943,0.0026982612966877503,-0.03488089917179115,0.0169928347575478,0.00708687257792915,0.00772943796279525,0.0115502024372593,-0.01788806441424335,0.02636651297798375,0.008478448563740401
3245,0.00522364852275115,0.00529246934365605,-0.017265704043727348,0.01104967067923375,0.0004459339880537,0.0105161178664072,-0.0057700993764398505,0.0047460184899673,0.0065009919528236995,0.00425899188855815,-0.0088549697950474,0.00012390131470979993,-0.0004187348183114,0.010759983841381899,-0.00914980329864895,0.0016101805427328499,0.0036214623348011002,0.01188073987335275,-0.015407355812688601,-0.00256844156732155,-0.0028663871654619,0.01550220220815385,-0.020842184545472202,-0.0053399823373183495
3250,7.189153566544986e-05,0.0113738000760625,0.00161402895539205,-0.0042998539205706,-0.0026399857107325,0.01144569161172795,-0.0053258106759112005,0.00611988093581675,-0.0041668997156424,0.00415913903649105,-0.00036272124391060004,-0.00383072264579915,0.00032669057408655003,-7.76067915135006e-06,-0.00386675331562315,-0.0038745139947745,-0.0127806767898922,0.045952707699810455,-0.0167446808501457,0.012447877111844651,-0.00596887546901905,0.0331720309099182,-0.010265679207320001,0.0229063517025982
3255,0.01760606881921405,-0.0024648593125829,-0.00055617117560265,-0.00877814157933205,0.0006875254098545999,0.015141209506631101,-0.00864678734508005,0.006494422161551,0.0047979542212758,0.005709244515095699,0.0013488302269871,-0.00362115410797185,-0.0011637922959178001,0.01050719873637155,-0.00343611617690255,0.00707108255946895,0.0686037968102027,-0.056745129955622045,-0.01537752910953705,0.010635658105214399,-0.02092005195590895,0.011858666854580688,-0.025661922960231648,-0.01380325610565095
3260,-0.00282706241670685,-0.00293413361764955,-0.01734280568788335,-0.0015273113887522998,0.0108642976946321,-0.0057611960343564,-0.008005819382003499,-0.013767015416359999,-0.0089879453977576,0.0055248390718404,0.0068444616650828495,-0.0016270965919651,-0.0039657110834806,-0.0034631063259172,0.0012516539896370998,-0.0022114523362799995,-0.01672969322050145,-0.016675139058497702,0.00877019219721355,-0.018489413933518002,0.01054112960603865,-0.03340483227899915,0.0008219078697342002,-0.03258292440926495
3265,0.0005118920497187999,0.01282499229308955,-0.0277153479023711,0.0051231112104954,0.01119897917213385,0.0133368843428083,-0.01139325751974175,0.0019436268230664999,-0.00675313673960635,0.0125791668095455,-0.00105300800494035,-0.00264391758057125,0.0110594465708811,0.0058260300699391,0.00736252098536945,0.013188551055308551,0.0017269799097751502,-0.004130009988633301,0.00938480504167575,0.00032193969624734996,-0.0041807353884602,-0.00240303007885815,0.0055260093494629,0.00312297927060475
3270,-0.0007057964625061999,0.0257647606264274,-0.015605566566647149,0.00420265861087355,0.0075778463410993,0.0250589641639212,-0.0038250616146743,0.021233902549246897,-0.0234327119593017,0.02499746835979435,0.00256075208448795,-0.01454137800186965,0.02316023796020335,0.0015647564004926,0.0111796120428216,0.0127443684433143,-0.00438834714392825,-0.0119376757337401,0.06519841644912955,0.02947134058922525,-0.0038491847769667998,-0.016326022877668298,0.0908205722613881,0.0744945493837197
3275,0.0696109016413515,-0.02117439493759485,0.019091981645990498,0.00018085403833740014,0.0079996200148196,0.04843650670375655,0.0272724556991475,0.07570896240290415,0.0237507987707525,-0.0063624108273909,0.0191247471888965,-0.00229874946828785,0.00923280484884505,0.01738838794336155,0.02605880256945365,0.04344719051281525,0.0025147977430606504,0.01044106241315595,0.0691329294194777,-0.00514011870351775,0.01941798256399725,0.012955860156216602,0.08341079327995729,0.09636665343617395
3280,0.07962300155944885,-0.040920135583651804,0.0195505248406043,-0.0069024243079574,0.0003815547003561999,0.038702865975797,0.0130296552330031,0.0517325212088002,0.03970560277675115,-0.005738658283041,-0.003843920884127,-0.00729281092622525,0.0049099234630217,0.0339669444937101,-0.00622680834733055,0.027740136146379497,0.03406056582462035,-0.02237158496961145,0.04456628874565155,-0.01818088889122005,-0.01076696633050835,0.01168898085500885,0.0156184335239231,0.027307414378932
3285,-0.0040861234590919004,0.015286694418700501,0.008127379839094648,0.0006494659032449997,0.0027949152837936997,0.0112005709596086,0.011571761026133349,0.022772331985741953,-0.0068579756502291,0.014600740587052151,0.0022752575535082502,-0.011742922656558599,0.007014266216857059,0.007742764936823051,-0.0024533988861933503,0.0052893660506297,-0.0373969934415072,0.035628106445074054,0.04386289604008195,-0.01099232551641755,-0.0056462017508844,-0.0017688869964331512,0.027224368772779853,0.025455481776346697
3290,-0.0234324660759731,0.046720610304973195,0.02264054269938175,0.00952957868408645,-0.0023485251299215,0.023288144229000052,0.029821596253546696,0.0531097404825468,0.00240155519740495,0.0191865625626644,0.0250446742860864,-0.00990135992265645,-0.00459292821643625,0.02158811776006935,0.0105503861469936,0.032138503907063,0.0075074463423031,-0.01096571272258485,-0.00879302757481735,0.004968644864857199,-0.010514906848159901,-0.00345826638028185,-0.01433928955812,-0.0177975559384018
3295,0.0055812520415836,0.01629748342724315,0.038026642089065046,0.0036649897592123996,-0.00414279261281435,0.02187873546882675,0.0375488392354631,0.0594275747042899,0.0018636954842033001,0.01726443047144015,0.030561567259979702,-0.0032455568953909,-0.00242154456182935,0.0191281259556434,0.02489446580275945,0.04402259175840295,-0.03357030240197975,0.0464176168510069,0.06987226313600936,0.01930781509727235,-0.0096542230807244,0.01284731444902715,0.07952585515255725,0.09237316960158445
3300,0.018719926231606503,0.0279086513661287,0.02685051386534465,0.00722059473333005,-0.00075950693440425,0.046628577597735255,0.03331160166427055,0.07994017926200585,0.013839937532342899,0.0083941624444134,0.0177676085646306,0.00626522643039225,0.0016509081799567999,0.0222340999767563,0.025683743174979748,0.04791784315173615,0.013613416689137599,-0.0071272595785557506,0.02631043866276735,0.00699722145994495,-0.0250009063010414,0.00648615711058175,0.008306753821671,0.01479291093225275
3305,-0.0007535497270089501,0.00673449136040215,0.010938201303848701,-6.130949484600007e-05,0.0007523857236468001,0.0059809416333931505,0.01162927753264955,0.0176102191660427,0.00439755965234125,0.0050523695230808,0.0090413895953767,0.0008162468545241001,-0.0017634859218642,0.0094499291754221,0.00809415052803655,0.0175440797034587,0.0034227734936091003,0.0293997583095915,0.0152611327551616,0.00415459205857285,-0.0248745007486528,0.0328225318032006,-0.0054587759349185,0.02736375586828215
3310,0.016276734740111702,0.013159930379667902,0.0331132802437702,0.0072392112773485996,-0.0056564602733209495,0.029436665119779652,0.034696031247797895,0.0641326963675776,-0.00165512019433615,0.01988457074045805,0.01804896950603905,0.006775890067248,0.00275669532138385,0.01822945054612185,0.02758155489467095,0.04581100544079285,0.00213274388685625,0.036017346105897255,0.00434678701882755,0.020795473963517,-0.039159823778269646,0.0381500899927535,-0.0140175627959251,0.02413252719682835
3315,-0.0057098624304993,0.0266286433708654,0.00242691175673795,0.00413296377496725,-0.00094753052045605,0.02091878094036605,0.0056123450112491495,0.0265311259516152,0.00394631941735775,0.01856187771993445,-0.0117002363739602,0.0057619450165833,-0.0018827277944762002,0.0225081971372922,-0.007821019151853001,0.01468717798543915,-0.014199488602268148,0.061323323970039645,0.008745255775890349,-0.0211464173341179,0.0193028974967698,0.047123835367771455,0.00690173593854215,0.05402557130631365
3320,0.0107386916729733,0.0146436543549603,-0.01152822481715755,0.02027313364089085,-0.0048702163101048,0.02538234602793365,0.0038746925136284,0.02925703854156205,0.012401361349685398,0.00300559054882425,-0.00389479371865205,0.0023482101380710003,-0.00377937417423315,0.015406951898509701,-0.0053259577548142,0.01008099414369545,0.01345615526661275,-0.0047998825398584,-0.03975459487798305,-0.0060748760707307,0.0564093136502682,0.0086562727267543,0.010579842701554251,0.019236115428308602
3325,-0.0081678211305494,0.02813215032909365,-0.04168665606665725,0.018291564179485,-0.0020795232901516,0.0199643291985443,-0.0254746151773238,-0.0055102859787795,0.00417626532110835,0.0067981448994638505,-0.02307105144169655,0.00315049411506285,-0.005237137936196699,0.01097441022057225,-0.025157695262830397,-0.0141832850422581,-0.034546705870889094,0.03512934229026235,0.014775152861451049,0.012647663623404951,-0.014108928052397999,0.00058263641937325,0.013313888432458,0.01389652485183125
3330,-0.08220514717206245,0.0847694497275695,-0.03415073095934325,-0.00095657049958765,0.0030278107617307502,0.00256430255550705,-0.0320794906972002,-0.02951518814169315,-0.019180250986787748,0.0204482709297934,-0.0219809256893581,-0.0012379337231018502,-0.00430789404437855,0.0012680199430057,-0.02752675345683865,-0.026258733513832948,-0.0335311402644341,0.04527479607495475,-0.0186597391128695,-0.009524758573388633,0.0215508968918584,0.01174365581052065,-0.006633600794399749,0.0051100550161209
3335,-0.0370646045200246,0.0528023681681415,-0.0032781737277674003,0.00573034407381595,-0.00010901784343845004,0.01573776364811685,0.00234315250261005,0.018080916150726947,-0.0070248364297284,0.014232333226628001,0.0045415877362997,-0.00422458191954875,-0.00016992176458725003,0.0072074967968995506,0.00014708405216375,0.0073545808490633,-0.00451972781447695,0.016325193635808852,0.02642667487962165,-0.0012062300947339,-0.0050017695796365,0.01180546582133195,0.020218675205251148,0.03202414102658315
3340,-0.017642637389905298,0.030188320815743002,0.0095693417186437,-0.00115085255580165,-0.0037698728245831002,0.0125456834258376,0.0046486163382589,0.0171942997640966,-0.006461728233473518,0.02220545192658855,0.00430830132142,-0.0022663801573359504,-0.005011860760475,0.015743723693114997,-0.0029699395963908998,0.012773784096724049,0.0145007039265086,0.0019229239580454503,0.01374887223355465,-0.0047309710799406,-0.0022032520423333,0.016423627884554003,0.006814649111280851,0.023238276995834847
3345,-0.0126273247842693,0.0155329205562607,0.0127937958173403,-0.01569385894804385,0.00564554863968335,0.0029055957719913003,0.00274548550897975,0.00565108128097115,-0.00820179223687205,0.0106826630713603,0.0075309262554698,-0.0035198114061760497,-0.0040574483056494,0.0024808708344882,-4.633345635569994e-05,0.00243453737813255,-0.03734453499006725,0.02638543268355225,0.0322899966035038,-0.016446570291494298,0.00742933194463445,-0.01095910230651495,0.023272758256643947,0.012313655950129
3350,-0.013330471827968999,0.01606238986064635,0.0029898511505286503,0.0090135723752,0.0015239838044141,0.0027319180326773,0.01352740733014275,0.0162593253628201,0.002686905866381787,-0.00321074543282655,0.0036158013470761,-0.005741764144207,0.00055501541041055,-0.0005238395664448499,-0.0015709473867203498,-0.0020947869531651505,0.01104462303143615,-0.01253550924302545,0.0017793813924072,0.00620790266354255,-0.0013769963833813997,-0.0014908862115893002,0.0066102876725684006,0.0051194014609790995
3355,-0.0044969768461111,0.01327873669607385,-0.013659523166722051,0.008925944184040649,0.0035960376079336998,0.00878175984996275,-0.0011375413747477,0.00764421847521505,-0.00059490331679705,0.00566486451081335,0.005554399691516,0.0037646321705785,-0.007055819174654849,0.0050699611940162505,0.00226321268743975,0.007333173881456,0.00557363449285425,-0.00595597637196375,0.0011122818104923001,-0.0007258187669019001,0.01286833047245935,-0.00038234187910955,0.013254793516049749,0.012872451636940199
3360,0.0105361339766799,-0.0055425179017777,-0.01522181220051455,0.022120436571313448,-0.0006689729798709499,0.0049936160749020995,0.00622965139092795,0.011223267465830099,0.008601698376194448,-0.010149886500324449,-0.0048446521941731,0.0012206020622854002,0.006675416183199201,-0.00154818812413,0.0030513660513114497,0.00150317792718145,0.03535433950164585,0.0114371946833368,0.00292614015779695,0.0107793118673726,-0.02771208342504295,0.04679153418498265,-0.014006631399873449,0.03278490278510915
3365,-0.0041227242629382505,0.0028714833638643,-0.04383659823754035,0.0296348475095191,-0.0035060820866492,-0.0012512408990740498,-0.01770783281467045,-0.018959073713744452,0.0033443764853343,0.00473498872131145,-0.017218689731786647,0.0082362895998466,-0.007232586389656149,0.0080793652066458,-0.0162149865215962,-0.00813562131495035,0.0231765190527463,0.01182739308569575,-0.04161685091288135,0.0571280869810531,-0.04473693793018655,0.03500391213844215,-0.0292257018620148,0.005778210276427401
3370,0.021863367028097998,0.0005102433296364996,-0.03274253425283745,0.033266412569776,-0.00328906091271155,0.022373610357734497,-0.00276518259577295,0.0196084277619615,0.0136193128484266,-0.00296201280504115,-0.013017473671430649,0.00760356041923365,0.00185490984838005,0.01065730004338545,-0.0035590034038169,0.0070982966395685305,0.00784869922014575,0.005530313064324799,-0.016693583991339703,0.017621872650731,-0.00267288451577765,0.01337901228447055,-0.0017445958563863998,0.011634416428084101
3375,0.06178354051722415,-0.045578620125508,-0.01032278365468005,0.016296483017723,0.006807169894339649,0.0162049203917161,0.01278086925738265,0.0289857896490988,0.019249006352323052,-0.01012494010454035,-0.00157227583873975,0.005322524258452,0.00592309094928145,0.00912406624778265,0.00967333936899375,0.018797405616776452,0.035656581330113055,-0.007961514584409699,-0.01305657083479065,0.0162564114046593,-0.0095891567567984,0.0276950667457034,-0.00638931618692975,0.0213057505587736
3380,0.06757960372946925,-0.0500738456249723,-0.015349957065534301,-0.0026484945186489002,0.01393521169257225,0.0175057581044969,-0.00406323989161105,0.013442518212885852,0.0430666490761896,-0.02165455454669855,-0.01413730851490545,0.0166820023073558,-0.01374676251682445,0.021412094529491,-0.011202068724374101,0.0102100258051168,0.01445172808986775,-0.06288839343469585,0.01583923169722155,0.06232030453781285,-0.0345871821395121,-0.048436665344828045,0.04357235409552225,-0.0048643112493058
3385,0.0238583099658759,-0.021374817283884552,-0.00794319115450515,0.0037742025829448,0.015533365664527449,0.0024834926819913,0.011364377092966999,0.013847869774958398,-0.0017397301883860998,-0.00457611878580265,0.00928875438599375,0.00610797382030665,0.0059042737251168,-0.0063158489741887,0.0213010019314173,0.014985152957228551,-0.006706602665750951,-0.02063902795780445,0.028939397291590698,0.004751458608855801,-0.0135216498708663,-0.027345630623555398,0.0201692060295802,-0.00717642459397515
