period,decision_clock,year,first_date,last_date,index,industry,other,size,data_role,trend,vol,index_log_return,channel_position,channel
2011-05,14:30,2011,2011-05-09,2011-05-31,-0.07219210983503244,0.008198402245578237,0.008862718011166332,-0.017981674093112444,development_selection,down,low,-0.12724793036500265,0.7191708943720272,upper
2011-05,14:45,2011,2011-05-09,2011-05-31,-0.0714189609799816,0.0029365602952628137,0.012628797194066827,-0.01753353582777459,development_selection,down,low,-0.12724793036500265,0.7191708943720272,upper
2011-06,14:30,2011,2011-06-01,2011-06-30,0.0282639175080852,-0.004663645905590165,0.05931964488768334,-0.013813088228367746,development_selection,sideways,low,0.009439752713742764,0.35050900993501405,middle
2011-06,14:45,2011,2011-06-01,2011-06-30,0.028199242566756023,-0.0041121822079322546,0.05885581975166512,-0.013734234616095548,development_selection,sideways,low,0.009439752713742764,0.35050900993501405,middle
2011-07,14:30,2011,2011-07-01,2011-07-29,0.02914571686788604,0.002959994353659199,0.0016449809436138423,-0.012002739418858713,development_selection,sideways,low,0.006966763557044236,0.04180491422874534,lower
2011-07,14:45,2011,2011-07-01,2011-07-29,0.028966079322098336,0.003686551955123559,0.002333851886463331,-0.012728641393766966,development_selection,sideways,low,0.006966763557044236,0.04180491422874534,lower
2011-08,14:30,2011,2011-08-01,2011-08-31,-0.06474727553482286,0.011925066657212484,0.010543086625785,-0.005133388735389436,development_selection,sideways,low,-0.032041789995341255,0.06919325360375875,lower
2011-08,14:45,2011,2011-08-01,2011-08-31,-0.06161732461608079,0.01108232347894996,0.010410554097456021,-0.0036569408003624343,development_selection,sideways,low,-0.032041789995341255,0.06919325360375875,lower
2011-09,14:30,2011,2011-09-01,2011-09-30,-0.12450222504646774,-0.004233069719977863,0.002991074146928772,-0.014345000942466914,development_selection,down,low,-0.13072954710013293,0.0,lower
2011-09,14:45,2011,2011-09-01,2011-09-30,-0.13530561625669826,0.0001452687856911643,0.003932595657012417,-0.014189630817155177,development_selection,down,low,-0.13072954710013293,0.0,lower
2011-10,14:30,2011,2011-10-10,2011-10-31,-0.009331745010756993,0.01625341208532991,0.05384058248433301,0.003372958281509925,development_selection,sideways,low,0.03697689866222247,0.0,lower
2011-10,14:45,2011,2011-10-10,2011-10-31,-0.013659499493684588,0.018914960980318186,0.04199314298586353,0.0035738361155264005,development_selection,sideways,low,0.03697689866222247,0.0,lower
2011-11,14:30,2011,2011-11-01,2011-11-30,-0.10999128491882199,0.008015380854998961,0.04936822436217552,-0.0025395827371017692,development_selection,sideways,low,-0.040798914637044145,0.08672168750279052,lower
2011-11,14:45,2011,2011-11-01,2011-11-30,-0.11266238060676242,0.006928713021460149,0.05145611907685865,-0.003449237120886183,development_selection,sideways,low,-0.040798914637044145,0.08672168750279052,lower
2011-12,14:30,2011,2011-12-01,2011-12-30,-0.2981355856757169,0.004379017447562083,0.15366899096086484,-0.010238748345114977,development_selection,down,low,-0.16172709132367064,0.0,lower
2011-12,14:45,2011,2011-12-01,2011-12-30,-0.2907296951515011,0.008816805634849493,0.15976078106481864,-0.013170007003039606,development_selection,down,low,-0.16172709132367064,0.0,lower
2012-01,14:30,2012,2012-01-04,2012-01-31,-0.02008835924870578,-0.0027773711954437205,0.0147501958275011,0.00014859360646144376,development_selection,sideways,high,-0.0069876645741317085,0.0,lower
2012-01,14:45,2012,2012-01-04,2012-01-31,-0.009114118126443908,-0.0027659744611519604,0.0034195234593348963,-0.0025867046040183015,development_selection,sideways,high,-0.0069876645741317085,0.0,lower
2012-02,14:30,2012,2012-02-01,2012-02-29,0.16378930417097382,-0.004984389760793361,0.000950104616293874,-0.01154456187596567,development_selection,up,low,0.12336334569053185,0.0,lower
2012-02,14:45,2012,2012-02-01,2012-02-29,0.16157517106298447,-0.004502216595859001,0.0008077462985666613,-0.012314450142707054,development_selection,up,low,0.12336334569053185,0.0,lower
2012-03,14:30,2012,2012-03-01,2012-03-30,-0.03093359372925982,0.00039374465044648076,-0.037254274945861005,0.0017132488314156081,development_selection,sideways,high,-0.08136708466596862,0.19698472079683685,lower
2012-03,14:45,2012,2012-03-01,2012-03-30,-0.03178129404067085,0.00011027103844697293,-0.06160622429625224,-0.00036802663225317107,development_selection,sideways,high,-0.08136708466596862,0.19698472079683685,lower
2012-04,14:30,2012,2012-04-05,2012-04-27,0.06263750783653049,-0.0011485677479042729,-0.04870907398810775,-0.005987488828756777,development_selection,sideways,low,0.04823078171773059,0.07627906815555463,lower
2012-04,14:45,2012,2012-04-05,2012-04-27,0.06461960248975189,-0.0017889346443868605,-0.039218876806106265,-0.006371646333087342,development_selection,sideways,low,0.04823078171773059,0.07627906815555463,lower
2012-05,14:30,2012,2012-05-02,2012-05-31,0.002648099091410908,0.006392908166378515,0.04947557562398097,-0.04703634070891035,development_selection,sideways,low,-0.024964836306258613,0.23702201227241207,lower
2012-05,14:45,2012,2012-05-02,2012-05-31,0.00521060199241051,0.00884416348914478,0.05366729415254039,-0.047643818734696704,development_selection,sideways,low,-0.024964836306258613,0.23702201227241207,lower
2012-06,14:30,2012,2012-06-01,2012-06-29,-0.056659461717541215,0.01220631416694288,-0.024623480118291564,0.006966220286688782,development_selection,sideways,low,-0.08879574824377576,0.16928654026929857,lower
2012-06,14:45,2012,2012-06-01,2012-06-29,-0.05542147750169189,0.0153700636314667,-0.02225763874022617,0.00895099170008462,development_selection,sideways,low,-0.08879574824377576,0.16928654026929857,lower
2012-07,14:30,2012,2012-07-02,2012-07-31,-0.09722739082834946,0.0033430146758269756,-0.028148088152947053,-0.00405202996804242,development_selection,down,low,-0.11148290272727787,0.0,lower
2012-07,14:45,2012,2012-07-02,2012-07-31,-0.09857681803029575,0.0048603410236630045,-0.019087178921821293,-0.004896297099303154,development_selection,down,low,-0.11148290272727787,0.0,lower
2012-08,14:30,2012,2012-08-01,2012-08-31,0.0356737319230178,-0.006444700291950272,-0.03042495522520369,0.010328089791360096,development_selection,sideways,low,0.017860517973396862,0.0,lower
2012-08,14:45,2012,2012-08-01,2012-08-31,0.031789756650151366,-0.00893406857540724,-0.00869434591345243,0.007164608659099897,development_selection,sideways,low,0.017860517973396862,0.0,lower
2012-09,14:30,2012,2012-09-03,2012-09-28,0.00141477040539832,0.0036274055440842267,0.016190961959993193,-0.0018333944126875817,development_selection,sideways,low,0.005529393183743715,0.04381182918485396,lower
2012-09,14:45,2012,2012-09-03,2012-09-28,0.025326726116855727,-0.00047988320703210236,-0.0020434492286607884,-0.002636037376662125,development_selection,sideways,low,0.005529393183743715,0.04381182918485396,lower
2012-10,14:30,2012,2012-10-08,2012-10-31,-0.020164695600348018,0.0011554028670953786,0.02874816885918581,0.0015182979940996247,development_selection,sideways,low,-0.005267136740317137,0.05753481594517825,lower
2012-10,14:45,2012,2012-10-08,2012-10-31,-0.013133177492017669,0.002946237113483227,0.02411132883928527,0.00012852583737275967,development_selection,sideways,low,-0.005267136740317137,0.05753481594517825,lower
2012-11,14:30,2012,2012-11-01,2012-11-30,-0.07966585442874169,-0.006283739019427775,-0.048988286306931125,-0.009953921772244023,development_selection,down,low,-0.11992944910937847,0.051529277568667126,lower
2012-11,14:45,2012,2012-11-01,2012-11-30,-0.08816472537345622,-0.0007701037470281705,-0.0585620840234167,-0.009048892065569903,development_selection,down,low,-0.11992944910937847,0.051529277568667126,lower
2012-12,14:30,2012,2012-12-03,2012-12-31,0.08759100431947554,0.035525962057666574,0.08242839541329869,-0.010989988103466604,development_selection,up,low,0.15774057375938566,0.0,lower
2012-12,14:45,2012,2012-12-03,2012-12-31,0.10990017423150834,0.02978388326437319,0.05825775239667179,-0.009423355156422869,development_selection,up,low,0.15774057375938566,0.0,lower
2013-01,14:30,2013,2013-01-04,2013-01-31,0.07752130092741083,-0.0014210238401659967,-0.03129496831615925,0.0035082311902065125,development_selection,sideways,low,0.06180948220087554,0.3940583515741052,middle
2013-01,14:45,2013,2013-01-04,2013-01-31,0.07722067466576599,-0.004907507570260993,-0.01412042804116987,0.002597850448359616,development_selection,sideways,low,0.06180948220087554,0.3940583515741052,middle
2013-02,14:30,2013,2013-02-01,2013-02-28,0.05445325379638041,-0.0018025929973746876,-0.002554084752982772,0.002861767053808896,development_selection,sideways,low,0.03906570189122996,0.5662316825720359,middle
2013-02,14:45,2013,2013-02-01,2013-02-28,0.054288525465642515,0.0022265423167194577,-0.009967091399185581,0.003931333574728211,development_selection,sideways,low,0.03906570189122996,0.5662316825720359,middle
2013-03,14:30,2013,2013-03-01,2013-03-29,-0.04313588358679853,0.0020784400772973057,0.01622175885970735,0.004339174729614484,development_selection,sideways,low,-0.03962498159453089,0.7628796939235795,upper
2013-03,14:45,2013,2013-03-01,2013-03-29,-0.040695850164409575,0.000578609326367101,0.004413224275525291,0.00043510885588340584,development_selection,sideways,low,-0.03962498159453089,0.7628796939235795,upper
2013-04,14:30,2013,2013-04-01,2013-04-26,-0.021091513295991463,-0.004520475955122139,0.02753146420481257,0.0018022930336849578,development_selection,sideways,low,-0.03677837729609714,0.6328201574521799,middle
2013-04,14:45,2013,2013-04-01,2013-04-26,-0.02126582023294519,-0.006064319887867045,0.029821475818040698,0.0011087178878322476,development_selection,sideways,low,-0.03677837729609714,0.6328201574521799,middle
2013-05,14:30,2013,2013-05-02,2013-05-31,0.12672908667424318,-0.005008366504539034,0.023398373214202964,0.001428461268746454,development_selection,sideways,low,0.10363820393268479,0.5667203187960339,middle
2013-05,14:45,2013,2013-05-02,2013-05-31,0.13671618503990163,-0.005163411574261778,0.0015917621192743066,0.0011761641105322077,development_selection,sideways,low,0.10363820393268479,0.5667203187960339,middle
2013-06,14:30,2013,2013-06-03,2013-06-28,-0.13452351654914044,-0.011497040708565304,-0.038828920158729276,-0.019042764115220386,development_selection,down,high,-0.19560499713137505,1.0,upper
2013-06,14:45,2013,2013-06-03,2013-06-28,-0.14427096988053772,-0.008033598214917552,-0.007132010083629968,-0.02075048456585378,development_selection,down,high,-0.19560499713137505,1.0,upper
2013-07,14:30,2013,2013-07-01,2013-07-31,0.02981167963369669,0.004154240726319222,0.028175340167026587,-0.012068205272281042,development_selection,sideways,low,0.05990317009036498,0.28541818192413504,lower
2013-07,14:45,2013,2013-07-01,2013-07-31,0.03396735455414872,0.0011192397122473648,0.04989016700447092,-0.01250499558315535,development_selection,sideways,low,0.05990317009036498,0.28541818192413504,lower
2013-08,14:30,2013,2013-08-01,2013-08-30,0.0369825359654227,0.0027192020089915232,0.02796294201197116,-0.0075663942609262855,development_selection,sideways,low,0.07745715176460845,0.48960482821510054,middle
2013-08,14:45,2013,2013-08-01,2013-08-30,0.03784699983212197,0.0023758662669653083,0.017287801141452376,-0.0029358615072267277,development_selection,sideways,low,0.07745715176460845,0.48960482821510054,middle
2013-09,14:30,2013,2013-09-02,2013-09-30,0.045348305247373086,-0.005177532427021009,0.010331799263998675,-0.007100553712294437,development_selection,sideways,low,0.04704181128763344,0.7724248146778736,upper
2013-09,14:45,2013,2013-09-02,2013-09-30,0.042587364033929084,-0.004066058947578272,0.024184369544263822,-0.00676232231513194,development_selection,sideways,low,0.04704181128763344,0.7724248146778736,upper
2013-10,14:30,2013,2013-10-08,2013-10-31,-0.020798953053184303,-0.008504855458970187,0.03576255422494087,0.0011064125476576473,development_selection,sideways,low,-0.022683135621915998,0.9551921996987235,upper
2013-10,14:45,2013,2013-10-08,2013-10-31,-0.019624137852814534,-0.008542725159353125,0.051892579084296155,0.001427025225497821,development_selection,sideways,low,-0.022683135621915998,0.9551921996987235,upper
2013-11,14:30,2013,2013-11-01,2013-11-29,0.06777024475164602,0.010217664832100423,0.019558008286138278,0.0028963630271884684,development_selection,sideways,low,0.08815913466507277,0.8659898204189428,upper
2013-11,14:45,2013,2013-11-01,2013-11-29,0.06831771061459688,0.010519932857844028,0.01043873385170934,0.0020484084164143807,development_selection,sideways,low,0.08815913466507277,0.8659898204189428,upper
2013-12,14:30,2013,2013-12-02,2013-12-31,-0.02373038299408034,0.0008390087149209675,-7.531285967316264e-05,-0.008486131368560778,development_selection,sideways,low,-0.022423353003779872,1.0,upper
2013-12,14:45,2013,2013-12-02,2013-12-31,-0.020702278337986286,0.0028862847846029844,-0.0025349741685258024,-0.002009486525063396,development_selection,sideways,low,-0.022423353003779872,1.0,upper
2014-01,14:30,2014,2014-01-02,2014-01-30,0.03526168538153441,0.0002606429062202198,0.00525306169558216,0.00736451525929697,development_selection,sideways,low,0.016559987239012128,0.8997133108696884,upper
2014-01,14:45,2014,2014-01-02,2014-01-30,0.025299911210555456,0.00398575202085943,0.02203347352835429,0.006496866277136143,development_selection,sideways,low,0.016559987239012128,0.8997133108696884,upper
2014-02,14:30,2014,2014-02-07,2014-02-28,0.029053248931550507,-0.00935930188346416,-0.00932512351510622,-0.0004546432164555444,development_selection,sideways,high,0.032391076167172794,0.973559040813635,upper
2014-02,14:45,2014,2014-02-07,2014-02-28,0.03129870051585495,-0.007222382595146794,-0.01805315811549192,-0.00107269935560572,development_selection,sideways,high,0.032391076167172794,0.973559040813635,upper
2014-03,14:30,2014,2014-03-03,2014-03-31,-0.017337651316558962,-0.00449477490834642,-0.004508909740786163,-0.0066587326884025005,development_selection,sideways,low,-0.028207835990373457,1.0,upper
2014-03,14:45,2014,2014-03-03,2014-03-31,-0.02140936937948203,-0.00651224883486687,-0.011790022846317633,-0.007992909942900693,development_selection,sideways,low,-0.028207835990373457,1.0,upper
2014-04,14:30,2014,2014-04-01,2014-04-30,-0.02635013126967596,0.002096519589818632,-7.619027714552903e-05,-0.009043578437090055,development_selection,sideways,low,-0.028572835693120507,0.8848269592018774,upper
2014-04,14:45,2014,2014-04-01,2014-04-30,-0.02773739841734319,0.0006839421693002017,-0.01388276308041829,-0.010449098416982824,development_selection,sideways,low,-0.028572835693120507,0.8848269592018774,upper
2014-05,14:30,2014,2014-05-05,2014-05-30,0.010057917061959347,-0.005727933719199504,0.04606127221799722,0.0036501790390476357,development_selection,sideways,low,0.0011899093042528831,0.7714290581470411,upper
2014-05,14:45,2014,2014-05-05,2014-05-30,0.011447992064692557,-0.00573944385025104,0.04517030076144182,0.004081217458166477,development_selection,sideways,low,0.0011899093042528831,0.7714290581470411,upper
2014-06,14:30,2014,2014-06-03,2014-06-30,0.021661904553859367,-1.8810904939340223e-05,0.03720992684422887,0.011063948491236025,development_selection,sideways,low,0.02714925141639286,0.7760871136394561,upper
2014-06,14:45,2014,2014-06-03,2014-06-30,0.02891703799046641,-0.0017451035719770378,0.034067547024390334,0.013948396697153437,development_selection,sideways,low,0.02714925141639286,0.7760871136394561,upper
2014-07,14:30,2014,2014-07-01,2014-07-31,0.08700148113049998,-0.014964656492640671,-0.012147130232104753,-0.007637544127416435,development_selection,sideways,low,0.0648324342507364,0.8559566770228678,upper
2014-07,14:45,2014,2014-07-01,2014-07-31,0.08782100139865129,-0.007860895639937034,-0.03739809210669543,-0.010691521994287051,development_selection,sideways,low,0.0648324342507364,0.8559566770228678,upper
2014-08,14:30,2014,2014-08-01,2014-08-29,0.03020870705898785,0.00544303086302789,0.049956252005980216,-0.0017942655925081877,development_selection,sideways,low,0.05206969792214461,1.0,upper
2014-08,14:45,2014,2014-08-01,2014-08-29,0.034241801316057745,0.00565367556254775,0.043322089598381394,-0.0021208333660375864,development_selection,sideways,low,0.05206969792214461,1.0,upper
2014-09,14:30,2014,2014-09-01,2014-09-30,0.11654745813640925,0.013203679505010729,0.020040558288286284,-0.013800363962642781,development_selection,up,low,0.1260646185528318,1.0,upper
2014-09,14:45,2014,2014-09-01,2014-09-30,0.12519776872632066,0.015081149955886572,0.03298949721752317,-0.014853114594649247,development_selection,up,low,0.1260646185528318,1.0,upper
2014-10,14:30,2014,2014-10-08,2014-10-31,0.01746425280093066,-0.0011115250094841421,-0.0030647366462309743,-0.0004531459316175993,development_selection,sideways,low,0.015450485276894788,1.0,upper
2014-10,14:45,2014,2014-10-08,2014-10-31,0.01594503907472524,-0.0003435110983440974,-0.0027702202189827997,0.0018661294073277126,development_selection,sideways,low,0.015450485276894788,1.0,upper
2014-11,14:30,2014,2014-11-03,2014-11-28,0.0007773982019021144,0.0057051347119561075,0.044752682119317204,0.007322369126264126,development_selection,sideways,low,0.0587666427309052,1.0,upper
2014-11,14:45,2014,2014-11-03,2014-11-28,0.008455227097759753,0.007652029920749881,0.029483922811681287,0.0062016324183997145,development_selection,sideways,low,0.0587666427309052,1.0,upper
2014-12,14:30,2014,2014-12-01,2014-12-31,-0.035056381836810334,-0.0065622401506391925,-0.103264724967344,0.03980540833056897,development_selection,sideways,high,-0.04364507352751157,1.0,upper
2014-12,14:45,2014,2014-12-01,2014-12-31,-0.03881004536120185,-0.004628758136663936,-0.09962325411065315,0.039808375575888545,development_selection,sideways,high,-0.04364507352751157,1.0,upper
2015-01,14:30,2015,2015-01-05,2015-01-30,0.062207952578136466,0.009186318245084325,0.057529230074180704,-0.0013101808305261225,development_selection,sideways,high,0.08013166835934366,0.8538205122897391,upper
2015-01,14:45,2015,2015-01-05,2015-01-30,0.06389386775309294,0.0049029640264427465,0.04863400743385423,-0.0014186558548475315,development_selection,sideways,high,0.08013166835934366,0.8538205122897391,upper
2015-02,14:30,2015,2015-02-02,2015-02-27,0.05833144282821957,0.02049045892092152,0.026255378069523348,-0.0005077251683909437,development_selection,sideways,low,0.07736402944343242,1.0,upper
2015-02,14:45,2015,2015-02-02,2015-02-27,0.05460964741962858,0.015310409886305889,0.021418184267987056,-0.00011488264788270762,development_selection,sideways,low,0.07736402944343242,1.0,upper
2015-03,14:30,2015,2015-03-02,2015-03-31,0.2442443215590232,0.009799486596555758,-0.0054242566933108225,-0.009006011435538962,development_selection,up,low,0.21125637234674277,1.0,upper
2015-03,14:45,2015,2015-03-02,2015-03-31,0.2561121979962536,0.0033690893913208833,0.0021540386534755268,-0.015438267066898208,development_selection,up,low,0.21125637234674277,1.0,upper
2015-04,14:30,2015,2015-04-01,2015-04-30,0.11121664620129279,0.0124617899239055,0.03298559093911775,-0.0140974289424575,development_selection,up,high,0.13068784835948197,1.0,upper
2015-04,14:45,2015,2015-04-01,2015-04-30,0.11054362956424654,0.008103344730214318,0.044392040644263026,-0.014579539708004989,development_selection,up,high,0.13068784835948197,1.0,upper
2015-05,14:30,2015,2015-05-04,2015-05-29,0.24749415363654587,0.0048146663424981796,0.016108060921386842,-0.014071043522063531,development_selection,up,high,0.19309492750630816,1.0,upper
2015-05,14:45,2015,2015-05-04,2015-05-29,0.2440379105232453,0.006239308227221748,0.00827780132577364,-0.008844496061259883,development_selection,up,high,0.19309492750630816,1.0,upper
2015-06,14:30,2015,2015-06-01,2015-06-30,-0.05508559538422896,-0.014884440878275519,-0.11896418976241005,0.001857260861590368,development_selection,down,high,-0.14518128468854574,1.0,upper
2015-06,14:45,2015,2015-06-01,2015-06-30,-0.08043106359885145,-0.007085805121764375,-0.06777450780740571,0.0012119476253583247,development_selection,down,high,-0.14518128468854574,1.0,upper
2015-07,14:30,2015,2015-07-01,2015-07-31,0.4361222274725019,-0.06410663335398986,-0.38615169010805506,-0.15423135461252088,development_selection,down,high,-0.1751333435324956,0.7724758038710944,upper
2015-07,14:45,2015,2015-07-01,2015-07-31,0.4410819089575786,-0.07618621272849985,-0.44192504041310565,-0.1329651408152981,development_selection,down,high,-0.1751333435324956,0.7724758038710944,upper
2015-08,14:30,2015,2015-08-03,2015-08-31,-0.047600891061870695,-0.038367710337071204,-0.0564611222385892,-0.032957213720338524,development_selection,down,high,-0.15681808296599903,0.5210334952065798,middle
2015-08,14:45,2015,2015-08-03,2015-08-31,-0.05138578741403254,-0.03833877134870581,-0.06502158991403854,-0.01883405273713532,development_selection,down,high,-0.15681808296599903,0.5210334952065798,middle
2015-09,14:30,2015,2015-09-01,2015-09-30,-0.0496200541993016,0.0072545895674563515,0.006435253154353559,-0.000516649633843382,development_selection,sideways,high,-0.037384337349329104,0.26287680539194663,lower
2015-09,14:45,2015,2015-09-01,2015-09-30,-0.04984541120460048,0.012742072451001622,-0.014479331027242026,-0.001935665154694896,development_selection,sideways,high,-0.037384337349329104,0.26287680539194663,lower
2015-10,14:30,2015,2015-10-08,2015-10-30,0.15442790116353172,-0.011668071772715623,0.03971671992372856,0.0038939045758992425,development_selection,up,high,0.20850429825479166,0.20700119397372108,lower
2015-10,14:45,2015,2015-10-08,2015-10-30,0.15107018894011795,-0.010725434482211426,0.05210298589467076,0.002737735526039168,development_selection,up,high,0.20850429825479166,0.20700119397372108,lower
2015-11,14:30,2015,2015-11-02,2015-11-30,0.07583692017259072,-0.008809179303055055,-0.011936743332943183,0.004006796931400995,development_selection,sideways,high,0.09490741827992666,0.4724313132998047,middle
2015-11,14:45,2015,2015-11-02,2015-11-30,0.08789481907236098,-0.012027622807362956,0.007144088797657549,0.0019524148694486357,development_selection,sideways,high,0.09490741827992666,0.4724313132998047,middle
2015-12,14:30,2015,2015-12-01,2015-12-31,0.047683027019466806,0.005731983929901657,-0.0029851737271489073,0.001948658359773002,development_selection,sideways,low,0.06809570269145401,0.6191442699636318,middle
2015-12,14:45,2015,2015-12-01,2015-12-31,0.04874959009232206,0.003185147111322528,-0.024625601086579893,0.0006865951955986202,development_selection,sideways,low,0.06809570269145401,0.6191442699636318,middle
2016-01,14:30,2016,2016-01-04,2016-01-29,-0.24623061932498141,-0.039279692554184245,-0.09375262511851068,0.002081292024320504,development_selection,down,high,-0.3593431666255189,0.7090221469312333,upper
2016-01,14:45,2016,2016-01-04,2016-01-29,-0.25875247528175405,-0.03516566397696359,-0.08525214494429273,0.002401120954763511,development_selection,down,high,-0.3593431666255189,0.7090221469312333,upper
2016-02,14:30,2016,2016-02-01,2016-02-29,-0.012953630904374049,-0.0014904384412774401,-0.0062676308320691355,0.0012556814890525591,development_selection,sideways,high,-0.020306200422787926,0.04696213537442602,lower
2016-02,14:45,2016,2016-02-01,2016-02-29,-0.011346943505785155,0.0026478934647073,-0.014978946057585516,0.0003369671523540887,development_selection,sideways,high,-0.020306200422787926,0.04696213537442602,lower
2016-03,14:30,2016,2016-03-01,2016-03-31,0.13373275192720047,0.002803362906706881,0.023617345698467053,-0.013632512051864885,development_selection,up,high,0.18676663382947845,0.0,lower
2016-03,14:45,2016,2016-03-01,2016-03-31,0.12882617979433483,-0.000574750097816006,0.029098366341547704,-0.012856214004728004,development_selection,up,high,0.18676663382947845,0.0,lower
2016-04,14:30,2016,2016-04-01,2016-04-29,-0.019260542495735396,-0.0030812033224662306,-0.030331609997247225,0.003921109859380205,development_selection,sideways,high,-0.014819768827953545,0.2991174634761213,lower
2016-04,14:45,2016,2016-04-01,2016-04-29,-0.02383480170847333,-0.0016815711968721707,-0.03177978424064889,0.0056390892372139845,development_selection,sideways,high,-0.014819768827953545,0.2991174634761213,lower
2016-05,14:30,2016,2016-05-03,2016-05-31,-0.03748294422359528,0.008682669930085919,0.008806143766886034,-0.0004146520441829626,development_selection,sideways,high,-0.04840692967886314,0.27328923346632955,lower
2016-05,14:45,2016,2016-05-03,2016-05-31,-0.04442361455167913,0.007965142043577417,0.028130413146935047,0.0006119833969559417,development_selection,sideways,high,-0.04840692967886314,0.27328923346632955,lower
2016-06,14:30,2016,2016-06-01,2016-06-30,0.028092413441695847,-0.0027030744068887082,-0.005182158299903606,0.004126850794232969,development_selection,sideways,high,0.02887129679019845,0.28476218419776866,lower
2016-06,14:45,2016,2016-06-01,2016-06-30,0.02886496927116528,-0.002149552190469744,-0.002353670576942809,0.002854384854381924,development_selection,sideways,high,0.02887129679019845,0.28476218419776866,lower
2016-07,14:30,2016,2016-07-01,2016-07-29,-0.02697248084738703,0.006345718502394081,0.03886136766059699,-0.005383824355889117,development_selection,sideways,low,-0.01461780515741368,0.35653762311888637,middle
2016-07,14:45,2016,2016-07-01,2016-07-29,-0.03290930729196906,0.00553800663017656,0.04720161451219535,-0.007974068550230983,development_selection,sideways,low,-0.01461780515741368,0.35653762311888637,middle
2016-08,14:30,2016,2016-08-01,2016-08-31,0.049542524459311316,-0.004708901562624468,0.008570174716214832,-0.00601095100785884,development_selection,sideways,low,0.04651331225062629,0.31993808336205765,lower
2016-08,14:45,2016,2016-08-01,2016-08-31,0.054432598706072914,-0.0022428874113535387,0.00029219255933195265,-0.00618760283191227,development_selection,sideways,low,0.04651331225062629,0.31993808336205765,lower
2016-09,14:30,2016,2016-09-01,2016-09-30,-0.007697755221531369,-0.0035372590096501193,0.002835352658462297,-0.004085675734944427,development_selection,sideways,low,-0.01204696705902018,0.43827820899519326,middle
2016-09,14:45,2016,2016-09-01,2016-09-30,-0.01061304289552572,-0.00046061694231320106,-0.005840655539389248,-0.0015158409571983745,development_selection,sideways,low,-0.01204696705902018,0.43827820899519326,middle
2016-10,14:30,2016,2016-10-10,2016-10-31,0.004704175245250389,0.003434438758509714,0.025853331833063656,0.004047973821996008,development_selection,sideways,low,0.03154132176756098,0.4070979132045662,middle
2016-10,14:45,2016,2016-10-10,2016-10-31,0.012916090589859444,0.0008507382530988212,0.028211236458589962,0.003109904365321628,development_selection,sideways,low,0.03154132176756098,0.4070979132045662,middle
2016-11,14:30,2016,2016-11-01,2016-11-30,0.00647384918189592,0.008859981305124758,-0.008129307999653005,0.00026223888727183373,development_selection,sideways,low,0.032275550195154004,0.4895365721449321,middle
2016-11,14:45,2016,2016-11-01,2016-11-30,0.005539819681795262,0.007420862349231055,-0.004380178235990462,0.0011491934864729335,development_selection,sideways,low,0.032275550195154004,0.4895365721449321,middle
2016-12,14:30,2016,2016-12-01,2016-12-30,-0.022438159185850785,-0.014992047306282938,-0.0537392597040816,-0.0002969875361149557,development_selection,sideways,low,-0.05720998408316917,0.5766295598836412,middle
2016-12,14:45,2016,2016-12-01,2016-12-30,-0.013858729272068696,-0.0015548254035992657,-0.06736713474162433,-0.000421682294526613,development_selection,sideways,low,-0.05720998408316917,0.5766295598836412,middle
2017-01,14:30,2017,2017-01-03,2017-01-26,-0.011612148273424293,0.0017248354330798457,-0.04257514598362658,-0.0007438466072995037,development_listing,sideways,low,-0.025221630611599998,0.7355702032320388,upper
2017-01,14:45,2017,2017-01-03,2017-01-26,-0.010157792815952641,0.0018833359930959317,-0.044579102351131765,-0.0020302084514393364,development_listing,sideways,low,-0.025221630611599998,0.7355702032320388,upper
2017-02,14:30,2017,2017-02-03,2017-02-28,0.004466346378467602,0.003524237267914968,0.03548012753062653,0.0004736899144393351,development_listing,sideways,low,0.043236554009543106,0.6237129337771827,middle
2017-02,14:45,2017,2017-02-03,2017-02-28,0.0042884699321256575,0.003742987426828051,0.0331980374146499,0.0004218143709693818,development_listing,sideways,low,0.043236554009543106,0.6237129337771827,middle
2017-03,14:30,2017,2017-03-01,2017-03-31,-0.002085219430244034,-0.0040311003169228475,-0.04054964631850942,-0.0013494037552010882,development_listing,sideways,low,-0.022012878064984573,0.638871537203427,middle
2017-03,14:45,2017,2017-03-01,2017-03-31,-0.005514693718469636,-0.0033474584380070098,-0.023986026993289528,-0.0022322403772405274,development_listing,sideways,low,-0.022012878064984573,0.638871537203427,middle
2017-04,14:30,2017,2017-04-05,2017-04-28,-0.03911271003382073,-0.009990428803130814,-0.0028056202027244015,-0.0022591509379071063,development_listing,sideways,low,-0.07006177908203594,0.44217485233135145,middle
2017-04,14:45,2017,2017-04-05,2017-04-28,-0.04919675847814795,-0.014867467319766169,0.010492351710075587,-0.0007094762210320545,development_listing,sideways,low,-0.07006177908203594,0.44217485233135145,middle
2017-05,14:30,2017,2017-05-02,2017-05-31,-0.09733851464324128,-0.0038088873452772893,-0.0015373643139123642,0.003939746105868366,development_listing,down,low,-0.10342833238249861,0.0,lower
2017-05,14:45,2017,2017-05-02,2017-05-31,-0.09601778136529619,-0.005593289350243718,-0.0039506413218368605,0.0057059636177205384,development_listing,down,low,-0.10342833238249861,0.0,lower
2017-06,14:30,2017,2017-06-01,2017-06-30,0.041450171034132455,-0.00488269855503712,-0.015283753881731468,-0.007972277492033959,development_listing,sideways,low,0.01810054214088601,0.0,lower
2017-06,14:45,2017,2017-06-01,2017-06-30,0.04062799854778322,-0.004193140814650595,-0.020923255460465674,-0.005917455100444872,development_listing,sideways,low,0.01810054214088601,0.0,lower
2017-07,14:30,2017,2017-07-03,2017-07-31,-0.008403603260881184,-0.009307577079207175,-0.025645565525104094,-0.012072214742037101,development_listing,sideways,low,-0.013577944460538475,0.06904912387919115,lower
2017-07,14:45,2017,2017-07-03,2017-07-31,-0.009650014292511534,-0.008368551113591435,-0.01894586634499048,-0.011436127651052383,development_listing,sideways,low,-0.013577944460538475,0.06904912387919115,lower
2017-08,14:30,2017,2017-08-01,2017-08-31,0.007594378544144493,0.0007914970224143338,0.04234896556101936,0.006726252637116519,development_listing,sideways,low,0.04066711129683381,0.01713564962592269,lower
2017-08,14:45,2017,2017-08-01,2017-08-31,0.010270839139629773,0.0008558418470146028,0.039638516266598,0.008382634362112559,development_listing,sideways,low,0.04066711129683381,0.01713564962592269,lower
2017-09,14:30,2017,2017-09-01,2017-09-29,0.013139150050314217,-0.0007381739108691028,-0.0018499813906376803,0.0002817497620919611,development_listing,sideways,low,0.014072229688725279,0.17475093005603543,lower
2017-09,14:45,2017,2017-09-01,2017-09-29,0.013320803501838153,-0.0010342719740089072,0.008462647325640473,9.187210745650052e-05,development_listing,sideways,low,0.014072229688725279,0.17475093005603543,lower
2017-10,14:30,2017,2017-10-09,2017-10-31,-0.005001605351940347,-0.0043173001517250635,0.0006574752106034598,-0.004481140685026718,development_listing,sideways,low,-0.026392949090640966,0.23080124584698752,lower
2017-10,14:45,2017,2017-10-09,2017-10-31,-0.005173893138617557,-0.005164532015645372,0.005217217974002132,-0.0034165894672271695,development_listing,sideways,low,-0.026392949090640966,0.23080124584698752,lower
2017-11,14:30,2017,2017-11-01,2017-11-30,-0.01542433161949217,0.0006755329017333529,-0.01472141367832195,-0.02988111250413396,development_listing,sideways,low,-0.07494573764719308,0.12632039992809835,lower
2017-11,14:45,2017,2017-11-01,2017-11-30,-0.014790417247152382,-0.003087818059214087,-0.0072714844394410096,-0.024362582401169966,development_listing,sideways,low,-0.07494573764719308,0.12632039992809835,lower
2017-12,14:30,2017,2017-12-01,2017-12-29,-0.013964947301708506,-0.004572905059436352,-0.018021194976424543,0.0007177751492138732,development_listing,sideways,low,-0.01783552862252709,0.0,lower
2017-12,14:45,2017,2017-12-01,2017-12-29,-0.010947937500185047,-0.00678803804536037,-0.02105835879212177,0.0009744797537344304,development_listing,sideways,low,-0.01783552862252709,0.0,lower
2018-01,14:30,2018,2018-01-02,2018-01-31,0.0,0.0,-0.0696325399663781,0.0,consumed_blackbox_diagnostic,sideways,low,-0.03343153793864288,0.0,lower
2018-01,14:45,2018,2018-01-02,2018-01-31,0.0,0.0,-0.05788469071678632,0.0,consumed_blackbox_diagnostic,sideways,low,-0.03343153793864288,0.0,lower
2018-01,14:30,2018,2018-01-08,2018-01-31,-0.04886740398102851,-0.0003148538638797835,0.0,-0.0024473258690126667,consumed_blackbox_diagnostic,sideways,low,-0.03343153793864288,0.0,lower
2018-01,14:45,2018,2018-01-08,2018-01-31,-0.043719581381523945,-0.00023017530045872487,0.0,-0.002579409816060538,consumed_blackbox_diagnostic,sideways,low,-0.03343153793864288,0.0,lower
2018-02,14:30,2018,2018-02-01,2018-02-28,-0.033904940681674725,0.0013634900661485894,-0.013687473168252874,0.0075487470239196,consumed_blackbox_diagnostic,sideways,high,-0.043155464768083254,0.0,lower
2018-02,14:45,2018,2018-02-01,2018-02-28,-0.02754287719915477,0.0013349184697745839,-0.0021724966851315378,0.004217468454139225,consumed_blackbox_diagnostic,sideways,high,-0.043155464768083254,0.0,lower
2018-03,14:30,2018,2018-03-01,2018-03-30,0.032461235272672924,-0.0050229873350125165,-0.008410184547518898,0.006653383315102568,consumed_blackbox_diagnostic,sideways,high,0.06115542651450545,0.0,lower
2018-03,14:45,2018,2018-03-01,2018-03-30,0.03384942636670823,-0.0019408150634621184,-0.0007074114874404392,0.0060742288941880935,consumed_blackbox_diagnostic,sideways,high,0.06115542651450545,0.0,lower
2018-04,14:30,2018,2018-04-02,2018-04-27,-0.04762294046447199,0.0015568956695680247,0.00021899572925886612,0.007318939415358369,consumed_blackbox_diagnostic,sideways,low,-0.04457727321165586,0.23257411543923004,lower
2018-04,14:45,2018,2018-04-02,2018-04-27,-0.04713240770177185,-0.003987199983793659,0.004396334435071142,0.005223284722689389,consumed_blackbox_diagnostic,sideways,low,-0.04457727321165586,0.23257411543923004,lower
2018-05,14:30,2018,2018-05-02,2018-05-31,-0.01738487556093094,-0.004280148601222644,-0.02972730986379343,0.004096920230944254,consumed_blackbox_diagnostic,sideways,low,-0.034321262505736125,0.07730580577761868,lower
2018-05,14:45,2018,2018-05-02,2018-05-31,-0.019134435051840606,-0.005317003846961201,-0.016708605519636988,0.0040105286937348675,consumed_blackbox_diagnostic,sideways,low,-0.034321262505736125,0.07730580577761868,lower
2018-06,14:30,2018,2018-06-01,2018-06-29,-0.10599930767444474,0.0005193875456142634,0.010109900597868031,0.012283459889807067,consumed_blackbox_diagnostic,down,high,-0.13499231222249386,0.0,lower
2018-06,14:45,2018,2018-06-01,2018-06-29,-0.1087207070425649,0.0032588130479852756,0.02521084599499098,0.010633889391081926,consumed_blackbox_diagnostic,down,high,-0.13499231222249386,0.0,lower
2018-07,14:30,2018,2018-07-02,2018-07-31,-0.0022444577610294366,0.002563688420471674,-0.02835023538946738,-0.013421131235168452,consumed_blackbox_diagnostic,sideways,low,-0.0016469899303531443,0.0,lower
2018-07,14:45,2018,2018-07-02,2018-07-31,-0.00012493803814769594,0.0010012671859392986,0.001308780293869538,-0.017960847223258584,consumed_blackbox_diagnostic,sideways,low,-0.0016469899303531443,0.0,lower
2018-08,14:30,2018,2018-08-01,2018-08-31,-0.08525512958750217,-0.0004644080555536277,-0.011315319577913374,0.010201683932011658,consumed_blackbox_diagnostic,sideways,low,-0.08242447965373784,0.0,lower
2018-08,14:45,2018,2018-08-01,2018-08-31,-0.09134127585004215,-0.004235753686372284,-0.0017209322836294182,0.01047634093602186,consumed_blackbox_diagnostic,sideways,low,-0.08242447965373784,0.0,lower
2018-09,14:30,2018,2018-09-03,2018-09-28,-0.012103680410499583,-0.005711674197042106,-0.0056581979910366054,-0.0022282971642767564,consumed_blackbox_diagnostic,sideways,low,-0.006974925821961598,0.0,lower
2018-09,14:45,2018,2018-09-03,2018-09-28,-0.012060857952992847,-0.005507589667182876,0.00467160483090146,-0.003969774490573383,consumed_blackbox_diagnostic,sideways,low,-0.006974925821961598,0.0,lower
2018-10,14:30,2018,2018-10-08,2018-10-31,-0.07851626817794376,-0.00866324170948831,-0.016225119086383737,0.010794413143418944,consumed_blackbox_diagnostic,down,high,-0.09530768295807239,0.0,lower
2018-10,14:45,2018,2018-10-08,2018-10-31,-0.07838691006207918,-0.009121447719981877,-0.022178662588611266,0.009818273714950036,consumed_blackbox_diagnostic,down,high,-0.09530768295807239,0.0,lower
2018-11,14:30,2018,2018-11-01,2018-11-30,0.04982017224006806,-0.002022523739453818,-0.024777846333480198,-0.002600873079968984,consumed_blackbox_diagnostic,sideways,high,0.059662573842943614,0.0,lower
2018-11,14:45,2018,2018-11-01,2018-11-30,0.050117863152650266,-0.0013340706593845354,-0.017173348456479418,-0.003741623750502109,consumed_blackbox_diagnostic,sideways,high,0.059662573842943614,0.0,lower
2018-12,14:30,2018,2018-12-03,2018-12-28,-0.036311083266671096,-0.009649551401827314,-0.02529639788820345,-0.001981363973133852,consumed_blackbox_diagnostic,sideways,low,-0.03965631651117725,0.1192837501692048,lower
2018-12,14:45,2018,2018-12-03,2018-12-28,-0.039458556947431514,-0.006720631634897781,-0.029799169308516147,-0.002650613233251672,consumed_blackbox_diagnostic,sideways,low,-0.03965631651117725,0.1192837501692048,lower
2019-01,14:30,2019,2019-01-02,2019-01-31,-0.01538939967714789,0.004998357654550505,-0.03376560564729027,0.0025131931889983395,consumed_blackbox_diagnostic,sideways,low,-0.010540345886767133,0.041056743266015515,lower
2019-01,14:45,2019,2019-01-02,2019-01-31,-0.014307579371451263,0.001976902528167433,-0.026317581300714855,0.0011260566673284194,consumed_blackbox_diagnostic,sideways,low,-0.010540345886767133,0.041056743266015515,lower
2019-02,14:30,2019,2019-02-01,2019-02-28,0.17401950200985913,0.007287894956289862,0.029198876293016235,0.020773935073401997,consumed_blackbox_diagnostic,up,high,0.1999864828085086,0.019323538431490123,lower
2019-02,14:45,2019,2019-02-01,2019-02-28,0.17853892980979086,0.009724916561355887,0.04630005561685161,0.015982819714245367,consumed_blackbox_diagnostic,up,high,0.1999864828085086,0.019323538431490123,lower
2019-03,14:30,2019,2019-03-01,2019-03-29,0.07416976871178721,0.008502786236544333,0.03362489345625814,0.01851825602335071,consumed_blackbox_diagnostic,up,high,0.10334880652381645,0.4733997326137675,middle
2019-03,14:45,2019,2019-03-01,2019-03-29,0.0772716838024019,0.0031314895114458513,0.02090567816236353,0.017739400445985782,consumed_blackbox_diagnostic,up,high,0.10334880652381645,0.4733997326137675,middle
2019-04,14:30,2019,2019-04-01,2019-04-30,-0.055297281757070854,-0.00537453834844061,0.04581176351130918,0.003920620856536584,consumed_blackbox_diagnostic,sideways,high,-0.03935994966974467,0.8598014037329558,upper
2019-04,14:45,2019,2019-04-01,2019-04-30,-0.051462179770223986,-0.0064439540048730985,0.016320271070796664,0.006088610650004545,consumed_blackbox_diagnostic,sideways,high,-0.03935994966974467,0.8598014037329558,upper
2019-05,14:30,2019,2019-05-06,2019-05-31,-0.07395945773432404,0.005245710453255735,-0.011294026628405432,0.006167999600740537,consumed_blackbox_diagnostic,sideways,high,-0.06431810558710205,0.8297997424871317,upper
2019-05,14:45,2019,2019-05-06,2019-05-31,-0.06321649783192627,0.0034634895396741822,-0.02528975514062841,0.0054600400427555216,consumed_blackbox_diagnostic,sideways,high,-0.06431810558710205,0.8297997424871317,upper
2019-06,14:30,2019,2019-06-03,2019-06-28,-0.021010091692947225,-0.003489600684369637,0.021439552976219984,0.0065540525973153746,consumed_blackbox_diagnostic,sideways,low,-0.00271883010287227,0.6333477756319077,middle
2019-06,14:45,2019,2019-06-03,2019-06-28,-0.018006948403911018,-0.0020070864933769386,0.016082269041630768,0.004580918187814186,consumed_blackbox_diagnostic,sideways,low,-0.00271883010287227,0.6333477756319077,middle
2019-07,14:30,2019,2019-07-01,2019-07-31,-0.028965626091510682,-0.0007546471266107687,-0.03886852329214607,0.010405575118008431,consumed_blackbox_diagnostic,sideways,low,-0.020218518036008094,0.624234984830593,middle
2019-07,14:45,2019,2019-07-01,2019-07-31,-0.029312909318305783,0.00027994605932007196,-0.026910005850710933,0.011953040044106552,consumed_blackbox_diagnostic,sideways,low,-0.020218518036008094,0.624234984830593,middle
2019-08,14:30,2019,2019-08-01,2019-08-30,-0.03380213577547835,0.009150157968998816,-0.02320183802539208,0.013276685190512226,consumed_blackbox_diagnostic,sideways,low,-0.014713508651748931,0.5572395620550309,middle
2019-08,14:45,2019,2019-08-01,2019-08-30,-0.036903559566978106,0.007516483039335949,-0.01474408258349304,0.013178448496006212,consumed_blackbox_diagnostic,sideways,low,-0.014713508651748931,0.5572395620550309,middle
2019-09,14:30,2019,2019-09-02,2019-09-30,0.01510486970539171,0.003621242739837553,0.014426527176026738,0.003055669125467515,consumed_blackbox_diagnostic,sideways,low,0.017646567932500988,0.5093298910846379,middle
2019-09,14:45,2019,2019-09-02,2019-09-30,0.014722744627765684,0.0013754005585526674,0.03468663807125523,0.003225284125587022,consumed_blackbox_diagnostic,sideways,low,0.017646567932500988,0.5093298910846379,middle
2019-10,14:30,2019,2019-10-08,2019-10-31,-0.0014240381427528346,0.003929203511835309,-0.008018428242476321,-0.0019797528648418067,consumed_blackbox_diagnostic,sideways,low,0.0008806858230495929,0.5668746552953395,middle
2019-10,14:45,2019,2019-10-08,2019-10-31,-0.004268276642008352,0.002125938422594711,-0.0047113456272140745,-0.0026208188218244137,consumed_blackbox_diagnostic,sideways,low,0.0008806858230495929,0.5668746552953395,middle
2019-11,14:30,2019,2019-11-01,2019-11-29,-0.023634418508126278,0.0003736655919490115,-0.008417606296358284,-0.0033349450432552143,consumed_blackbox_diagnostic,sideways,low,-0.01913580947482142,0.5583352061953114,middle
2019-11,14:45,2019,2019-11-01,2019-11-29,-0.022693034283395485,0.000831754130503258,-0.012251541445391229,-0.0008796352220931404,consumed_blackbox_diagnostic,sideways,low,-0.01913580947482142,0.5583352061953114,middle
2019-12,14:30,2019,2019-12-02,2019-12-31,0.06335574847556956,-0.0003156137119532975,0.022058756878188843,0.0005631307577549743,consumed_blackbox_diagnostic,sideways,low,0.08461113138655113,0.4942662227083359,middle
2019-12,14:45,2019,2019-12-02,2019-12-31,0.06795038725965469,0.0002475789634585261,0.010323982986322684,-0.0004249159279346536,consumed_blackbox_diagnostic,sideways,low,0.08461113138655113,0.4942662227083359,middle
2020-01,14:30,2020,2020-01-02,2020-01-23,0.022721746711875344,0.0037580041843722836,-0.042803683030621445,0.00446064197248601,consumed_blackbox_diagnostic,sideways,low,0.01061158715556073,0.7870649578981497,upper
2020-01,14:45,2020,2020-01-02,2020-01-23,0.01340717912840491,0.005555047224836592,-0.01109929443272044,0.006062055064383523,consumed_blackbox_diagnostic,sideways,low,0.01061158715556073,0.7870649578981497,upper
2020-02,14:30,2020,2020-02-03,2020-02-28,-0.028343330481736588,0.007367183270496433,0.011602035506669649,0.012749448804568223,consumed_blackbox_diagnostic,sideways,high,0.007172423860031217,0.655087200605996,middle
2020-02,14:45,2020,2020-02-03,2020-02-28,-0.022866233360566465,0.008221420887529819,0.006755098675638747,0.016605613461189703,consumed_blackbox_diagnostic,sideways,high,0.007172423860031217,0.655087200605996,middle
2020-03,14:30,2020,2020-03-02,2020-03-31,-0.035343463290539355,-0.0050802086875970974,-0.05414344783342251,0.015367458943118646,consumed_blackbox_diagnostic,sideways,high,-0.03873019384225587,0.7070025966059397,upper
2020-03,14:45,2020,2020-03-02,2020-03-31,-0.04408716885678816,-0.008489281818158629,-0.058094989621653464,0.01501033945552459,consumed_blackbox_diagnostic,sideways,high,-0.03873019384225587,0.7070025966059397,upper
2020-04,14:30,2020,2020-04-01,2020-04-30,0.008721266951577922,-0.0060881556521410135,-0.05265228513557916,0.01053280627279298,consumed_blackbox_diagnostic,sideways,low,0.02703541460780567,0.6085291735891473,middle
2020-04,14:45,2020,2020-04-01,2020-04-30,0.00978286428150894,-0.004848959750276774,-0.049718206079631774,0.012072350276964615,consumed_blackbox_diagnostic,sideways,low,0.02703541460780567,0.6085291735891473,middle
2020-05,14:30,2020,2020-05-06,2020-05-29,0.0008784033761868211,-0.0027878156607079097,-0.015070198189370455,0.0036991364276271347,consumed_blackbox_diagnostic,sideways,low,0.010354393312623902,0.8805404785792963,upper
2020-05,14:45,2020,2020-05-06,2020-05-29,0.004694326645877919,-0.002163869283434816,-0.012839934312339527,0.0014606825344570154,consumed_blackbox_diagnostic,sideways,low,0.010354393312623902,0.8805404785792963,upper
2020-06,14:30,2020,2020-06-01,2020-06-30,0.04350854385206946,0.007868786108379823,0.06552356715460461,-0.0014442234319749286,consumed_blackbox_diagnostic,sideways,low,0.051469407874241445,0.9862372701252262,upper
2020-06,14:45,2020,2020-06-01,2020-06-30,0.04456936856543173,0.006744111373858236,0.0671705496843886,-0.0014989484290090498,consumed_blackbox_diagnostic,sideways,low,0.051469407874241445,0.9862372701252262,upper
2020-07,14:30,2020,2020-07-01,2020-07-31,0.07160745541663356,0.0020172468506760165,0.015475934476968396,0.015151517351979366,consumed_blackbox_diagnostic,up,high,0.12169145120440635,1.0,upper
2020-07,14:45,2020,2020-07-01,2020-07-31,0.08076493278958288,-0.002947872250264296,0.01589899706561903,0.010374332828189312,consumed_blackbox_diagnostic,up,high,0.12169145120440635,1.0,upper
2020-08,14:30,2020,2020-08-03,2020-08-31,0.03260638332175127,0.00962679639620719,-0.0010109468331369626,-0.007554395539164598,consumed_blackbox_diagnostic,sideways,low,0.03985737863099318,1.0,upper
2020-08,14:45,2020,2020-08-03,2020-08-31,0.03106245453061728,0.00846938613012661,-0.010972351315766557,-0.006918697373960269,consumed_blackbox_diagnostic,sideways,low,0.03985737863099318,1.0,upper
2020-09,14:30,2020,2020-09-01,2020-09-30,-0.008911343460352003,-0.014966051840619384,-0.03879265979033912,-0.007539489821096714,consumed_blackbox_diagnostic,sideways,low,-0.06597664535813869,1.0,upper
2020-09,14:45,2020,2020-09-01,2020-09-30,-0.008054888673013032,-0.012004419084454099,-0.033768518370090546,-0.008707827110409,consumed_blackbox_diagnostic,sideways,low,-0.06597664535813869,1.0,upper
2020-10,14:30,2020,2020-10-09,2020-10-30,-0.040367900230677,-0.003530015560252519,0.028860805630878235,-0.007846840452972629,consumed_blackbox_diagnostic,sideways,low,0.00346675855391591,0.7631200408168944,upper
2020-10,14:45,2020,2020-10-09,2020-10-30,-0.03565882175385677,-0.0034511699106587338,0.017495961647844824,-0.006782634555999046,consumed_blackbox_diagnostic,sideways,low,0.00346675855391591,0.7631200408168944,upper
2020-11,14:30,2020,2020-11-02,2020-11-30,0.00909346757902832,-0.004438547957078616,-0.016307732099355262,0.005078550262483781,consumed_blackbox_diagnostic,sideways,low,0.031014729407667113,0.775181762075704,upper
2020-11,14:45,2020,2020-11-02,2020-11-30,0.01278573981479632,-0.0042451379964161,-0.032714642119910486,0.0012927427212308987,consumed_blackbox_diagnostic,sideways,low,0.031014729407667113,0.775181762075704,upper
2020-12,14:30,2020,2020-12-01,2020-12-31,-0.01663039411891206,-0.015051609819574494,0.0012822870877256375,0.008985268560397735,consumed_blackbox_diagnostic,sideways,low,-0.03558273289376194,0.8600362061439806,upper
2020-12,14:45,2020,2020-12-01,2020-12-31,-0.015578538383176311,-0.014702470788085453,0.007656828133084713,0.005637328744212446,consumed_blackbox_diagnostic,sideways,low,-0.03558273289376194,0.8600362061439806,upper
2021-01,14:30,2021,2021-01-04,2021-01-29,0.0,0.0,-0.000671595733164123,0.0,consumed_blackbox_diagnostic,sideways,low,-0.062492775053191195,0.707121094517309,upper
2021-01,14:45,2021,2021-01-04,2021-01-29,0.0,0.0,-0.03164255264969387,0.0,consumed_blackbox_diagnostic,sideways,low,-0.062492775053191195,0.707121094517309,upper
2021-01,14:30,2021,2021-01-08,2021-01-29,-0.02715385242032383,-0.01754564067491757,0.0,-4.9024874593111634e-05,consumed_blackbox_diagnostic,sideways,low,-0.062492775053191195,0.707121094517309,upper
2021-01,14:45,2021,2021-01-08,2021-01-29,-0.019890070808261242,-0.0167124451517611,0.0,-0.0028561264435603634,consumed_blackbox_diagnostic,sideways,low,-0.062492775053191195,0.707121094517309,upper
2021-02,14:30,2021,2021-02-01,2021-02-26,0.024770261882656637,-0.004316733308250187,0.03415173938471718,-0.0027050979930423207,consumed_blackbox_diagnostic,sideways,low,0.035490649033702075,0.45138510743427684,middle
2021-02,14:45,2021,2021-02-01,2021-02-26,0.02888879324061599,-0.004540671459828722,0.043364629678414306,0.005776969645185953,consumed_blackbox_diagnostic,sideways,low,0.035490649033702075,0.45138510743427684,middle
2021-03,14:30,2021,2021-03-01,2021-03-31,0.021334256105865403,-0.007170499051028127,-0.0146625926060565,0.008291114224931574,consumed_blackbox_diagnostic,sideways,low,0.016487493776461488,0.594658209984723,middle
2021-03,14:45,2021,2021-03-01,2021-03-31,0.019326572361434844,-0.01173196920908723,0.0151769694307364,0.009510920383522308,consumed_blackbox_diagnostic,sideways,low,0.016487493776461488,0.594658209984723,middle
2021-04,14:30,2021,2021-04-01,2021-04-30,0.001374707495935718,0.017514314043038683,-0.03282912749537824,0.0011308638506515908,consumed_blackbox_diagnostic,sideways,low,-0.0027907467523852385,0.6270487306555454,middle
2021-04,14:45,2021,2021-04-01,2021-04-30,0.000408921620630269,0.014020333831819479,-0.02434150425377745,0.001009148521207703,consumed_blackbox_diagnostic,sideways,low,-0.0027907467523852385,0.6270487306555454,middle
2021-05,14:30,2021,2021-05-06,2021-05-31,0.04997832481301808,-0.005585646785049947,0.037885903295160554,0.010870288599857272,consumed_blackbox_diagnostic,sideways,low,0.04998428339925179,0.5974254615975642,middle
2021-05,14:45,2021,2021-05-06,2021-05-31,0.04840861959259271,-0.009839508097653746,0.02648193234768883,0.00983730959476068,consumed_blackbox_diagnostic,sideways,low,0.04998428339925179,0.5974254615975642,middle
2021-06,14:30,2021,2021-06-01,2021-06-30,0.021934962520443118,-0.0052348732707586205,0.11435165492333683,-0.005705024815980462,consumed_blackbox_diagnostic,sideways,low,0.021583508165890598,0.7992855355031453,upper
2021-06,14:45,2021,2021-06-01,2021-06-30,0.020044695077930382,-0.011867277198624559,0.14422441584571966,-0.006365076423990874,consumed_blackbox_diagnostic,sideways,low,0.021583508165890598,0.7992855355031453,upper
2021-07,14:30,2021,2021-07-01,2021-07-30,0.011929495613581968,-0.003033187890273506,-0.025040563060913578,-0.0007937404704466263,consumed_blackbox_diagnostic,sideways,low,1.4420602679393602e-05,0.9277798362493324,upper
2021-07,14:45,2021,2021-07-01,2021-07-30,0.011453572500498787,-0.002456594353200732,-0.04226535391133475,-0.004617917540866362,consumed_blackbox_diagnostic,sideways,low,1.4420602679393602e-05,0.9277798362493324,upper
2021-08,14:30,2021,2021-08-02,2021-08-31,0.03553154286078012,-0.01676841706299452,0.06689711090742732,-0.006968640350883813,consumed_blackbox_diagnostic,sideways,low,0.06533839029369583,0.927897456877997,upper
2021-08,14:45,2021,2021-08-02,2021-08-31,0.03953363241486343,-0.016552158893294023,0.06403640834363417,-0.009061458769771045,consumed_blackbox_diagnostic,sideways,low,0.06533839029369583,0.927897456877997,upper
2021-09,14:30,2021,2021-09-01,2021-09-30,0.0006412807802401331,0.002776027087553562,-0.0023950852751318565,-0.01613348181166556,consumed_blackbox_diagnostic,sideways,low,-0.018153507209253697,1.0,upper
2021-09,14:45,2021,2021-09-01,2021-09-30,-0.00860994856165875,-0.0025584389225592878,0.00879112754044923,-0.0024597540433145683,consumed_blackbox_diagnostic,sideways,low,-0.018153507209253697,1.0,upper
2021-10,14:30,2021,2021-10-08,2021-10-29,-0.015893461177384462,-0.005914505704480317,0.0173263100739383,0.009483448103303621,consumed_blackbox_diagnostic,sideways,low,-0.022013689351235526,0.8940634709731382,upper
2021-10,14:45,2021,2021-10-08,2021-10-29,-0.014511041663526346,-0.0076266831441006,0.006026069499653261,0.0077744593478346205,consumed_blackbox_diagnostic,sideways,low,-0.022013689351235526,0.8940634709731382,upper
2021-11,14:30,2021,2021-11-01,2021-11-30,0.06819690417918402,-0.012651178548935754,0.023067834772230962,0.024240964821533376,consumed_blackbox_diagnostic,up,low,0.10460515810246879,0.768153929968888,upper
2021-11,14:45,2021,2021-11-01,2021-11-30,0.07270670968498975,-0.010380237864778364,0.04997896275278135,0.01496412543636544,consumed_blackbox_diagnostic,up,low,0.10460515810246879,0.768153929968888,upper
2021-12,14:30,2021,2021-12-01,2021-12-31,0.008122931542710862,-0.006623405808685367,0.008833821679950086,0.0011829941512282566,consumed_blackbox_diagnostic,sideways,low,0.03377392728446517,1.0,upper
2021-12,14:45,2021,2021-12-01,2021-12-31,0.014090883022440591,-0.006846775595738251,-0.0025904382365366917,0.00022997349815509694,consumed_blackbox_diagnostic,sideways,low,0.03377392728446517,1.0,upper
2022-01,14:30,2022,2022-01-04,2022-01-28,-0.06580911131789337,-0.0037145523894909285,-0.004361823021322072,0.0006522641490911287,consumed_blackbox_diagnostic,down,high,-0.09130791988064338,1.0,upper
2022-01,14:45,2022,2022-01-04,2022-01-28,-0.060373679264515125,-0.009387848796530592,-0.06443951174180511,0.004038115535668142,consumed_blackbox_diagnostic,down,high,-0.09130791988064338,1.0,upper
2022-02,14:30,2022,2022-02-07,2022-02-28,0.02251578936281996,0.008082631796337449,0.051081018462740116,0.0031410702103128463,consumed_blackbox_diagnostic,sideways,low,0.04458835760336745,0.6038648464532095,middle
2022-02,14:45,2022,2022-02-07,2022-02-28,0.025345774946701524,0.007850646324243104,0.049893928152740685,0.002923429999170097,consumed_blackbox_diagnostic,sideways,low,0.04458835760336745,0.6038648464532095,middle
2022-03,14:30,2022,2022-03-01,2022-03-31,-0.06437901054950419,0.005552941061044772,-0.01690735127992245,-0.01814867234452828,consumed_blackbox_diagnostic,sideways,high,-0.05463753929290738,0.782159327994627,upper
2022-03,14:45,2022,2022-03-01,2022-03-31,-0.04485945730172803,0.001371924027014641,-0.026782149528023665,-0.01501311492741007,consumed_blackbox_diagnostic,sideways,high,-0.05463753929290738,0.782159327994627,upper
2022-04,14:30,2022,2022-04-01,2022-04-29,-0.04534839104685039,-0.004347788377564197,-0.0788966161970795,-0.00466394947089676,consumed_blackbox_diagnostic,down,high,-0.1596931623976436,0.5399803502580717,middle
2022-04,14:45,2022,2022-04-01,2022-04-29,-0.048930590828448875,-0.007225195941826575,-0.07300068451817206,-0.0027020128560655433,consumed_blackbox_diagnostic,down,high,-0.1596931623976436,0.5399803502580717,middle
2022-05,14:30,2022,2022-05-05,2022-05-31,0.05920210652354249,0.00850615783478327,0.029046107412345697,0.0052511106993443695,consumed_blackbox_diagnostic,up,low,0.0954438493437678,0.0,lower
2022-05,14:45,2022,2022-05-05,2022-05-31,0.05847487746800802,0.009132181193106732,0.031652842029153506,0.004227403760910591,consumed_blackbox_diagnostic,up,low,0.0954438493437678,0.0,lower
2022-06,14:30,2022,2022-06-01,2022-06-30,0.053534317830002495,0.0275128608134264,0.04637899204141157,0.005537805735172609,consumed_blackbox_diagnostic,sideways,low,0.07027808217704024,0.335733901883393,middle
2022-06,14:45,2022,2022-06-01,2022-06-30,0.049248304008674824,0.020432528059103,0.04684953078454519,0.005424955800782972,consumed_blackbox_diagnostic,sideways,low,0.07027808217704024,0.335733901883393,middle
2022-07,14:30,2022,2022-07-01,2022-07-29,0.03435225035346914,0.005198091126565189,-0.0015914231031279747,0.003244243878829694,consumed_blackbox_diagnostic,sideways,low,0.027018637973951074,0.6042545914298016,middle
2022-07,14:45,2022,2022-07-01,2022-07-29,0.02939448791719891,0.0018576582502405938,-0.003470079904987787,0.00585983790857238,consumed_blackbox_diagnostic,sideways,low,0.027018637973951074,0.6042545914298016,middle
2022-08,14:30,2022,2022-08-01,2022-08-31,-0.01554446202924514,-0.012673969070879136,-0.005978498628299559,-0.0019957398530397416,consumed_blackbox_diagnostic,sideways,low,-0.030192722403768045,0.7126155549321704,upper
2022-08,14:45,2022,2022-08-01,2022-08-31,-0.013655576438531025,-0.010425991177217053,-0.010904720692104356,-0.005121193021530885,consumed_blackbox_diagnostic,sideways,low,-0.030192722403768045,0.7126155549321704,upper
2022-09,14:30,2022,2022-09-01,2022-09-30,-0.025306958742231322,-0.013289487492919971,-0.033501484887845705,-0.0003954891253205023,consumed_blackbox_diagnostic,sideways,low,-0.09311481976051246,0.5917157160358653,middle
2022-09,14:45,2022,2022-09-01,2022-09-30,-0.028533260940859652,-0.01017435054114776,-0.0534910506209939,2.616071957421584e-05,consumed_blackbox_diagnostic,sideways,low,-0.09311481976051246,0.5917157160358653,middle
2022-10,14:30,2022,2022-10-10,2022-10-31,0.012903238388753036,0.0032646498680563144,0.01814802893928459,-0.002992126593292001,consumed_blackbox_diagnostic,sideways,high,0.03746595689639898,0.2410391453530407,lower
2022-10,14:45,2022,2022-10-10,2022-10-31,0.014304962794103877,0.0049547304724420335,0.017276406875252157,-0.0020606363121112685,consumed_blackbox_diagnostic,sideways,high,0.03746595689639898,0.2410391453530407,lower
2022-11,14:30,2022,2022-11-01,2022-11-30,0.04756105598547445,0.013112716839393423,0.05633186819501779,0.004625189028139104,consumed_blackbox_diagnostic,sideways,low,0.07394197255057859,0.37822498706755975,middle
2022-11,14:45,2022,2022-11-01,2022-11-30,0.041704402202720786,0.008840077004767242,0.04292257189213797,0.006182152410842828,consumed_blackbox_diagnostic,sideways,low,0.07394197255057859,0.37822498706755975,middle
2022-12,14:30,2022,2022-12-01,2022-12-30,-0.04725274126788518,0.010878287325930333,-0.032390760763407515,0.0017657470847424416,consumed_blackbox_diagnostic,sideways,low,-0.035039306699856436,0.6645299991522836,middle
2022-12,14:45,2022,2022-12-01,2022-12-30,-0.04363515769731109,0.00801723326505471,-0.013430429528846877,0.003071953577706582,consumed_blackbox_diagnostic,sideways,low,-0.035039306699856436,0.6645299991522836,middle
2023-01,14:30,2023,2023-01-03,2023-01-31,0.07761766811768522,0.0010461349043433417,0.008729806680642733,-0.01103904017004315,consumed_blackbox_diagnostic,up,low,0.08387952905763438,0.6566755064143265,middle
2023-01,14:45,2023,2023-01-03,2023-01-31,0.071355494778724,-0.00114320157042582,0.010783349903044893,-0.0024803737284213876,consumed_blackbox_diagnostic,up,low,0.08387952905763438,0.6566755064143265,middle
2023-02,14:30,2023,2023-02-01,2023-02-28,0.03966610865234129,0.0021652531630511063,-0.040263528356244443,-0.0022904306604795456,consumed_blackbox_diagnostic,sideways,low,0.031629130067140056,1.0,upper
2023-02,14:45,2023,2023-02-01,2023-02-28,0.037615946369639226,0.001007694694765893,-0.05498147135061669,-0.00253831391833525,consumed_blackbox_diagnostic,sideways,low,0.031629130067140056,1.0,upper
2023-03,14:30,2023,2023-03-01,2023-03-31,-0.0019307367186456766,-0.010982634818092203,-0.06167365037971996,0.004250883460953055,consumed_blackbox_diagnostic,sideways,low,-0.0068345500553042594,1.0,upper
2023-03,14:45,2023,2023-03-01,2023-03-31,0.001773832284964083,-0.015678835277787843,-0.06714753813038625,0.00017158024864088323,consumed_blackbox_diagnostic,sideways,low,-0.0068345500553042594,1.0,upper
2023-04,14:30,2023,2023-04-03,2023-04-28,-0.04406832939011314,0.008333975194109602,0.002195876553677565,-0.0034599975522897316,consumed_blackbox_diagnostic,sideways,low,-0.033248198970179166,0.970380479893075,upper
2023-04,14:45,2023,2023-04-03,2023-04-28,-0.04347087085470547,0.0054404129789435325,-0.003572173443001909,-0.0037956256447089862,consumed_blackbox_diagnostic,sideways,low,-0.033248198970179166,0.970380479893075,upper
2023-05,14:30,2023,2023-05-04,2023-05-31,0.01656506364046448,-0.0007556303309407561,0.00686715552763964,-0.005660477601596573,consumed_blackbox_diagnostic,sideways,low,-0.0018268591316897625,0.7749604976814328,upper
2023-05,14:45,2023,2023-05-04,2023-05-31,0.015330688997690696,-0.0013422377087712975,-0.005997597277996368,-0.004390087527914902,consumed_blackbox_diagnostic,sideways,low,-0.0018268591316897625,0.7749604976814328,upper
2023-06,14:30,2023,2023-06-01,2023-06-30,0.029061988261691627,0.0028035494459816923,-0.024503809310546708,-0.00487354689746057,consumed_blackbox_diagnostic,sideways,low,0.013783648928014338,0.7649171903683782,upper
2023-06,14:45,2023,2023-06-01,2023-06-30,0.027029339120044918,0.000412080862248435,-0.02484019525103081,-0.004995928068278465,consumed_blackbox_diagnostic,sideways,low,0.013783648928014338,0.7649171903683782,upper
2023-07,14:30,2023,2023-07-03,2023-07-31,-0.004086793362197269,0.006556528831773784,-0.026251560910753285,-0.0001558815329650309,consumed_blackbox_diagnostic,sideways,low,0.009779241562991332,0.8411488993323329,upper
2023-07,14:45,2023,2023-07-03,2023-07-31,-0.004696884821893252,0.0009509000405285727,-0.030118603720299054,-0.0004448166523466747,consumed_blackbox_diagnostic,sideways,low,0.009779241562991332,0.8411488993323329,upper
2023-08,14:30,2023,2023-08-01,2023-08-31,-0.01988461997917865,-0.004388882315492619,-0.01315370996646681,0.0030341869922047133,consumed_blackbox_diagnostic,sideways,low,-0.04036568551419087,0.8958746258942961,upper
2023-08,14:45,2023,2023-08-01,2023-08-31,-0.020576667043419,-0.0011352295995782275,-0.01280239271895317,0.0014785209937740068,consumed_blackbox_diagnostic,sideways,low,-0.04036568551419087,0.8958746258942961,upper
2023-09,14:30,2023,2023-09-01,2023-09-28,0.009272820195279863,0.006296801641175124,-0.014319920566712059,-0.0015909676353053617,consumed_blackbox_diagnostic,sideways,low,-0.0010879179530572658,0.6733978478474012,upper
2023-09,14:45,2023,2023-09-01,2023-09-28,0.0023280029460142158,0.0071415705448655935,-0.01506661376780099,-0.0013345312435228077,consumed_blackbox_diagnostic,sideways,low,-0.0010879179530572658,0.6733978478474012,upper
2023-10,14:30,2023,2023-10-09,2023-10-31,-0.001457811316429274,-0.0012353971129759973,-0.0028808019746053657,-0.002482446683063042,consumed_blackbox_diagnostic,sideways,low,-0.00914724088490142,0.5943025955287559,middle
2023-10,14:45,2023,2023-10-09,2023-10-31,-0.0007585380080277271,-0.0025956114199180242,-0.020320644741337393,0.0005786615573577011,consumed_blackbox_diagnostic,sideways,low,-0.00914724088490142,0.5943025955287559,middle
2023-11,14:30,2023,2023-11-01,2023-11-30,0.001166458718442424,0.006765461628697659,0.045288764429797276,0.0008893916342329257,consumed_blackbox_diagnostic,sideways,low,0.04843310523124034,0.38925545712246923,middle
2023-11,14:45,2023,2023-11-01,2023-11-30,0.0032992485253863905,0.009957617832526928,0.035551946923550036,0.0013303201996402757,consumed_blackbox_diagnostic,sideways,low,0.04843310523124034,0.38925545712246923,middle
2023-12,14:30,2023,2023-12-01,2023-12-29,-0.006760657840592217,0.0008779601935713548,-0.04589361375859898,-0.00038503177456793603,consumed_blackbox_diagnostic,sideways,low,-0.017125437984673433,0.8138601265839058,upper
2023-12,14:45,2023,2023-12-01,2023-12-29,-0.006416217204819443,-0.002641911255933202,-0.027355469654118402,0.0007711954349494878,consumed_blackbox_diagnostic,sideways,low,-0.017125437984673433,0.8138601265839058,upper
2024-01,14:30,2024,2024-01-02,2024-01-31,-0.15690508440439294,-0.02554188307427186,-0.07909722449979607,0.009836987308954178,consumed_blackbox_diagnostic,down,high,-0.2100872969743004,0.4455435014556407,middle
2024-01,14:45,2024,2024-01-02,2024-01-31,-0.15466390696350596,-0.029816718247091888,-0.07655570544437172,0.009008674698012904,consumed_blackbox_diagnostic,down,high,-0.2100872969743004,0.4455435014556407,middle
2024-02,14:30,2024,2024-02-01,2024-02-29,0.08792301159979515,0.00869457095095098,0.12306148019412129,-0.0007822688554354551,consumed_blackbox_diagnostic,sideways,high,0.06803822845181934,0.0,lower
2024-02,14:45,2024,2024-02-01,2024-02-29,0.08334201109852704,0.004912476678134191,0.09810210373818315,-0.0017052408836113315,consumed_blackbox_diagnostic,sideways,high,0.06803822845181934,0.0,lower
2024-03,14:30,2024,2024-03-01,2024-03-29,0.06654246228769527,0.001361591564351889,0.014856226132686348,0.002192544450813581,consumed_blackbox_diagnostic,sideways,high,0.048780282310173166,0.25848110503928345,lower
2024-03,14:45,2024,2024-03-01,2024-03-29,0.06740475452584996,0.003344762172411223,0.0017158759418006075,0.00225042136376801,consumed_blackbox_diagnostic,sideways,high,0.048780282310173166,0.25848110503928345,lower
2024-04,14:30,2024,2024-04-01,2024-04-30,-0.0584024709100638,-0.0005211234798004269,-0.018953849837858607,0.004278550106244612,consumed_blackbox_diagnostic,sideways,high,-0.0118058366689377,0.48062673407987183,middle
2024-04,14:45,2024,2024-04-01,2024-04-30,-0.057672126336547724,-0.0005239199919910744,-0.015057020725663398,0.002495450994587733,consumed_blackbox_diagnostic,sideways,high,-0.0118058366689377,0.48062673407987183,middle
2024-05,14:30,2024,2024-05-06,2024-05-31,-0.004730161773359658,0.0002756251099581443,-0.13173051934745011,-0.0006488699934875362,consumed_blackbox_diagnostic,sideways,low,-0.01872322154677415,0.4294642233152545,middle
2024-05,14:45,2024,2024-05-06,2024-05-31,-0.004024529954075432,0.0017442123655556098,-0.14852171116915358,4.369735952256367e-05,consumed_blackbox_diagnostic,sideways,low,-0.01872322154677415,0.4294642233152545,middle
2024-06,14:30,2024,2024-06-03,2024-06-28,-0.060525468703662565,-0.00026776337960177825,-0.061581333761001944,-0.002204162178068514,consumed_blackbox_diagnostic,down,high,-0.09746241028543372,0.3495525590776496,middle
2024-06,14:45,2024,2024-06-03,2024-06-28,-0.05627830253780818,0.00011553353949253943,-0.0558364151621707,-0.0030139748416684138,consumed_blackbox_diagnostic,down,high,-0.09746241028543372,0.3495525590776496,middle
2024-07,14:30,2024,2024-07-01,2024-07-31,0.00731818721279298,-0.0057994764884178335,0.02488614334016799,0.0015244720906005763,consumed_blackbox_diagnostic,sideways,high,0.008179160728308543,0.0,lower
2024-07,14:45,2024,2024-07-01,2024-07-31,0.005282003750680001,-0.004664175952999474,0.019140745870208115,-0.001115554096276141,consumed_blackbox_diagnostic,sideways,high,0.008179160728308543,0.0,lower
2024-08,14:30,2024,2024-08-01,2024-08-30,-0.02461065318187356,-0.0036672000682715323,0.009003864502894936,-0.008287930622902836,consumed_blackbox_diagnostic,sideways,low,-0.03458675582644307,0.030507962760954445,lower
2024-08,14:45,2024,2024-08-01,2024-08-30,-0.01978982529351235,-0.0034564817179183263,0.004375870979986906,-0.009128653777451055,consumed_blackbox_diagnostic,sideways,low,-0.03458675582644307,0.030507962760954445,lower
2024-09,14:30,2024,2024-09-02,2024-09-30,0.16185477307418525,-0.00042433814521543236,0.0679115516226294,0.015402207733501695,consumed_blackbox_diagnostic,up,high,0.21645462317408104,0.0,lower
2024-09,14:45,2024,2024-09-02,2024-09-30,0.16758793130955318,-0.00045467312175704444,0.06808327873252883,0.01341172454275115,consumed_blackbox_diagnostic,up,high,0.21645462317408104,0.0,lower
2024-10,14:30,2024,2024-10-08,2024-10-31,0.06418271736521206,0.0004395379651486157,0.11600016352328173,-0.01172284210112747,consumed_blackbox_diagnostic,sideways,high,0.07867522511238892,0.7971549373751973,upper
2024-10,14:45,2024,2024-10-08,2024-10-31,0.07187500617801047,0.0005387311482479283,0.07768805967387067,-0.010565420073270158,consumed_blackbox_diagnostic,sideways,high,0.07867522511238892,0.7971549373751973,upper
2024-11,14:30,2024,2024-11-01,2024-11-29,0.03693682668054632,-0.003405609164179137,-0.03735340372585277,0.015231548137788263,consumed_blackbox_diagnostic,sideways,high,0.06065911077073276,1.0,upper
2024-11,14:45,2024,2024-11-01,2024-11-29,0.03145106649846456,-0.0034722711806707517,-0.021087348553524607,0.01631391088615681,consumed_blackbox_diagnostic,sideways,high,0.06065911077073276,1.0,upper
2024-12,14:30,2024,2024-12-02,2024-12-31,-0.09124101781698714,0.0019060662084347086,-0.014844628902404679,-0.014193699968839586,consumed_blackbox_diagnostic,sideways,high,-0.04780973294272103,1.0,upper
2024-12,14:45,2024,2024-12-02,2024-12-31,-0.08678680031486144,0.003870870748021597,-0.02216446196746001,-0.012104798254439539,consumed_blackbox_diagnostic,sideways,high,-0.04780973294272103,1.0,upper
2025-01,14:30,2025,2025-01-02,2025-01-27,-0.015275342784399825,0.0005836260604017971,-0.018224232800542087,0.003980311220165249,consumed_blackbox_diagnostic,sideways,high,-0.009029731899756536,0.8440613330862174,upper
2025-01,14:45,2025,2025-01-02,2025-01-27,-0.01831285636683449,0.0014042160533359065,0.003606969709000733,0.00019205275679888358,consumed_blackbox_diagnostic,sideways,high,-0.009029731899756536,0.8440613330862174,upper
2025-02,14:30,2025,2025-02-05,2025-02-28,0.10786301720738417,0.0062606528881196215,0.035206328039086875,-0.003703599913701329,consumed_blackbox_diagnostic,sideways,high,0.07972530987979226,0.8154373585938449,upper
2025-02,14:45,2025,2025-02-05,2025-02-28,0.09679688285497196,0.0018138358604936075,0.006820412399581213,-0.00203598372292856,consumed_blackbox_diagnostic,sideways,high,0.07972530987979226,0.8154373585938449,upper
2025-03,14:30,2025,2025-03-03,2025-03-31,-0.03499276131265269,-0.009542625965668504,-0.005640554811405088,0.005894181400476602,consumed_blackbox_diagnostic,sideways,low,0.008315792441963897,1.0,upper
2025-03,14:45,2025,2025-03-03,2025-03-31,-0.0312548910450339,-0.0112645130063484,-0.012755604831582768,0.006071264859083336,consumed_blackbox_diagnostic,sideways,low,0.008315792441963897,1.0,upper
2025-04,14:30,2025,2025-04-01,2025-04-30,-0.1306000992142679,-0.0007561639578690072,0.06670306605303906,0.0007978061709750258,consumed_blackbox_diagnostic,sideways,high,-0.015637395026558157,1.0,upper
2025-04,14:45,2025,2025-04-01,2025-04-30,-0.08479491543987264,-0.0021334534292629264,0.018903591903500036,0.0024622227962102384,consumed_blackbox_diagnostic,sideways,high,-0.015637395026558157,1.0,upper
2025-05,14:30,2025,2025-05-06,2025-05-30,0.038149355585484594,-0.0027449486634898972,0.1214324450609912,-0.002728691583220726,consumed_blackbox_diagnostic,sideways,low,0.04210993171108521,0.9516495980915473,upper
2025-05,14:45,2025,2025-05-06,2025-05-30,0.04206157987667156,-0.002522813739151733,0.0847486884520373,-0.0018779211588661844,consumed_blackbox_diagnostic,sideways,low,0.04210993171108521,0.9516495980915473,upper
2025-06,14:30,2025,2025-06-03,2025-06-30,0.05655739195515326,0.0008134960361785269,0.009474101312500888,0.0018325258739453037,consumed_blackbox_diagnostic,sideways,low,0.055389797003489075,1.0,upper
2025-06,14:45,2025,2025-06-03,2025-06-30,0.05452461857106232,0.0010806070240940895,0.042113005734950464,0.0006517584075336024,consumed_blackbox_diagnostic,sideways,low,0.055389797003489075,1.0,upper
2025-07,14:30,2025,2025-07-01,2025-07-31,0.03962276380232175,0.005083037360858643,-0.012566810904368338,0.0011175690880399901,consumed_blackbox_diagnostic,sideways,low,0.05051159658776897,1.0,upper
2025-07,14:45,2025,2025-07-01,2025-07-31,0.03785925035452214,0.0035102212826415217,0.006906122417075139,0.0009778233257237172,consumed_blackbox_diagnostic,sideways,low,0.05051159658776897,1.0,upper
2025-08,14:30,2025,2025-08-01,2025-08-29,0.08180001660641346,-0.0010269136004434397,0.07845421584219031,-0.001417943410695511,consumed_blackbox_diagnostic,sideways,low,0.08494485667670777,1.0,upper
2025-08,14:45,2025,2025-08-01,2025-08-29,0.08012300828241839,-0.0009737964713057494,0.08279193095448728,-0.001474866578738505,consumed_blackbox_diagnostic,sideways,low,0.08494485667670777,1.0,upper
2025-09,14:30,2025,2025-09-01,2025-09-30,0.012885984260939821,0.005355427783792464,-0.016132063402316238,-0.00020506160337668077,consumed_blackbox_diagnostic,sideways,low,0.014484615970730218,1.0,upper
2025-09,14:45,2025,2025-09-01,2025-09-30,0.0106727679122797,0.004437331834842965,0.01807670629173808,0.005453342837107051,consumed_blackbox_diagnostic,sideways,low,0.014484615970730218,1.0,upper
2025-10,14:30,2025,2025-10-09,2025-10-31,0.025882033763881297,-0.0034552549234962266,0.027317352310901946,-0.017521920951367086,consumed_blackbox_diagnostic,sideways,low,0.01510628988279851,1.0,upper
2025-10,14:45,2025,2025-10-09,2025-10-31,0.018833633612019476,-0.0033708188235235283,0.002957924640474601,-0.021518528581548,consumed_blackbox_diagnostic,sideways,low,0.01510628988279851,1.0,upper
2025-11,14:30,2025,2025-11-03,2025-11-28,-0.01768976443604831,0.004598128746094455,0.0021998556403189443,0.008964089070271795,consumed_blackbox_diagnostic,sideways,low,-0.010643994269992785,1.0,upper
2025-11,14:45,2025,2025-11-03,2025-11-28,-0.018963517836011388,-0.00040479780479215754,0.01493715082128785,0.006064445245934924,consumed_blackbox_diagnostic,sideways,low,-0.010643994269992785,1.0,upper
2025-12,14:30,2025,2025-12-01,2025-12-31,0.012831028915732472,0.0027343925655280957,0.011716739903757923,0.003608223341390479,consumed_blackbox_diagnostic,sideways,low,0.023119785485056964,0.9628019898750625,upper
2025-12,14:45,2025,2025-12-01,2025-12-31,0.009214240383335322,0.004576357925039611,0.00728558438844861,0.004134443610009753,consumed_blackbox_diagnostic,sideways,low,0.023119785485056964,0.9628019898750625,upper
