day_position,date,phase,predictor,n,rankic,decile_spread,top30_mean,universe_mean,top30_minus_universe,ties_present,clock
2435,2017-01-06,2,K1,1447,0.1946860187535816,0.051761551407354195,0.032765081249332674,0.004455716058987193,0.028309365190345482,True,1430
2435,2017-01-06,2,last_epsilon,1447,-0.021705916738650397,-0.00456674983423808,-0.037881454732269046,0.004455716058987193,-0.04233717079125624,False,1430
2435,2017-01-06,2,negative_last_epsilon,1447,0.021705916738650397,0.00456674983423808,-0.026165982449310832,0.004455716058987193,-0.030621698508298024,False,1430
2435,2017-01-06,2,mean10_epsilon,1447,-0.14225554897879797,-0.03349766589326464,0.0026212942068620276,0.004455716058987193,-0.0018344218521251653,False,1430
2435,2017-01-06,2,negative_mean10_epsilon,1447,0.14225554897879797,0.03349766589326464,0.05782010506275886,0.004455716058987193,0.05336438900377166,False,1430
2440,2017-01-13,3,K1,1448,0.18090553708390839,0.05591128455358153,0.061232014349661766,0.0035217414472197947,0.05771027290244197,False,1430
2440,2017-01-13,3,last_epsilon,1448,0.17800743931982685,0.05711952090465881,-0.004864763996253411,0.0035217414472197947,-0.008386505443473205,False,1430
2440,2017-01-13,3,negative_last_epsilon,1448,-0.17800743931982685,-0.05711952090465881,-0.0898029733914882,0.0035217414472197947,-0.093324714838708,False,1430
2440,2017-01-13,3,mean10_epsilon,1448,-0.19991176597139118,-0.04215432444848726,-0.047609081398695706,0.0035217414472197947,-0.051130822845915504,False,1430
2440,2017-01-13,3,negative_mean10_epsilon,1448,0.19991176597139118,0.04215432444848726,0.07202689087716863,0.0035217414472197947,0.06850514942994883,False,1430
2445,2017-01-20,0,K1,1458,0.30484028214780806,0.09941682625917722,0.11876283146751423,0.004913740236775776,0.11384909123073846,True,1430
2445,2017-01-20,0,last_epsilon,1458,-0.06554814192119009,-0.03257709969525579,-0.07339570436937114,0.004913740236775776,-0.07830944460614692,False,1430
2445,2017-01-20,0,negative_last_epsilon,1458,0.06554814192119009,0.03257709969525579,0.019647581471751132,0.004913740236775776,0.014733841234975356,False,1430
2445,2017-01-20,0,mean10_epsilon,1458,-0.22416063442446282,-0.08843615446322506,-0.0834575509653708,0.004913740236775776,-0.08837129120214658,False,1430
2445,2017-01-20,0,negative_mean10_epsilon,1458,0.22416063442446282,0.08843615446322506,0.0919446575959834,0.004913740236775776,0.08703091735920762,False,1430
2450,2017-02-03,1,K1,1497,0.380719623162006,0.12753365815760903,0.16147944807695847,0.0003093954342716263,0.16117005264268683,True,1430
2450,2017-02-03,1,last_epsilon,1497,-0.06883956327868893,-0.028554034086250762,-0.05207213790466388,0.0003093954342716263,-0.05238153333893551,False,1430
2450,2017-02-03,1,negative_last_epsilon,1497,0.06883956327868893,0.028554034086250762,0.0066984192933887245,0.0003093954342716263,0.006389023859117098,False,1430
2450,2017-02-03,1,mean10_epsilon,1497,-0.2285364836610814,-0.09551548712805613,-0.08554490763538827,0.0003093954342716263,-0.0858543030696599,False,1430
2450,2017-02-03,1,negative_mean10_epsilon,1497,0.2285364836610814,0.09551548712805613,0.11421078396961093,0.0003093954342716263,0.1139013885353393,False,1430
2455,2017-02-10,2,K1,1491,0.4315694679440875,0.15223681616959503,0.12080719125806354,-0.001600661577273128,0.12240785283533666,True,1430
2455,2017-02-10,2,last_epsilon,1491,-0.046209498747165685,-0.021418271645873895,-0.10000662232438723,-0.001600661577273128,-0.09840596074711411,False,1430
2455,2017-02-10,2,negative_last_epsilon,1491,0.046209498747165685,0.021418271645873895,-0.039933770867840696,-0.001600661577273128,-0.03833310929056757,False,1430
2455,2017-02-10,2,mean10_epsilon,1491,-0.24579776914360554,-0.0976604543563413,-0.06355940086068586,-0.001600661577273128,-0.06195873928341273,False,1430
2455,2017-02-10,2,negative_mean10_epsilon,1491,0.24579776914360554,0.0976604543563413,0.05425120914975802,-0.001600661577273128,0.05585187072703115,False,1430
2460,2017-02-17,3,K1,1487,0.25820792537783976,0.10240875194623997,0.13488267318656047,0.0016190537239583263,0.13326361946260215,True,1430
2460,2017-02-17,3,last_epsilon,1487,0.0329345850115172,0.020154630146665825,-0.05018996972454867,0.0016190537239583263,-0.051809023448507,False,1430
2460,2017-02-17,3,negative_last_epsilon,1487,-0.0329345850115172,-0.020154630146665825,-0.07680403495129819,0.0016190537239583263,-0.07842308867525652,False,1430
2460,2017-02-17,3,mean10_epsilon,1487,-0.13303058189280834,-0.05643838457468224,-0.005165335132429997,0.0016190537239583263,-0.006784388856388323,False,1430
2460,2017-02-17,3,negative_mean10_epsilon,1487,0.13303058189280834,0.05643838457468224,0.05941485825460404,0.0016190537239583263,0.057795804530645714,False,1430
2465,2017-02-24,0,K1,1503,0.10906393929425903,0.03787971162450655,0.08059551138430834,0.0025915259092164594,0.07800398547509188,False,1430
2465,2017-02-24,0,last_epsilon,1503,0.2313518909428784,0.06847904970350403,0.07146181904802991,0.0025915259092164594,0.06887029313881345,False,1430
2465,2017-02-24,0,negative_last_epsilon,1503,-0.2313518909428784,-0.06847904970350403,-0.052466485168163976,0.0025915259092164594,-0.05505801107738043,False,1430
2465,2017-02-24,0,mean10_epsilon,1503,-0.039915328280459225,-0.019373876370858245,0.019651000465576846,0.0025915259092164594,0.017059474556360386,False,1430
2465,2017-02-24,0,negative_mean10_epsilon,1503,0.039915328280459225,0.019373876370858245,0.03840529803807537,0.0025915259092164594,0.03581377212885891,False,1430
2470,2017-03-03,1,K1,1551,0.08530124329692465,0.0272003780992236,0.03830588788259774,0.004463361834911193,0.03384252604768655,True,1430
2470,2017-03-03,1,last_epsilon,1551,0.2382609308132732,0.0585891762442301,0.034359104457932214,0.004463361834911193,0.02989574262302102,False,1430
2470,2017-03-03,1,negative_last_epsilon,1551,-0.2382609308132732,-0.0585891762442301,-0.0553536425693892,0.004463361834911193,-0.05981700440430039,False,1430
2470,2017-03-03,1,mean10_epsilon,1551,-0.044984449566099476,-0.01676141877805123,0.03197610918141436,0.004463361834911193,0.027512747346503164,False,1430
2470,2017-03-03,1,negative_mean10_epsilon,1551,0.044984449566099476,0.01676141877805123,-0.006600463438856726,0.004463361834911193,-0.01106382527376792,False,1430
2475,2017-03-10,2,K1,1536,0.09765230742464835,0.0477204117617719,-0.003505663100319604,0.008248986970533187,-0.01175465007085279,True,1430
2475,2017-03-10,2,last_epsilon,1536,-0.08337517139654006,-0.03342672431304308,-0.06839584927850713,0.008248986970533187,-0.07664483624904031,False,1430
2475,2017-03-10,2,negative_last_epsilon,1536,0.08337517139654006,0.03342672431304308,-0.050394997869928675,0.008248986970533187,-0.05864398484046186,False,1430
2475,2017-03-10,2,mean10_epsilon,1536,-0.08748982084690554,-0.04414065751312544,-0.028256911505013704,0.008248986970533187,-0.03650589847554689,False,1430
2475,2017-03-10,2,negative_mean10_epsilon,1536,0.08748982084690554,0.04414065751312544,0.003009215525041024,0.008248986970533187,-0.005239771445492163,False,1430
2480,2017-03-17,3,K1,1541,0.11596422934056018,0.061160870601329353,0.006898226872241745,0.0010412039608635839,0.005857022911378161,True,1430
2480,2017-03-17,3,last_epsilon,1541,-0.07980864243662922,-0.03592192654894036,-0.07831261621322483,0.0010412039608635839,-0.07935382017408842,False,1430
2480,2017-03-17,3,negative_last_epsilon,1541,0.07980864243662922,0.03592192654894036,-0.018397322592015066,0.0010412039608635839,-0.01943852655287865,False,1430
2480,2017-03-17,3,mean10_epsilon,1541,-0.09788927631679697,-0.04830991389009158,-0.06966702060696359,0.0010412039608635839,-0.07070822456782717,False,1430
2480,2017-03-17,3,negative_mean10_epsilon,1541,0.09788927631679697,0.04830991389009158,0.01749217992570872,0.0010412039608635839,0.016450975964845137,False,1430
2485,2017-03-24,0,K1,1554,0.039692766514840196,0.041755546454430345,-0.0006172041719158491,-0.0002858877961681411,-0.00033131637574770797,True,1430
2485,2017-03-24,0,last_epsilon,1554,0.09779859155054556,0.051804701173527826,-0.041801815301490325,-0.0002858877961681411,-0.04151592750532218,False,1430
2485,2017-03-24,0,negative_last_epsilon,1554,-0.09779859155054556,-0.051804701173527826,-0.09021440964813034,-0.0002858877961681411,-0.08992852185196219,False,1430
2485,2017-03-24,0,mean10_epsilon,1554,-0.08390830514135061,-0.04809414315743432,-0.051633938184628886,-0.0002858877961681411,-0.05134805038846074,False,1430
2485,2017-03-24,0,negative_mean10_epsilon,1554,0.08390830514135061,0.04809414315743432,0.028864624351263045,-0.0002858877961681411,0.029150512147431185,False,1430
2490,2017-03-31,1,K1,1592,0.0008386080766949243,0.04082423442064597,0.021372547660333415,-0.004269191239425014,0.025641738899758428,True,1430
2490,2017-03-31,1,last_epsilon,1592,0.2553040033534742,0.08543739891346314,0.016523813580473265,-0.004269191239425014,0.020793004819898278,False,1430
2490,2017-03-31,1,negative_last_epsilon,1592,-0.2553040033534742,-0.08543739891346314,-0.18453582430568835,-0.004269191239425014,-0.18026663306626334,False,1430
2490,2017-03-31,1,mean10_epsilon,1592,-8.173953580925373e-05,0.006855774373577544,-0.023404341206575432,-0.004269191239425014,-0.01913514996715042,False,1430
2490,2017-03-31,1,negative_mean10_epsilon,1592,8.173953580925373e-05,-0.006855774373577544,-4.768860526382923e-05,-0.004269191239425014,0.004221502634161185,False,1430
2495,2017-04-11,2,K1,1579,0.18657606493370296,0.07499959176720661,0.010456553435263534,-0.006571227050816162,0.017027780486079697,True,1430
2495,2017-04-11,2,last_epsilon,1579,-0.09978389900680293,-0.023988463634763736,-0.03919124729776134,-0.006571227050816162,-0.03262002024694518,False,1430
2495,2017-04-11,2,negative_last_epsilon,1579,0.09978389900680293,0.023988463634763736,-0.10507283060966681,-0.006571227050816162,-0.09850160355885065,False,1430
2495,2017-04-11,2,mean10_epsilon,1579,-0.09405113250167656,-0.01237215948288157,-0.053621126951960224,-0.006571227050816162,-0.04704989990114406,False,1430
2495,2017-04-11,2,negative_mean10_epsilon,1579,0.09405113250167656,0.01237215948288157,0.013190564109633367,-0.006571227050816162,0.01976179116044953,False,1430
2500,2017-04-18,3,K1,1576,0.050523235951571294,-0.0015641244145586292,0.03271740962081822,-0.00808502858753716,0.04080243820835538,True,1430
2500,2017-04-18,3,last_epsilon,1576,0.13404731938708614,0.07819032670448425,0.17587321375807127,-0.00808502858753716,0.18395824234560842,False,1430
2500,2017-04-18,3,negative_last_epsilon,1576,-0.13404731938708614,-0.07819032670448425,-0.07185112622876962,-0.00808502858753716,-0.06376609764123245,False,1430
2500,2017-04-18,3,mean10_epsilon,1576,-0.02933255712824965,0.0224917627483418,0.03141889350760418,-0.00808502858753716,0.039503922095141336,False,1430
2500,2017-04-18,3,negative_mean10_epsilon,1576,0.02933255712824965,-0.0224917627483418,-0.002001852485894536,-0.00808502858753716,0.006083176101642624,False,1430
2505,2017-04-25,0,K1,1589,-0.05662896426338441,-0.02466879858446744,-0.013429081886230657,-0.0008771055887712317,-0.012551976297459426,True,1430
2505,2017-04-25,0,last_epsilon,1589,0.2850733452195837,0.13723496196252188,0.11686556719553967,-0.0008771055887712317,0.1177426727843109,False,1430
2505,2017-04-25,0,negative_last_epsilon,1589,-0.2850733452195837,-0.13723496196252188,-0.09214180251583456,-0.0008771055887712317,-0.09126469692706334,False,1430
2505,2017-04-25,0,mean10_epsilon,1589,-0.007710140910121565,0.014022111381356946,-0.012856463436037302,-0.0008771055887712317,-0.011979357847266071,False,1430
2505,2017-04-25,0,negative_mean10_epsilon,1589,0.007710140910121565,-0.014022111381356946,0.011617191651991259,-0.0008771055887712317,0.01249429724076249,False,1430
2510,2017-05-03,1,K1,1628,0.08973767591681696,0.06901911590105073,0.06474030086149772,-0.0012744605551680615,0.06601476141666578,True,1430
2510,2017-05-03,1,last_epsilon,1628,0.08649704024372516,0.008525884990488935,-0.09610485706167916,-0.0012744605551680615,-0.09483039650651111,False,1430
2510,2017-05-03,1,negative_last_epsilon,1628,-0.08649704024372516,-0.008525884990488935,0.007390624222292293,-0.0012744605551680615,0.008665084777460355,False,1430
2510,2017-05-03,1,mean10_epsilon,1628,-0.06851841109040918,-0.053466737903902495,-0.1262834341886143,-0.0012744605551680615,-0.12500897363344624,False,1430
2510,2017-05-03,1,negative_mean10_epsilon,1628,0.06851841109040918,0.053466737903902495,0.02846195219705502,-0.0012744605551680615,0.029736412752223083,False,1430
2515,2017-05-10,2,K1,1613,0.11100150165161378,0.08753106356070592,0.03587735339727563,-0.002195397383868013,0.038072750781143645,True,1430
2515,2017-05-10,2,last_epsilon,1613,0.02432316743294516,-0.03856913491567273,-0.16443130223390956,-0.002195397383868013,-0.16223590485004155,False,1430
2515,2017-05-10,2,negative_last_epsilon,1613,-0.02432316743294516,0.03856913491567273,0.012515938113210723,-0.002195397383868013,0.014711335497078735,False,1430
2515,2017-05-10,2,mean10_epsilon,1613,-0.1631448238355913,-0.0758466726804936,-0.17991402642801405,-0.002195397383868013,-0.17771862904414604,False,1430
2515,2017-05-10,2,negative_mean10_epsilon,1613,0.1631448238355913,0.0758466726804936,0.047192383619646235,-0.002195397383868013,0.04938778100351425,False,1430
2520,2017-05-17,3,K1,1608,0.1784539517344818,0.09498272993200771,0.03494587636863192,0.002641776036640731,0.03230410033199119,True,1430
2520,2017-05-17,3,last_epsilon,1608,-0.05967670025865533,-0.06417890367047221,-0.06203607842326164,0.002641776036640731,-0.06467785445990237,False,1430
2520,2017-05-17,3,negative_last_epsilon,1608,0.05967670025865533,0.06417890367047221,0.05749240117147565,0.002641776036640731,0.05485062513483492,False,1430
2520,2017-05-17,3,mean10_epsilon,1608,-0.23220769422913276,-0.08182903128690669,-0.09992478483666976,0.002641776036640731,-0.1025665608733105,False,1430
2520,2017-05-17,3,negative_mean10_epsilon,1608,0.23220769422913276,0.08182903128690669,0.08004218582063913,0.002641776036640731,0.0774004097839984,False,1430
2525,2017-05-24,0,K1,1614,0.13376718467544912,0.056671471371509206,0.008804960098738471,0.0029583136981513746,0.005846646400587097,True,1430
2525,2017-05-24,0,last_epsilon,1614,-0.050874405705464434,-0.029387388848471863,-0.039056425789992015,0.0029583136981513746,-0.04201473948814339,False,1430
2525,2017-05-24,0,negative_last_epsilon,1614,0.050874405705464434,0.029387388848471863,-0.021288924338296055,0.0029583136981513746,-0.02424723803644743,False,1430
2525,2017-05-24,0,mean10_epsilon,1614,-0.16003801418651448,-0.02577623070661638,0.008398340254401167,0.0029583136981513746,0.005440026556249793,False,1430
2525,2017-05-24,0,negative_mean10_epsilon,1614,0.16003801418651448,0.02577623070661638,0.058364446344785395,0.0029583136981513746,0.05540613264663402,False,1430
2530,2017-06-02,1,K1,1660,0.16594476101619396,0.06150866382050886,0.033717045512942904,0.005910958056718147,0.02780608745622476,True,1430
2530,2017-06-02,1,last_epsilon,1660,-0.15754927917471967,-0.07079829571958693,-0.050837978976778685,0.005910958056718147,-0.05674893703349683,False,1430
2530,2017-06-02,1,negative_last_epsilon,1660,0.15754927917471967,0.07079829571958693,-0.003346229111775756,0.005910958056718147,-0.009257187168493903,False,1430
2530,2017-06-02,1,mean10_epsilon,1660,-0.17304700073148332,-0.033932078099376185,0.028285509060757854,0.005910958056718147,0.022374551004039706,False,1430
2530,2017-06-02,1,negative_mean10_epsilon,1660,0.17304700073148332,0.033932078099376185,0.09737225128337741,0.005910958056718147,0.09146129322665926,False,1430
2535,2017-06-09,2,K1,1656,0.11302902307454736,0.05649086681382456,0.02225313540548086,0.008227767398318025,0.014025368007162836,True,1430
2535,2017-06-09,2,last_epsilon,1656,-0.10311170611165672,-0.05913590110845468,-0.08517841730984704,0.008227767398318025,-0.09340618470816507,False,1430
2535,2017-06-09,2,negative_last_epsilon,1656,0.10311170611165672,0.05913590110845468,-0.01942020525651363,0.008227767398318025,-0.027647972654831654,False,1430
2535,2017-06-09,2,mean10_epsilon,1656,-0.13980155174542758,-0.0482202354878995,0.06966744844491284,0.008227767398318025,0.06143968104659481,False,1430
2535,2017-06-09,2,negative_mean10_epsilon,1656,0.13980155174542758,0.0482202354878995,0.06704789743137857,0.008227767398318025,0.05882013003306054,False,1430
2540,2017-06-16,3,K1,1641,0.15647108402286466,0.06622587998306079,0.05362061890773475,0.004699054028169307,0.04892156487956544,True,1430
2540,2017-06-16,3,last_epsilon,1641,0.03397582477228732,-0.015536549868113248,-0.0025091775227338077,0.004699054028169307,-0.0072082315509031155,False,1430
2540,2017-06-16,3,negative_last_epsilon,1641,-0.03397582477228732,0.015536549868113248,0.03287686039693653,0.004699054028169307,0.028177806368767225,False,1430
2540,2017-06-16,3,mean10_epsilon,1641,-0.17252909385204138,-0.04969346736115546,-0.005902492604218423,0.004699054028169307,-0.01060154663238773,False,1430
2540,2017-06-16,3,negative_mean10_epsilon,1641,0.17252909385204138,0.04969346736115546,0.0555698541769137,0.004699054028169307,0.05087080014874439,False,1430
2545,2017-06-23,0,K1,1641,0.1805810224085114,0.09611888453955322,0.029533814918249846,0.003616289670472541,0.025917525247777306,True,1430
2545,2017-06-23,0,last_epsilon,1641,0.03602626944955584,-0.010334022872706466,-0.055787535733543336,0.003616289670472541,-0.05940382540401588,False,1430
2545,2017-06-23,0,negative_last_epsilon,1641,-0.03602626944955584,0.010334022872706466,0.0444304139042894,0.003616289670472541,0.04081412423381686,False,1430
2545,2017-06-23,0,mean10_epsilon,1641,-0.18352690312002667,-0.08697731303103998,-0.047265856775144735,0.003616289670472541,-0.050882146445617275,False,1430
2545,2017-06-23,0,negative_mean10_epsilon,1641,0.18352690312002667,0.08697731303103998,0.07333455364375065,0.003616289670472541,0.0697182639732781,False,1430
2550,2017-06-30,1,K1,1682,0.18616141789543147,0.06931427117004724,0.0267030642949976,0.0032675739755678055,0.023435490319429795,True,1430
2550,2017-06-30,1,last_epsilon,1682,0.08840954949395433,0.02304178884168366,0.0011412784612427156,0.0032675739755678055,-0.0021262955143250897,False,1430
2550,2017-06-30,1,negative_last_epsilon,1682,-0.08840954949395433,-0.02304178884168366,0.010548060468863696,0.0032675739755678055,0.00728048649329589,False,1430
2550,2017-06-30,1,mean10_epsilon,1682,-0.1791894040828507,-0.07797863015279984,-0.07224224423213552,0.0032675739755678055,-0.07550981820770332,False,1430
2550,2017-06-30,1,negative_mean10_epsilon,1682,0.1791894040828507,0.07797863015279984,0.030024816227766375,0.0032675739755678055,0.026757242252198568,False,1430
2555,2017-07-07,2,K1,1680,0.17727226920811695,0.06380896285208153,0.07235080942821999,0.0032621493507251995,0.06908866007749478,True,1430
2555,2017-07-07,2,last_epsilon,1680,0.2184815445502719,0.0709020047777033,0.07003629876611134,0.0032621493507251995,0.06677414941538613,False,1430
2555,2017-07-07,2,negative_last_epsilon,1680,-0.2184815445502719,-0.0709020047777033,-0.019882350605136403,0.0032621493507251995,-0.023144499955861604,False,1430
2555,2017-07-07,2,mean10_epsilon,1680,-0.15814442910850968,-0.07292968306137482,-0.10078535062881808,0.0032621493507251995,-0.10404749997954328,False,1430
2555,2017-07-07,2,negative_mean10_epsilon,1680,0.15814442910850968,0.07292968306137482,0.06677445441794892,0.0032621493507251995,0.06351230506722372,False,1430
2560,2017-07-14,3,K1,1688,0.21412441509831318,0.08498486090026008,0.09386713641385237,0.00353862640143652,0.09032851001241585,True,1430
2560,2017-07-14,3,last_epsilon,1688,0.19757530435140322,0.06087340247016809,0.09619611202118297,0.00353862640143652,0.09265748561974645,False,1430
2560,2017-07-14,3,negative_last_epsilon,1688,-0.19757530435140322,-0.06087340247016809,-0.01646725939353928,0.00353862640143652,-0.020005885794975798,False,1430
2560,2017-07-14,3,mean10_epsilon,1688,-0.13834815629810115,-0.06045410330508665,-0.008133379664892951,0.00353862640143652,-0.011672006066329472,False,1430
2560,2017-07-14,3,negative_mean10_epsilon,1688,0.13834815629810115,0.06045410330508665,0.04486837976922591,0.00353862640143652,0.04132975336778939,False,1430
2565,2017-07-21,0,K1,1683,0.31230238426190204,0.12404184396663845,0.08567897817119956,0.00462529272805012,0.08105368544314943,False,1430
2565,2017-07-21,0,last_epsilon,1683,-0.11067468101624894,-0.048207980913243124,-0.029989519094427427,0.00462529272805012,-0.03461481182247755,False,1430
2565,2017-07-21,0,negative_last_epsilon,1683,0.11067468101624894,0.048207980913243124,0.03605742190654079,0.00462529272805012,0.03143212917849067,False,1430
2565,2017-07-21,0,mean10_epsilon,1683,-0.21854165174242787,-0.09255751992796354,-0.02675568712875247,0.00462529272805012,-0.03138097985680259,False,1430
2565,2017-07-21,0,negative_mean10_epsilon,1683,0.21854165174242787,0.09255751992796354,0.08105517085641623,0.00462529272805012,0.0764298781283661,False,1430
2570,2017-07-28,1,K1,1730,0.3416861179991037,0.11406059582094255,0.04527211381743352,-0.002017895753558566,0.04729000957099209,True,1430
2570,2017-07-28,1,last_epsilon,1730,-0.06002871571576395,-0.0033278098111875314,-0.06602220409549772,-0.002017895753558566,-0.06400430834193915,False,1430
2570,2017-07-28,1,negative_last_epsilon,1730,0.06002871571576395,0.0033278098111875314,-0.051585012363890806,-0.002017895753558566,-0.04956711661033224,False,1430
2570,2017-07-28,1,mean10_epsilon,1730,-0.2876145674962926,-0.12106660803595916,-0.08196737104250738,-0.002017895753558566,-0.07994947528894882,False,1430
2570,2017-07-28,1,negative_mean10_epsilon,1730,0.2876145674962926,0.12106660803595916,0.041230484393114844,-0.002017895753558566,0.04324838014667341,False,1430
2575,2017-08-04,2,K1,1733,0.1671368221293908,0.05331297476817389,0.017322877142578363,-0.0019944727153954553,0.019317349857973818,True,1430
2575,2017-08-04,2,last_epsilon,1733,-0.0508130290586399,-0.00011582779354884186,0.009200733341276645,-0.0019944727153954553,0.0111952060566721,False,1430
2575,2017-08-04,2,negative_last_epsilon,1733,0.0508130290586399,0.00011582779354884186,-0.07733551249063263,-0.0019944727153954553,-0.07534103977523718,False,1430
2575,2017-08-04,2,mean10_epsilon,1733,-0.15529056322764193,-0.05981477881354849,-0.04233682441214721,-0.0019944727153954553,-0.04034235169675175,False,1430
2575,2017-08-04,2,negative_mean10_epsilon,1733,0.15529056322764193,0.05981477881354849,0.00169267983486255,-0.0019944727153954553,0.0036871525502580054,False,1430
2580,2017-08-11,3,K1,1724,0.055546235741051685,0.022336619712045515,0.0315259457177793,-0.0009291137198111089,0.03245505943759041,True,1430
2580,2017-08-11,3,last_epsilon,1724,0.03417912507415794,0.027983506558717466,0.030971832387149335,-0.0009291137198111089,0.03190094610696045,False,1430
2580,2017-08-11,3,negative_last_epsilon,1724,-0.03417912507415794,-0.027983506558717466,-0.03473814553581178,-0.0009291137198111089,-0.03380903181600067,False,1430
2580,2017-08-11,3,mean10_epsilon,1724,-0.07845164831890027,-0.0477199836164208,-0.02117281088915964,-0.0009291137198111089,-0.02024369716934853,False,1430
2580,2017-08-11,3,negative_mean10_epsilon,1724,0.07845164831890027,0.0477199836164208,0.05472821304671622,-0.0009291137198111089,0.05565732676652733,False,1430
2585,2017-08-18,0,K1,1732,0.09142777068839662,0.04183428944496477,0.022748480395724375,-0.002388226849323612,0.025136707245047987,True,1430
2585,2017-08-18,0,last_epsilon,1732,0.15476593257570326,0.052218218619001194,0.016742798499763012,-0.002388226849323612,0.019131025349086624,False,1430
2585,2017-08-18,0,negative_last_epsilon,1732,-0.15476593257570326,-0.052218218619001194,-0.060376958267685646,-0.002388226849323612,-0.057988731418362034,False,1430
2585,2017-08-18,0,mean10_epsilon,1732,-0.07283249573156687,-0.050117221393257735,-0.04854521499946714,-0.002388226849323612,-0.046156988150143526,False,1430
2585,2017-08-18,0,negative_mean10_epsilon,1732,0.07283249573156687,0.050117221393257735,0.001574879566517969,-0.002388226849323612,0.003963106415841581,False,1430
2590,2017-08-25,1,K1,1774,0.0945614937537242,0.034786015161968206,0.005252798739820719,-0.0021674267047423743,0.007420225444563094,True,1430
2590,2017-08-25,1,last_epsilon,1774,0.13231446594514523,0.043304234527717055,0.0028824595424036185,-0.0021674267047423743,0.005049886247145993,False,1430
2590,2017-08-25,1,negative_last_epsilon,1774,-0.13231446594514523,-0.043304234527717055,-0.06842374654176335,-0.0021674267047423743,-0.06625631983702097,False,1430
2590,2017-08-25,1,mean10_epsilon,1774,-0.056914614464437865,-0.03158870243630504,-0.06394871642502646,-0.0021674267047423743,-0.061781289720284085,False,1430
2590,2017-08-25,1,negative_mean10_epsilon,1774,0.056914614464437865,0.03158870243630504,0.039641907912058134,-0.0021674267047423743,0.04180933461680051,False,1430
2595,2017-09-01,2,K1,1769,0.17137156541577503,0.09146839615889554,0.04080088384604703,0.004025724113781071,0.03677515973226596,True,1430
2595,2017-09-01,2,last_epsilon,1769,0.026676469265942228,-0.004572130676603014,-0.08532341346144676,0.004025724113781071,-0.08934913757522783,False,1430
2595,2017-09-01,2,negative_last_epsilon,1769,-0.026676469265942228,0.004572130676603014,-0.049573892106612526,0.004025724113781071,-0.053599616220393595,False,1430
2595,2017-09-01,2,mean10_epsilon,1769,-0.11674863438557659,-0.06140959218671263,-0.04266613827397426,0.004025724113781071,-0.04669186238775533,False,1430
2595,2017-09-01,2,negative_mean10_epsilon,1769,0.11674863438557659,0.06140959218671263,0.04501068955287337,0.004025724113781071,0.0409849654390923,False,1430
2600,2017-09-08,3,K1,1758,0.23643244567435856,0.1138951956551838,0.06631967813397448,0.004096511930743145,0.06222316620323133,False,1430
2600,2017-09-08,3,last_epsilon,1758,-0.023952101224178138,-0.029869097577299854,-0.093303478617842,0.004096511930743145,-0.09739999054858514,False,1430
2600,2017-09-08,3,negative_last_epsilon,1758,0.023952101224178138,0.029869097577299854,0.0005396039069940646,0.004096511930743145,-0.00355690802374908,False,1430
2600,2017-09-08,3,mean10_epsilon,1758,-0.14791390621507744,-0.06904779335962043,-0.08395346496254205,0.004096511930743145,-0.0880499768932852,False,1430
2600,2017-09-08,3,negative_mean10_epsilon,1758,0.14791390621507744,0.06904779335962043,0.03470011733006686,0.004096511930743145,0.030603605399323712,False,1430
2605,2017-09-15,0,K1,1764,0.29632872166143026,0.10947687293942596,0.04292551348917186,0.0029735003904518627,0.03995201309872,True,1430
2605,2017-09-15,0,last_epsilon,1764,-0.03474555772056468,-0.008538132913899559,-0.04713707103704413,0.0029735003904518627,-0.05011057142749599,False,1430
2605,2017-09-15,0,negative_last_epsilon,1764,0.03474555772056468,0.008538132913899559,-0.06151265221415088,0.0029735003904518627,-0.06448615260460275,False,1430
2605,2017-09-15,0,mean10_epsilon,1764,-0.21618650587148006,-0.0851567131770604,-0.054928652352343,0.0029735003904518627,-0.057902152742794866,False,1430
2605,2017-09-15,0,negative_mean10_epsilon,1764,0.21618650587148006,0.0851567131770604,0.05303166320857902,0.0029735003904518627,0.05005816281812716,False,1430
2610,2017-09-22,1,K1,1797,0.3179214938084357,0.10531378772522362,0.1048478566420575,0.005374906614903562,0.09947295002715394,True,1430
2610,2017-09-22,1,last_epsilon,1797,-0.013856144898871279,0.005552594108203723,-0.023673725392048556,0.005374906614903562,-0.029048632006952117,False,1430
2610,2017-09-22,1,negative_last_epsilon,1797,0.013856144898871279,-0.005552594108203723,-0.061390275655624764,0.005374906614903562,-0.06676518227052833,False,1430
2610,2017-09-22,1,mean10_epsilon,1797,-0.25033697331612387,-0.08133008060638673,-0.08555019991472364,0.005374906614903562,-0.0909251065296272,False,1430
2610,2017-09-22,1,negative_mean10_epsilon,1797,0.25033697331612387,0.08133008060638673,0.04053439665973808,0.005374906614903562,0.03515949004483451,False,1430
2615,2017-09-29,2,K1,1808,0.20641120497230983,0.0731329218287202,0.05907208864227868,0.004944891999195384,0.0541271966430833,True,1430
2615,2017-09-29,2,last_epsilon,1808,0.10226197388613803,0.06124373715526114,0.02513812351971865,0.004944891999195384,0.020193231520523262,False,1430
2615,2017-09-29,2,negative_last_epsilon,1808,-0.10226197388613803,-0.06124373715526114,-0.07926753877351682,0.004944891999195384,-0.0842124307727122,False,1430
2615,2017-09-29,2,mean10_epsilon,1808,-0.17036191515580398,-0.0652538989343965,-0.034024688477317495,0.004944891999195384,-0.03896958047651288,False,1430
2615,2017-09-29,2,negative_mean10_epsilon,1808,0.17036191515580398,0.0652538989343965,0.03110222380879956,0.004944891999195384,0.026157331809604174,False,1430
2620,2017-10-13,3,K1,1800,0.09712272750701466,0.025023315097496376,0.039754758230992594,0.003265768143458748,0.03648899008753385,False,1430
2620,2017-10-13,3,last_epsilon,1800,0.09637891863546871,0.043491714164216926,-0.03178700988646597,0.003265768143458748,-0.035052778029924715,False,1430
2620,2017-10-13,3,negative_last_epsilon,1800,-0.09637891863546871,-0.043491714164216926,-0.039286592649295925,0.003265768143458748,-0.04255236079275467,False,1430
2620,2017-10-13,3,mean10_epsilon,1800,-0.07263642571083098,-0.020904179168994435,0.0055998156623293955,0.003265768143458748,0.0023340475188706475,False,1430
2620,2017-10-13,3,negative_mean10_epsilon,1800,0.07263642571083098,0.020904179168994435,-0.007250654355933269,0.003265768143458748,-0.010516422499392017,False,1430
2625,2017-10-20,0,K1,1813,0.0395987649215656,0.0005752661210752606,0.027766760134060556,0.0058992634390515565,0.021867496695009,True,1430
2625,2017-10-20,0,last_epsilon,1813,0.1595962491655509,0.0592472418985476,0.018857577218053242,0.0058992634390515565,0.012958313779001685,False,1430
2625,2017-10-20,0,negative_last_epsilon,1813,-0.1595962491655509,-0.0592472418985476,-0.10357444817200304,0.0058992634390515565,-0.1094737116110546,False,1430
2625,2017-10-20,0,mean10_epsilon,1813,-0.030083679079870793,-0.012410874979811339,-0.026682424607376257,0.0058992634390515565,-0.03258168804642781,False,1430
2625,2017-10-20,0,negative_mean10_epsilon,1813,0.030083679079870793,0.012410874979811339,-0.0036293964716605843,0.0058992634390515565,-0.009528659910712141,False,1430
2630,2017-10-27,1,K1,1832,0.12198358429878768,0.05018738815863903,0.0282464901295801,0.008062931878942924,0.020183558250637175,True,1430
2630,2017-10-27,1,last_epsilon,1832,0.01246911448403777,0.005439948918535409,-0.02570920651778579,0.008062931878942924,-0.03377213839672871,False,1430
2630,2017-10-27,1,negative_last_epsilon,1832,-0.01246911448403777,-0.005439948918535409,-0.04609737126156688,0.008062931878942924,-0.054160303140509805,False,1430
2630,2017-10-27,1,mean10_epsilon,1832,-0.13363628864635027,-0.06259941897321464,-0.058863127161748706,0.008062931878942924,-0.06692605904069163,False,1430
2630,2017-10-27,1,negative_mean10_epsilon,1832,0.13363628864635027,0.06259941897321464,0.06268057435906181,0.008062931878942924,0.05461764248011888,False,1430
2635,2017-11-03,2,K1,1832,0.12268981188560546,0.0393976403856421,0.0487952671731667,0.00628652870963732,0.04250873846352938,True,1430
2635,2017-11-03,2,last_epsilon,1832,0.09608785747924867,0.03939645666033641,0.01762579563073814,0.00628652870963732,0.011339266921100818,False,1430
2635,2017-11-03,2,negative_last_epsilon,1832,-0.09608785747924867,-0.03939645666033641,-0.09729199968278408,0.00628652870963732,-0.1035785283924214,False,1430
2635,2017-11-03,2,mean10_epsilon,1832,-0.11547531895150588,-0.03598783545760957,-0.06210076049901545,0.00628652870963732,-0.06838728920865277,False,1430
2635,2017-11-03,2,negative_mean10_epsilon,1832,0.11547531895150588,0.03598783545760957,0.020825009404992063,0.00628652870963732,0.014538480695354742,False,1430
2640,2017-11-10,3,K1,1814,0.040579261705018674,0.02979819707883437,0.020717732546230157,0.012150566266239114,0.008567166279991044,True,1430
2640,2017-11-10,3,last_epsilon,1814,0.20294501552537894,0.10740846532425272,0.05746860538298885,0.012150566266239114,0.04531803911674973,False,1430
2640,2017-11-10,3,negative_last_epsilon,1814,-0.20294501552537894,-0.10740846532425272,-0.13682206985540687,0.012150566266239114,-0.148972636121646,False,1430
2640,2017-11-10,3,mean10_epsilon,1814,-0.0900493629455957,-0.03531724660879564,-0.05111352627476056,0.012150566266239114,-0.06326409254099967,False,1430
2640,2017-11-10,3,negative_mean10_epsilon,1814,0.0900493629455957,0.03531724660879564,0.03732893380026023,0.012150566266239114,0.025178367534021112,False,1430
2645,2017-11-17,0,K1,1820,0.11490661617181552,0.05735520368754086,0.03757481042218084,0.006845961098640276,0.030728849323540565,True,1430
2645,2017-11-17,0,last_epsilon,1820,0.13559866667997664,0.06380428596345994,-0.02508671206111709,0.006845961098640276,-0.03193267315975737,False,1430
2645,2017-11-17,0,negative_last_epsilon,1820,-0.13559866667997664,-0.06380428596345994,-0.11794605989513608,0.006845961098640276,-0.12479202099377636,False,1430
2645,2017-11-17,0,mean10_epsilon,1820,-0.11119348846561057,-0.0403834939972692,-0.03402568141464144,0.006845961098640276,-0.040871642513281715,False,1430
2645,2017-11-17,0,negative_mean10_epsilon,1820,0.11119348846561057,0.0403834939972692,0.019575842625151076,0.006845961098640276,0.0127298815265108,False,1430
2650,2017-11-24,1,K1,1853,0.1385290881545118,0.054500577061883854,0.06434518319244185,0.006050486683983453,0.0582946965084584,True,1430
2650,2017-11-24,1,last_epsilon,1853,0.12291733190300706,0.03328690428249034,0.01860441288445145,0.006050486683983453,0.012553926200467996,False,1430
2650,2017-11-24,1,negative_last_epsilon,1853,-0.12291733190300706,-0.03328690428249034,-0.030333698734951516,0.006050486683983453,-0.03638418541893497,False,1430
2650,2017-11-24,1,mean10_epsilon,1853,-0.1359443969792724,-0.05287876471533358,-0.027908451855182648,0.006050486683983453,-0.0339589385391661,False,1430
2650,2017-11-24,1,negative_mean10_epsilon,1853,0.1359443969792724,0.05287876471533358,0.03366232497307162,0.006050486683983453,0.027611838289088163,False,1430
2655,2017-12-01,2,K1,1857,0.2097561873297832,0.07465664000734938,0.06796688345105698,0.0018260979575140932,0.06614078549354288,True,1430
2655,2017-12-01,2,last_epsilon,1857,0.03547176760154227,0.0007360521757446628,-0.06658845403580926,0.0018260979575140932,-0.06841455199332336,False,1430
2655,2017-12-01,2,negative_last_epsilon,1857,-0.03547176760154227,-0.0007360521757446628,-0.04046207124677797,0.0018260979575140932,-0.04228816920429206,False,1430
2655,2017-12-01,2,mean10_epsilon,1857,-0.18657031484283942,-0.06428943856263761,-0.0259193458671992,0.0018260979575140932,-0.027745443824713296,False,1430
2655,2017-12-01,2,negative_mean10_epsilon,1857,0.18657031484283942,0.06428943856263761,0.05300912732103218,0.0018260979575140932,0.05118302936351809,False,1430
2660,2017-12-08,3,K1,1846,0.21031965731696,0.06636779291914971,0.0905264313138711,0.0030417877538424193,0.08748464356002868,True,1430
2660,2017-12-08,3,last_epsilon,1846,-0.03963483891784531,-0.007629715003650231,-0.012029053542452555,0.0030417877538424193,-0.015070841296294974,False,1430
2660,2017-12-08,3,negative_last_epsilon,1846,0.03963483891784531,0.007629715003650231,0.002871819321687023,0.0030417877538424193,-0.00016996843215539648,False,1430
2660,2017-12-08,3,mean10_epsilon,1846,-0.18266217185667835,-0.05645463929621379,-0.037039605574682354,0.0030417877538424193,-0.04008139332852477,False,1430
2660,2017-12-08,3,negative_mean10_epsilon,1846,0.18266217185667835,0.05645463929621379,0.058491819584742186,0.0030417877538424193,0.05545003183089977,False,1430
2665,2017-12-15,0,K1,1851,0.26883533666161236,0.09728090231844878,0.06565882321447133,-0.00016710989523477696,0.06582593310970611,False,1430
2665,2017-12-15,0,last_epsilon,1851,-0.028898870341018828,-0.007028688293271322,-0.069693618286207,-0.00016710989523477696,-0.06952650839097223,False,1430
2665,2017-12-15,0,negative_last_epsilon,1851,0.028898870341018828,0.007028688293271322,-0.04597703469917178,-0.00016710989523477696,-0.04580992480393701,False,1430
2665,2017-12-15,0,mean10_epsilon,1851,-0.20623036498137576,-0.08534904131838876,-0.059149347509567934,-0.00016710989523477696,-0.05898223761433316,False,1430
2665,2017-12-15,0,negative_mean10_epsilon,1851,0.20623036498137576,0.08534904131838876,0.07218928424020608,-0.00016710989523477696,0.07235639413544086,False,1430
2670,2017-12-22,1,K1,1877,0.13443520826482402,0.042811513192675274,0.040595277491956946,-0.0037601079450771745,0.04435538543703412,True,1430
2670,2017-12-22,1,last_epsilon,1877,0.08462179490043349,0.06102770702343155,0.011005735680616151,-0.0037601079450771745,0.014765843625693326,False,1430
2670,2017-12-22,1,negative_last_epsilon,1877,-0.08462179490043349,-0.06102770702343155,-0.08423965585728486,-0.0037601079450771745,-0.0804795479122077,False,1430
2670,2017-12-22,1,mean10_epsilon,1877,-0.10684930141152343,-0.0334088023898894,-0.010867735759044686,-0.0037601079450771745,-0.0071076278139675115,False,1430
2670,2017-12-22,1,negative_mean10_epsilon,1877,0.10684930141152343,0.0334088023898894,0.02222122692813476,-0.0037601079450771745,0.025981334873211935,False,1430
2675,2017-12-29,2,K1,1894,-0.03997144010436658,-0.011194193040691539,-0.016995719106247028,0.0008167076231318023,-0.01781242672937883,True,1430
2675,2017-12-29,2,last_epsilon,1894,0.12425402210335722,0.06896145540317607,0.043062253843527284,0.0008167076231318023,0.04224554622039548,False,1430
2675,2017-12-29,2,negative_last_epsilon,1894,-0.12425402210335722,-0.06896145540317607,-0.04870519741283109,0.0008167076231318023,-0.04952190503596289,False,1430
2675,2017-12-29,2,mean10_epsilon,1894,0.04225571256595285,0.02051999738606841,0.04712394376595815,0.0008167076231318023,0.04630723614282635,False,1430
2675,2017-12-29,2,negative_mean10_epsilon,1894,-0.04225571256595285,-0.02051999738606841,0.01459804165836734,0.0008167076231318023,0.013781334035235538,False,1430
2435,2017-01-06,2,K1,1447,0.20247891799018342,0.052042165650820815,0.04133831128031792,0.0046477769799861774,0.03669053430033174,True,1445
2435,2017-01-06,2,last_epsilon,1447,-0.02229572573090505,-0.003263661259350354,-0.043727959373306174,0.0046477769799861774,-0.04837573635329235,False,1445
2435,2017-01-06,2,negative_last_epsilon,1447,0.02229572573090505,0.003263661259350354,-0.033438815440361695,0.0046477769799861774,-0.03808659242034787,False,1445
2435,2017-01-06,2,mean10_epsilon,1447,-0.14774053020974298,-0.029289242814684258,0.009158337772047768,0.0046477769799861774,0.004510560792061591,False,1445
2435,2017-01-06,2,negative_mean10_epsilon,1447,0.14774053020974298,0.029289242814684258,0.05739597654780179,0.0046477769799861774,0.052748199567815617,False,1445
2440,2017-01-13,3,K1,1448,0.1795996669427077,0.04711626401735379,0.06682911004560689,0.003742939536383618,0.06308617050922327,True,1445
2440,2017-01-13,3,last_epsilon,1448,0.18856786291019917,0.04940217711492147,-0.004623281171855827,0.003742939536383618,-0.008366220708239445,False,1445
2440,2017-01-13,3,negative_last_epsilon,1448,-0.18856786291019917,-0.04940217711492147,-0.08815622124820947,0.003742939536383618,-0.09189916078459309,False,1445
2440,2017-01-13,3,mean10_epsilon,1448,-0.18807905285805424,-0.04041586146437718,-0.03802545182406902,0.003742939536383618,-0.04176839136045264,False,1445
2440,2017-01-13,3,negative_mean10_epsilon,1448,0.18807905285805424,0.04041586146437718,0.07083753480886419,0.003742939536383618,0.06709459527248057,False,1445
2445,2017-01-20,0,K1,1458,0.29918830872635377,0.09206169927613167,0.11905794808020194,0.0049287990127427125,0.11412914906745923,True,1445
2445,2017-01-20,0,last_epsilon,1458,-0.056946495487229645,-0.02968537939535775,-0.06767498211896357,0.0049287990127427125,-0.07260378113170628,False,1445
2445,2017-01-20,0,negative_last_epsilon,1458,0.056946495487229645,0.02968537939535775,0.019142641119348505,0.0049287990127427125,0.014213842106605793,False,1445
2445,2017-01-20,0,mean10_epsilon,1458,-0.2212253997963673,-0.08702249293424318,-0.08497774675488472,0.0049287990127427125,-0.08990654576762742,False,1445
2445,2017-01-20,0,negative_mean10_epsilon,1458,0.2212253997963673,0.08702249293424318,0.09208989681016343,0.0049287990127427125,0.08716109779742072,False,1445
2450,2017-02-03,1,K1,1497,0.36950502637972976,0.12311747007485285,0.15781726893037556,0.00023268327504000896,0.15758458565533556,True,1445
2450,2017-02-03,1,last_epsilon,1497,-0.06951746105892773,-0.02763439383115166,-0.05224624432933827,0.00023268327504000896,-0.05247892760437828,False,1445
2450,2017-02-03,1,negative_last_epsilon,1497,0.06951746105892773,0.02763439383115166,0.0029358491767197846,0.00023268327504000896,0.0027031659016797755,False,1445
2450,2017-02-03,1,mean10_epsilon,1497,-0.22877947480175576,-0.0945464638354813,-0.09260316125582904,0.00023268327504000896,-0.09283584453086904,False,1445
2450,2017-02-03,1,negative_mean10_epsilon,1497,0.22877947480175576,0.0945464638354813,0.10597111747289698,0.00023268327504000896,0.10573843419785697,False,1445
2455,2017-02-10,2,K1,1491,0.40779296894383915,0.1462754785042606,0.12729414384812116,-0.0015888958395914728,0.12888303968771264,True,1445
2455,2017-02-10,2,last_epsilon,1491,-0.03772389451233192,-0.022624014282205313,-0.09399457216883698,-0.0015888958395914728,-0.09240567632924551,False,1445
2455,2017-02-10,2,negative_last_epsilon,1491,0.03772389451233192,0.022624014282205313,-0.03961298293434083,-0.0015888958395914728,-0.03802408709474936,False,1445
2455,2017-02-10,2,mean10_epsilon,1491,-0.22996188984130597,-0.09027663784940734,-0.0651424095655481,-0.0015888958395914728,-0.06355351372595663,False,1445
2455,2017-02-10,2,negative_mean10_epsilon,1491,0.22996188984130597,0.09027663784940734,0.05798790312061707,-0.0015888958395914728,0.059576798960208545,False,1445
2460,2017-02-17,3,K1,1487,0.23546133394354438,0.10184350355573131,0.13388095969955127,0.0014882295416011235,0.13239273015795014,True,1445
2460,2017-02-17,3,last_epsilon,1487,0.05668580949802995,0.028722323906156425,-0.05554390425483386,0.0014882295416011235,-0.057032133796434986,False,1445
2460,2017-02-17,3,negative_last_epsilon,1487,-0.05668580949802995,-0.028722323906156425,-0.08092941484646872,0.0014882295416011235,-0.08241764438806984,False,1445
2460,2017-02-17,3,mean10_epsilon,1487,-0.13133917299032752,-0.05042597794188722,-0.009407507612680395,0.0014882295416011235,-0.010895737154281519,False,1445
2460,2017-02-17,3,negative_mean10_epsilon,1487,0.13133917299032752,0.05042597794188722,0.05601741406135261,0.0014882295416011235,0.054529184519751486,False,1445
2465,2017-02-24,0,K1,1503,0.10139742398234003,0.03508616459686891,0.05622576200403273,0.002447238450570979,0.05377852355346175,True,1445
2465,2017-02-24,0,last_epsilon,1503,0.22811555968438227,0.0721759970744218,0.06549928644866061,0.002447238450570979,0.06305204799808964,False,1445
2465,2017-02-24,0,negative_last_epsilon,1503,-0.22811555968438227,-0.0721759970744218,-0.05394442460674327,0.002447238450570979,-0.05639166305731425,False,1445
2465,2017-02-24,0,mean10_epsilon,1503,-0.045137283723625646,-0.017204243446855495,0.023423588287550957,0.002447238450570979,0.020976349836979977,False,1445
2465,2017-02-24,0,negative_mean10_epsilon,1503,0.045137283723625646,0.017204243446855495,0.03860567793405304,0.002447238450570979,0.03615843948348206,False,1445
2470,2017-03-03,1,K1,1551,0.0735011139724528,0.02531323801156231,0.03171508525556419,0.004688326271252927,0.027026758984311266,True,1445
2470,2017-03-03,1,last_epsilon,1551,0.24124319206184924,0.061934078782712364,0.033147170170317014,0.004688326271252927,0.028458843899064088,False,1445
2470,2017-03-03,1,negative_last_epsilon,1551,-0.24124319206184924,-0.061934078782712364,-0.05301185177328686,0.004688326271252927,-0.057700178044539786,False,1445
2470,2017-03-03,1,mean10_epsilon,1551,-0.04439945414278354,-0.01629709427201775,0.026683042626003347,0.004688326271252927,0.02199471635475042,False,1445
2470,2017-03-03,1,negative_mean10_epsilon,1551,0.04439945414278354,0.01629709427201775,-0.012427246128208936,0.004688326271252927,-0.017115572399461862,False,1445
2475,2017-03-10,2,K1,1536,0.12847132274805168,0.058559022542789045,0.02761177035669486,0.008067885946793751,0.019543884409901107,True,1445
2475,2017-03-10,2,last_epsilon,1536,-0.09672443198074,-0.03732641699843359,-0.06890895240746128,0.008067885946793751,-0.07697683835425503,False,1445
2475,2017-03-10,2,negative_last_epsilon,1536,0.09672443198074,0.03732641699843359,-0.041866526131828626,0.008067885946793751,-0.04993441207862238,False,1445
2475,2017-03-10,2,mean10_epsilon,1536,-0.09438981308505295,-0.0452692361666813,-0.026030057544509568,0.008067885946793751,-0.03409794349130332,False,1445
2475,2017-03-10,2,negative_mean10_epsilon,1536,0.09438981308505295,0.0452692361666813,0.005721524761368831,0.008067885946793751,-0.00234636118542492,False,1445
2480,2017-03-17,3,K1,1541,0.1250604968030694,0.06905961009449259,-0.01669243642827496,0.0008261486005553166,-0.017518585028830275,True,1445
2480,2017-03-17,3,last_epsilon,1541,-0.07217895717404602,-0.037678476652454024,-0.06406968974042684,0.0008261486005553166,-0.06489583834098216,False,1445
2480,2017-03-17,3,negative_last_epsilon,1541,0.07217895717404602,0.037678476652454024,-0.023973859320782744,0.0008261486005553166,-0.02480000792133806,False,1445
2480,2017-03-17,3,mean10_epsilon,1541,-0.09852642654502076,-0.04952060335293842,-0.06712666962024134,0.0008261486005553166,-0.06795281822079666,False,1445
2480,2017-03-17,3,negative_mean10_epsilon,1541,0.09852642654502076,0.04952060335293842,0.012967711636641373,0.0008261486005553166,0.012141563036086057,False,1445
2485,2017-03-24,0,K1,1554,0.05985114654808244,0.05110020925546245,-0.01008367439887176,-0.0006005721411588843,-0.009483102257712876,True,1445
2485,2017-03-24,0,last_epsilon,1554,0.10466724421749754,0.049976902830624774,-0.03682312103531634,-0.0006005721411588843,-0.03622254889415746,False,1445
2485,2017-03-24,0,negative_last_epsilon,1554,-0.10466724421749754,-0.049976902830624774,-0.09165749700429539,-0.0006005721411588843,-0.0910569248631365,False,1445
2485,2017-03-24,0,mean10_epsilon,1554,-0.08037120054354616,-0.04896749873540454,-0.050719214611065884,-0.0006005721411588843,-0.050118642469907,False,1445
2485,2017-03-24,0,negative_mean10_epsilon,1554,0.08037120054354616,0.04896749873540454,0.027319618919864296,-0.0006005721411588843,0.02792019106102318,False,1445
2490,2017-03-31,1,K1,1592,0.00805674346720168,0.03821014732147315,4.264094944422444e-05,-0.004346428872502739,0.004389069821946963,True,1445
2490,2017-03-31,1,last_epsilon,1592,0.246952714475587,0.07592318636796666,0.006326168014978369,-0.004346428872502739,0.010672596887481109,False,1445
2490,2017-03-31,1,negative_last_epsilon,1592,-0.246952714475587,-0.07592318636796666,-0.18206492484508394,-0.004346428872502739,-0.1777184959725812,False,1445
2490,2017-03-31,1,mean10_epsilon,1592,-0.003047168048366393,-0.0075334679117900726,-0.03245475509514411,-0.004346428872502739,-0.02810832622264137,False,1445
2490,2017-03-31,1,negative_mean10_epsilon,1592,0.003047168048366393,0.0075334679117900726,-0.018857798779693742,-0.004346428872502739,-0.014511369907191003,False,1445
2495,2017-04-11,2,K1,1579,0.19022938875357345,0.07403013868281143,0.003978425681513424,-0.00655598109239372,0.010534406773907143,False,1445
2495,2017-04-11,2,last_epsilon,1579,-0.11671738214203403,-0.030772366744331175,-0.036249495359758535,-0.00655598109239372,-0.029693514267364815,False,1445
2495,2017-04-11,2,negative_last_epsilon,1579,0.11671738214203403,0.030772366744331175,-0.09353396960844597,-0.00655598109239372,-0.08697798851605225,False,1445
2495,2017-04-11,2,mean10_epsilon,1579,-0.10051136525222466,-0.02152589572316249,-0.038056852854788305,-0.00655598109239372,-0.031500871762394585,False,1445
2495,2017-04-11,2,negative_mean10_epsilon,1579,0.10051136525222466,0.02152589572316249,0.01929340615364102,-0.00655598109239372,0.02584938724603474,False,1445
2500,2017-04-18,3,K1,1576,0.052393610973072706,-9.349409370700956e-05,0.025108288585518796,-0.008185683253203147,0.033293971838721945,True,1445
2500,2017-04-18,3,last_epsilon,1576,0.13069202883056213,0.079312785579949,0.16356975121889264,-0.008185683253203147,0.1717554344720958,False,1445
2500,2017-04-18,3,negative_last_epsilon,1576,-0.13069202883056213,-0.079312785579949,-0.06061860319847862,-0.008185683253203147,-0.05243291994527548,False,1445
2500,2017-04-18,3,mean10_epsilon,1576,-0.029123653117872045,0.021382477927128458,0.033313582560125114,-0.008185683253203147,0.04149926581332826,False,1445
2500,2017-04-18,3,negative_mean10_epsilon,1576,0.029123653117872045,-0.021382477927128458,0.00112775891708831,-0.008185683253203147,0.009313442170291456,False,1445
2505,2017-04-25,0,K1,1589,-0.04810915769261697,-0.021407043660923292,0.003886571635181705,-0.0007586585959262861,0.0046452302311079914,True,1445
2505,2017-04-25,0,last_epsilon,1589,0.28513199483557966,0.13884777004927798,0.11986702595216532,-0.0007586585959262861,0.12062568454809161,False,1445
2505,2017-04-25,0,negative_last_epsilon,1589,-0.28513199483557966,-0.13884777004927798,-0.09402719236289461,-0.0007586585959262861,-0.09326853376696832,False,1445
2505,2017-04-25,0,mean10_epsilon,1589,-0.007622096198709888,0.013078037641403344,0.0036582997379203635,-0.0007586585959262861,0.0044169583338466495,False,1445
2505,2017-04-25,0,negative_mean10_epsilon,1589,0.007622096198709888,-0.013078037641403344,0.017625738214701415,-0.0007586585959262861,0.0183843968106277,False,1445
2510,2017-05-03,1,K1,1628,0.09216482476915908,0.08268033449533022,0.08518252993623415,-0.0009839416969421322,0.08616647163317628,True,1445
2510,2017-05-03,1,last_epsilon,1628,0.09434768901570492,0.01659922495291764,-0.09518998377025127,-0.0009839416969421322,-0.09420604207330914,False,1445
2510,2017-05-03,1,negative_last_epsilon,1628,-0.09434768901570492,-0.01659922495291764,0.010301180137321352,-0.0009839416969421322,0.011285121834263485,False,1445
2510,2017-05-03,1,mean10_epsilon,1628,-0.06784136648273266,-0.05219708036532177,-0.12674086772215862,-0.0009839416969421322,-0.1257569260252165,False,1445
2510,2017-05-03,1,negative_mean10_epsilon,1628,0.06784136648273266,0.05219708036532177,0.03135464048633973,-0.0009839416969421322,0.03233858218328186,False,1445
2515,2017-05-10,2,K1,1613,0.13363328382555106,0.10121675136409446,0.03934170495097836,-0.0021904830825405387,0.041532188033518894,True,1445
2515,2017-05-10,2,last_epsilon,1613,0.017072704548221816,-0.04494256775837785,-0.1701498286332935,-0.0021904830825405387,-0.16795934555075295,False,1445
2515,2017-05-10,2,negative_last_epsilon,1613,-0.017072704548221816,0.04494256775837785,0.01554894590129455,-0.0021904830825405387,0.017739428983835088,False,1445
2515,2017-05-10,2,mean10_epsilon,1613,-0.16672261603108504,-0.07493765769607347,-0.19153098586636286,-0.0021904830825405387,-0.1893405027838223,False,1445
2515,2017-05-10,2,negative_mean10_epsilon,1613,0.16672261603108504,0.07493765769607347,0.009940716406951348,-0.0021904830825405387,0.012131199489491887,False,1445
2520,2017-05-17,3,K1,1608,0.20497245855186982,0.10723684797412716,0.03834721158103396,0.0028389303331245335,0.03550828124790943,True,1445
2520,2017-05-17,3,last_epsilon,1608,-0.0686511847670052,-0.06661469969694736,-0.06085435984035333,0.0028389303331245335,-0.06369329017347787,False,1445
2520,2017-05-17,3,negative_last_epsilon,1608,0.0686511847670052,0.06661469969694736,0.060911050788126885,0.0028389303331245335,0.05807212045500235,False,1445
2520,2017-05-17,3,mean10_epsilon,1608,-0.23051975277613054,-0.07819559642994137,-0.09616649908324083,0.0028389303331245335,-0.09900542941636536,False,1445
2520,2017-05-17,3,negative_mean10_epsilon,1608,0.23051975277613054,0.07819559642994137,0.09240984591500213,0.0028389303331245335,0.0895709155818776,False,1445
2525,2017-05-24,0,K1,1614,0.14394078687535525,0.05427730498441458,0.009380379381400416,0.002905585655207913,0.006474793726192503,True,1445
2525,2017-05-24,0,last_epsilon,1614,-0.042652434719512376,-0.025042119464550136,-0.03367685518072297,0.002905585655207913,-0.03658244083593088,False,1445
2525,2017-05-24,0,negative_last_epsilon,1614,0.042652434719512376,0.025042119464550136,-0.02093803960196965,0.002905585655207913,-0.023843625257177564,False,1445
2525,2017-05-24,0,mean10_epsilon,1614,-0.15180332813716307,-0.025492881226986217,0.010382523046185572,0.002905585655207913,0.0074769373909776594,False,1445
2525,2017-05-24,0,negative_mean10_epsilon,1614,0.15180332813716307,0.025492881226986217,0.056536052679803106,0.002905585655207913,0.053630467024595195,False,1445
2530,2017-06-02,1,K1,1660,0.16254064356153314,0.0602138227580118,0.03162165715281541,0.005839361500627738,0.025782295652187672,True,1445
2530,2017-06-02,1,last_epsilon,1660,-0.16370769004777247,-0.07449633125790833,-0.053912867326289415,0.005839361500627738,-0.05975222882691715,False,1445
2530,2017-06-02,1,negative_last_epsilon,1660,0.16370769004777247,0.07449633125790833,-0.0003547237099458774,0.005839361500627738,-0.006194085210573616,False,1445
2530,2017-06-02,1,mean10_epsilon,1660,-0.17064518239987153,-0.040637244494787575,0.033843664165275796,0.005839361500627738,0.028004302664648057,False,1445
2530,2017-06-02,1,negative_mean10_epsilon,1660,0.17064518239987153,0.040637244494787575,0.09631572365760803,0.005839361500627738,0.0904763621569803,False,1445
2535,2017-06-09,2,K1,1656,0.11362216321137379,0.052922647093267494,0.02217569570057094,0.007949835473637808,0.014225860226933132,True,1445
2535,2017-06-09,2,last_epsilon,1656,-0.09027953354994235,-0.05528202531682892,-0.07471566556875284,0.007949835473637808,-0.08266550104239065,False,1445
2535,2017-06-09,2,negative_last_epsilon,1656,0.09027953354994235,0.05528202531682892,-0.023543318376565973,0.007949835473637808,-0.03149315385020378,False,1445
2535,2017-06-09,2,mean10_epsilon,1656,-0.14077143557683824,-0.0534068970835175,0.06711038231927281,0.007949835473637808,0.059160546845635,False,1445
2535,2017-06-09,2,negative_mean10_epsilon,1656,0.14077143557683824,0.0534068970835175,0.06893927262475093,0.007949835473637808,0.060989437151113116,False,1445
2540,2017-06-16,3,K1,1641,0.15422595773337253,0.07001111583215278,0.051923414785414936,0.004396975662278545,0.047526439123136394,True,1445
2540,2017-06-16,3,last_epsilon,1641,0.022555649084671354,-0.016756566446530063,-0.004507141556435575,0.004396975662278545,-0.00890411721871412,False,1445
2540,2017-06-16,3,negative_last_epsilon,1641,-0.022555649084671354,0.016756566446530063,0.03606770442177852,0.004396975662278545,0.03167072875949997,False,1445
2540,2017-06-16,3,mean10_epsilon,1641,-0.16551752669793407,-0.04784996845170631,-0.006249681743793189,0.004396975662278545,-0.010646657406071736,False,1445
2540,2017-06-16,3,negative_mean10_epsilon,1641,0.16551752669793407,0.04784996845170631,0.05574972336180508,0.004396975662278545,0.05135274769952654,False,1445
2545,2017-06-23,0,K1,1641,0.19852774379104268,0.10341429369447457,0.05543692842281113,0.00370682665957006,0.05173010176324107,True,1445
2545,2017-06-23,0,last_epsilon,1641,0.022881461884157708,-0.019143468367784827,-0.05559165111432473,0.00370682665957006,-0.05929847777389479,False,1445
2545,2017-06-23,0,negative_last_epsilon,1641,-0.022881461884157708,0.019143468367784827,0.05208177127254506,0.00370682665957006,0.048374944612975,False,1445
2545,2017-06-23,0,mean10_epsilon,1641,-0.1874732675786054,-0.08782523153662092,-0.0477467951985697,0.00370682665957006,-0.05145362185813976,False,1445
2545,2017-06-23,0,negative_mean10_epsilon,1641,0.1874732675786054,0.08782523153662092,0.06766589644054571,0.00370682665957006,0.06395906978097565,False,1445
2550,2017-06-30,1,K1,1682,0.18906885615723085,0.07500325271324809,0.027172233311769864,0.003212392970254962,0.023959840341514903,True,1445
2550,2017-06-30,1,last_epsilon,1682,0.08192750141895862,0.01993000186866127,-0.014758129542072614,0.003212392970254962,-0.017970522512327575,False,1445
2550,2017-06-30,1,negative_last_epsilon,1682,-0.08192750141895862,-0.01993000186866127,0.008659222760858636,0.003212392970254962,0.005446829790603674,False,1445
2550,2017-06-30,1,mean10_epsilon,1682,-0.18461471194610943,-0.07635090841947767,-0.0716716169534872,0.003212392970254962,-0.07488400992374217,False,1445
2550,2017-06-30,1,negative_mean10_epsilon,1682,0.18461471194610943,0.07635090841947767,0.030744653241708875,0.003212392970254962,0.027532260271453914,False,1445
2555,2017-07-07,2,K1,1680,0.17397919354627087,0.06224442325336506,0.07424575816839933,0.003586897437159158,0.07065886073124017,True,1445
2555,2017-07-07,2,last_epsilon,1680,0.22103985955615368,0.07362195580901157,0.061421649716794494,0.003586897437159158,0.05783475227963533,False,1445
2555,2017-07-07,2,negative_last_epsilon,1680,-0.22103985955615368,-0.07362195580901157,-0.021452032417679828,0.003586897437159158,-0.025038929854838986,False,1445
2555,2017-07-07,2,mean10_epsilon,1680,-0.15745456005941855,-0.07553740431207448,-0.09748406900713841,0.003586897437159158,-0.10107096644429757,False,1445
2555,2017-07-07,2,negative_mean10_epsilon,1680,0.15745456005941855,0.07553740431207448,0.06884347265586258,0.003586897437159158,0.06525657521870341,False,1445
2560,2017-07-14,3,K1,1688,0.2080813296893882,0.08074403828123607,0.09446812092016141,0.0037345549299837404,0.09073356599017766,True,1445
2560,2017-07-14,3,last_epsilon,1688,0.17564083655483342,0.05250651979960302,0.0853733958870483,0.0037345549299837404,0.08163884095706456,False,1445
2560,2017-07-14,3,negative_last_epsilon,1688,-0.17564083655483342,-0.05250651979960302,-0.01963534289970994,0.0037345549299837404,-0.02336989782969368,False,1445
2560,2017-07-14,3,mean10_epsilon,1688,-0.14687073459603367,-0.06020813145455793,-0.005168763051430384,0.0037345549299837404,-0.008903317981414124,False,1445
2560,2017-07-14,3,negative_mean10_epsilon,1688,0.14687073459603367,0.06020813145455793,0.046358663712938626,0.0037345549299837404,0.04262410878295489,False,1445
2565,2017-07-21,0,K1,1683,0.29948347067962716,0.11215102359788684,0.0769795665362229,0.004623631487527149,0.07235593504869575,False,1445
2565,2017-07-21,0,last_epsilon,1683,-0.10783968104914961,-0.05114143603367709,-0.028232887107878923,0.004623631487527149,-0.03285651859540607,False,1445
2565,2017-07-21,0,negative_last_epsilon,1683,0.10783968104914961,0.05114143603367709,0.03769582550351818,0.004623631487527149,0.033072194015991034,False,1445
2565,2017-07-21,0,mean10_epsilon,1683,-0.2154323956815784,-0.10084649078210836,-0.039290280221030115,0.004623631487527149,-0.04391391170855726,False,1445
2565,2017-07-21,0,negative_mean10_epsilon,1683,0.2154323956815784,0.10084649078210836,0.08000964255382617,0.004623631487527149,0.07538601106629902,False,1445
2570,2017-07-28,1,K1,1730,0.33272318169905823,0.11423750379832054,0.04016970029721657,-0.0020744492284614146,0.04224414952567799,True,1445
2570,2017-07-28,1,last_epsilon,1730,-0.06062133462970435,-0.0028557221579768033,-0.05338325121750434,-0.0020744492284614146,-0.051308801989042925,False,1445
2570,2017-07-28,1,negative_last_epsilon,1730,0.06062133462970435,0.0028557221579768033,-0.04648832851089537,-0.0020744492284614146,-0.044413879282433955,False,1445
2570,2017-07-28,1,mean10_epsilon,1730,-0.28870714901246397,-0.11907107957939596,-0.09406595372905334,-0.0020744492284614146,-0.09199150450059193,False,1445
2570,2017-07-28,1,negative_mean10_epsilon,1730,0.28870714901246397,0.11907107957939596,0.04097390735987574,-0.0020744492284614146,0.04304835658833715,False,1445
2575,2017-08-04,2,K1,1733,0.14431808822877565,0.04379194763478049,0.018542104685911907,-0.002528014636022379,0.021070119321934287,True,1445
2575,2017-08-04,2,last_epsilon,1733,-0.04454002660055151,0.0026837170052640223,2.425940086444219e-05,-0.002528014636022379,0.0025522740368868215,False,1445
2575,2017-08-04,2,negative_last_epsilon,1733,0.04454002660055151,-0.0026837170052640223,-0.07723543269870183,-0.002528014636022379,-0.07470741806267944,False,1445
2575,2017-08-04,2,mean10_epsilon,1733,-0.14918198759756537,-0.054394740292434365,-0.04827005341649056,-0.002528014636022379,-0.045742038780468175,False,1445
2575,2017-08-04,2,negative_mean10_epsilon,1733,0.14918198759756537,0.054394740292434365,0.0035762036219239234,-0.002528014636022379,0.006104218257946303,False,1445
2580,2017-08-11,3,K1,1724,0.057758361406222536,0.033047956958863894,0.020809119373249512,-0.0006302072195851245,0.021439326592834637,True,1445
2580,2017-08-11,3,last_epsilon,1724,0.017759463806386603,0.02997862325431671,0.0007687538881630947,-0.0006302072195851245,0.0013989611077482192,False,1445
2580,2017-08-11,3,negative_last_epsilon,1724,-0.017759463806386603,-0.02997862325431671,-0.031143679671610396,-0.0006302072195851245,-0.03051347245202527,False,1445
2580,2017-08-11,3,mean10_epsilon,1724,-0.08900211175590961,-0.0530050508749027,-0.03704537131513159,-0.0006302072195851245,-0.036415164095546466,False,1445
2580,2017-08-11,3,negative_mean10_epsilon,1724,0.08900211175590961,0.0530050508749027,0.05451035131700337,-0.0006302072195851245,0.05514055853658849,False,1445
2585,2017-08-18,0,K1,1732,0.0872257121368775,0.03708825073278283,0.02916965903714299,-0.0024005901024045516,0.03157024913954754,False,1445
2585,2017-08-18,0,last_epsilon,1732,0.14920125091075523,0.052810187071004634,0.012089807850619158,-0.0024005901024045516,0.014490397953023709,False,1445
2585,2017-08-18,0,negative_last_epsilon,1732,-0.14920125091075523,-0.052810187071004634,-0.06601539611195524,-0.0024005901024045516,-0.06361480600955069,False,1445
2585,2017-08-18,0,mean10_epsilon,1732,-0.07627484894587995,-0.052256592647798326,-0.05970585523173213,-0.0024005901024045516,-0.05730526512932758,False,1445
2585,2017-08-18,0,negative_mean10_epsilon,1732,0.07627484894587995,0.052256592647798326,0.006060478355114658,-0.0024005901024045516,0.00846106845751921,False,1445
2590,2017-08-25,1,K1,1774,0.09189069778063778,0.03384392012613115,-0.007542586792260409,-0.0021704356519090034,-0.005372151140351405,True,1445
2590,2017-08-25,1,last_epsilon,1774,0.13501917749522446,0.04593123664566173,-0.0049725908883071195,-0.0021704356519090034,-0.002802155236398116,False,1445
2590,2017-08-25,1,negative_last_epsilon,1774,-0.13501917749522446,-0.04593123664566173,-0.06879096077755094,-0.0021704356519090034,-0.06662052512564194,False,1445
2590,2017-08-25,1,mean10_epsilon,1774,-0.0637747774971267,-0.033031270372461646,-0.07129249110197028,-0.0021704356519090034,-0.06912205545006128,False,1445
2590,2017-08-25,1,negative_mean10_epsilon,1774,0.0637747774971267,0.033031270372461646,0.03730275798588991,-0.0021704356519090034,0.039473193637798915,False,1445
2595,2017-09-01,2,K1,1769,0.17276199929049119,0.09118051003836379,0.040248679105813305,0.004210310148415223,0.03603836895739808,True,1445
2595,2017-09-01,2,last_epsilon,1769,0.0026234619618120893,-0.025240560518134524,-0.09275982119143009,0.004210310148415223,-0.0969701313398453,False,1445
2595,2017-09-01,2,negative_last_epsilon,1769,-0.0026234619618120893,0.025240560518134524,-0.03806651119763652,0.004210310148415223,-0.04227682134605175,False,1445
2595,2017-09-01,2,mean10_epsilon,1769,-0.12204916753847689,-0.05932244798193345,-0.03800103921288003,0.004210310148415223,-0.04221134936129525,False,1445
2595,2017-09-01,2,negative_mean10_epsilon,1769,0.12204916753847689,0.05932244798193345,0.04985450875634948,0.004210310148415223,0.045644198607934255,False,1445
2600,2017-09-08,3,K1,1758,0.22769472965234602,0.10555518192114376,0.06624040684352318,0.0039689394730870915,0.062271467370436095,True,1445
2600,2017-09-08,3,last_epsilon,1758,-0.022094973585663633,-0.032279444488896324,-0.07523114702586706,0.0039689394730870915,-0.07920008649895414,False,1445
2600,2017-09-08,3,negative_last_epsilon,1758,0.022094973585663633,0.032279444488896324,0.0014488169612983863,0.0039689394730870915,-0.0025201225117887052,False,1445
2600,2017-09-08,3,mean10_epsilon,1758,-0.1472985329548166,-0.06789280565580286,-0.08185939524167528,0.0039689394730870915,-0.08582833471476237,False,1445
2600,2017-09-08,3,negative_mean10_epsilon,1758,0.1472985329548166,0.06789280565580286,0.03951572976851215,0.0039689394730870915,0.035546790295425054,False,1445
2605,2017-09-15,0,K1,1764,0.2952406953595658,0.11482850573586553,0.0382812163947771,0.0031652242330504755,0.035115992161726624,True,1445
2605,2017-09-15,0,last_epsilon,1764,-0.034286639476507286,-0.004890289658409198,-0.04689219789579511,0.0031652242330504755,-0.050057422128845584,False,1445
2605,2017-09-15,0,negative_last_epsilon,1764,0.034286639476507286,0.004890289658409198,-0.06399291069246829,0.0031652242330504755,-0.06715813492551877,False,1445
2605,2017-09-15,0,mean10_epsilon,1764,-0.21174082419568058,-0.08255010410423644,-0.052204208076000215,0.0031652242330504755,-0.05536943230905069,False,1445
2605,2017-09-15,0,negative_mean10_epsilon,1764,0.21174082419568058,0.08255010410423644,0.06690257155957322,0.0031652242330504755,0.06373734732652274,False,1445
2610,2017-09-22,1,K1,1797,0.3182142836105324,0.10796034990565778,0.10273835668340325,0.005428654585440357,0.0973097020979629,True,1445
2610,2017-09-22,1,last_epsilon,1797,-0.009993424004039192,0.008802047306388831,-0.014151649285728733,0.005428654585440357,-0.01958030387116909,False,1445
2610,2017-09-22,1,negative_last_epsilon,1797,0.009993424004039192,-0.008802047306388831,-0.053150052390992644,0.005428654585440357,-0.058578706976433,False,1445
2610,2017-09-22,1,mean10_epsilon,1797,-0.24905115743033757,-0.0811704767144275,-0.08537191549136575,0.005428654585440357,-0.0908005700768061,False,1445
2610,2017-09-22,1,negative_mean10_epsilon,1797,0.24905115743033757,0.0811704767144275,0.040159886695134143,0.005428654585440357,0.03473123210969378,False,1445
2615,2017-09-29,2,K1,1808,0.20920234860575337,0.07218593923025765,0.06697129656483108,0.004798429348618134,0.06217286721621295,True,1445
2615,2017-09-29,2,last_epsilon,1808,0.1007813198147577,0.06059121285838451,0.024402776688414937,0.004798429348618134,0.019604347339796803,False,1445
2615,2017-09-29,2,negative_last_epsilon,1808,-0.1007813198147577,-0.06059121285838451,-0.08444027884591682,0.004798429348618134,-0.08923870819453494,False,1445
2615,2017-09-29,2,mean10_epsilon,1808,-0.1702583454100745,-0.06615669397579041,-0.02504428035269181,0.004798429348618134,-0.029842709701309943,False,1445
2615,2017-09-29,2,negative_mean10_epsilon,1808,0.1702583454100745,0.06615669397579041,0.03686823570169508,0.004798429348618134,0.03206980635307695,False,1445
2620,2017-10-13,3,K1,1800,0.09912141557319473,0.02951607080629199,0.03654013695195317,0.0031741863219836987,0.03336595062996947,True,1445
2620,2017-10-13,3,last_epsilon,1800,0.10762263403990763,0.044745356806379276,-0.016127227960775297,0.0031741863219836987,-0.019301414282758996,False,1445
2620,2017-10-13,3,negative_last_epsilon,1800,-0.10762263403990763,-0.044745356806379276,-0.04233651723091801,0.0031741863219836987,-0.04551070355290171,False,1445
2620,2017-10-13,3,mean10_epsilon,1800,-0.07512807462800657,-0.02775154332808193,-0.0025546826732655366,0.0031741863219836987,-0.005728868995249235,False,1445
2620,2017-10-13,3,negative_mean10_epsilon,1800,0.07512807462800657,0.02775154332808193,-0.015269857847791475,0.0031741863219836987,-0.018444044169775173,False,1445
2625,2017-10-20,0,K1,1813,0.05699231754329547,0.00902330636134299,0.03345256672861675,0.006029670488246513,0.02742289624037024,True,1445
2625,2017-10-20,0,last_epsilon,1813,0.15671191679041901,0.06261683784432334,0.008035349760514994,0.006029670488246513,0.002005679272268481,False,1445
2625,2017-10-20,0,negative_last_epsilon,1813,-0.15671191679041901,-0.06261683784432334,-0.1161372289682428,0.006029670488246513,-0.12216689945648931,False,1445
2625,2017-10-20,0,mean10_epsilon,1813,-0.04399115474385189,-0.01734054538817531,-0.020683742502781873,0.006029670488246513,-0.026713412991028387,False,1445
2625,2017-10-20,0,negative_mean10_epsilon,1813,0.04399115474385189,0.01734054538817531,5.383957177400589e-05,0.006029670488246513,-0.005975830916472507,False,1445
2630,2017-10-27,1,K1,1832,0.12241719871735751,0.06189271877591353,0.03991012199160953,0.007996179582617844,0.03191394240899169,True,1445
2630,2017-10-27,1,last_epsilon,1832,0.030817537566567976,0.00836493170101646,-0.015731468338829775,0.007996179582617844,-0.023727647921447617,False,1445
2630,2017-10-27,1,negative_last_epsilon,1832,-0.030817537566567976,-0.00836493170101646,-0.07501253459292154,0.007996179582617844,-0.08300871417553939,False,1445
2630,2017-10-27,1,mean10_epsilon,1832,-0.12717367267913207,-0.06093387034076935,-0.06375739163874337,0.007996179582617844,-0.07175357122136122,False,1445
2630,2017-10-27,1,negative_mean10_epsilon,1832,0.12717367267913207,0.06093387034076935,0.05126989327836782,0.007996179582617844,0.04327371369574998,False,1445
2635,2017-11-03,2,K1,1832,0.13526136373039394,0.04668010793007017,0.04576220650536319,0.006485992678347521,0.03927621382701567,True,1445
2635,2017-11-03,2,last_epsilon,1832,0.095910556645731,0.03651909902310151,0.011830660669753948,0.006485992678347521,0.005344667991406427,False,1445
2635,2017-11-03,2,negative_last_epsilon,1832,-0.095910556645731,-0.03651909902310151,-0.09471861243558427,0.006485992678347521,-0.1012046051139318,False,1445
2635,2017-11-03,2,mean10_epsilon,1832,-0.11412802700246845,-0.0395844683646386,-0.05763884423843895,0.006485992678347521,-0.06412483691678647,False,1445
2635,2017-11-03,2,negative_mean10_epsilon,1832,0.11412802700246845,0.0395844683646386,0.026826695911586283,0.006485992678347521,0.020340703233238763,False,1445
2640,2017-11-10,3,K1,1814,0.06416667653576281,0.04188159537137916,0.020281364458302656,0.012111526665042189,0.008169837793260467,True,1445
2640,2017-11-10,3,last_epsilon,1814,0.18612075285567173,0.10097968717192837,0.06157679013752689,0.012111526665042189,0.0494652634724847,False,1445
2640,2017-11-10,3,negative_last_epsilon,1814,-0.18612075285567173,-0.10097968717192837,-0.12932777138970172,0.012111526665042189,-0.14143929805474392,False,1445
2640,2017-11-10,3,mean10_epsilon,1814,-0.10418339455983179,-0.03738645082495615,-0.06929938481965413,0.012111526665042189,-0.08141091148469631,False,1445
2640,2017-11-10,3,negative_mean10_epsilon,1814,0.10418339455983179,0.03738645082495615,0.046316305796305336,0.012111526665042189,0.034204779131263144,False,1445
2645,2017-11-17,0,K1,1820,0.09750664862151205,0.050594704877457236,-0.04242405043914914,0.006595554628531498,-0.04901960506768063,True,1445
2645,2017-11-17,0,last_epsilon,1820,0.13291464538587847,0.05834939558625702,0.013804549475510915,0.006595554628531498,0.007208994846979417,False,1445
2645,2017-11-17,0,negative_last_epsilon,1820,-0.13291464538587847,-0.05834939558625702,-0.12511721518433963,0.006595554628531498,-0.13171276981287114,False,1445
2645,2017-11-17,0,mean10_epsilon,1820,-0.10868448192103948,-0.036249403553233854,-0.028144566008510688,0.006595554628531498,-0.03474012063704218,False,1445
2645,2017-11-17,0,negative_mean10_epsilon,1820,0.10868448192103948,0.036249403553233854,0.022973222037156422,0.006595554628531498,0.016377667408624924,False,1445
2650,2017-11-24,1,K1,1853,0.1326020293077378,0.052402079343045374,0.06424107770435512,0.005986283130666904,0.05825479457368822,True,1445
2650,2017-11-24,1,last_epsilon,1853,0.11746800587821002,0.03489264665526256,0.024205810186443463,0.005986283130666904,0.01821952705577656,False,1445
2650,2017-11-24,1,negative_last_epsilon,1853,-0.11746800587821002,-0.03489264665526256,-0.034072710666805506,0.005986283130666904,-0.04005899379747241,False,1445
2650,2017-11-24,1,mean10_epsilon,1853,-0.13589114412299083,-0.052872837090871073,-0.03018753193318844,0.005986283130666904,-0.03617381506385534,False,1445
2650,2017-11-24,1,negative_mean10_epsilon,1853,0.13589114412299083,0.052872837090871073,0.03142804189119488,0.005986283130666904,0.025441758760527976,False,1445
2655,2017-12-01,2,K1,1857,0.1968327453868308,0.07294605404037882,0.06816408946954956,0.0018774667428836202,0.06628662272666594,True,1445
2655,2017-12-01,2,last_epsilon,1857,0.05543406937099852,0.002631591085888875,-0.06437292465319236,0.0018774667428836202,-0.06625039139607598,False,1445
2655,2017-12-01,2,negative_last_epsilon,1857,-0.05543406937099852,-0.002631591085888875,-0.05437517474250247,0.0018774667428836202,-0.056252641485386085,False,1445
2655,2017-12-01,2,mean10_epsilon,1857,-0.18791579707862793,-0.06376091057931803,-0.026200176092485587,0.0018774667428836202,-0.028077642835369208,False,1445
2655,2017-12-01,2,negative_mean10_epsilon,1857,0.18791579707862793,0.06376091057931803,0.047898104119425015,0.0018774667428836202,0.0460206373765414,False,1445
2660,2017-12-08,3,K1,1846,0.21674233973922474,0.07258953337978986,0.06627813453669659,0.0032099373469422514,0.06306819718975434,True,1445
2660,2017-12-08,3,last_epsilon,1846,-0.06218029588074358,-0.016064144452051867,-0.021839124150574207,0.0032099373469422514,-0.02504906149751646,False,1445
2660,2017-12-08,3,negative_last_epsilon,1846,0.06218029588074358,0.016064144452051867,0.02179929946238796,0.0032099373469422514,0.018589362115445707,False,1445
2660,2017-12-08,3,mean10_epsilon,1846,-0.1845600195181354,-0.05626201121808465,-0.052588280546478926,0.0032099373469422514,-0.055798217893421174,False,1445
2660,2017-12-08,3,negative_mean10_epsilon,1846,0.1845600195181354,0.05626201121808465,0.04806426650223632,0.0032099373469422514,0.044854329155294075,False,1445
2665,2017-12-15,0,K1,1851,0.28870164630166234,0.10253580817040309,0.06680099970350663,-0.0003386122446041507,0.06713961194811077,True,1445
2665,2017-12-15,0,last_epsilon,1851,-0.015239042228411118,0.005513088340946548,-0.08705021782467763,-0.0003386122446041507,-0.08671160558007349,False,1445
2665,2017-12-15,0,negative_last_epsilon,1851,0.015239042228411118,-0.005513088340946548,-0.04983698235979925,-0.0003386122446041507,-0.049498370115195096,False,1445
2665,2017-12-15,0,mean10_epsilon,1851,-0.21317570287574245,-0.0862050459463766,-0.04939356717901925,-0.0003386122446041507,-0.0490549549344151,False,1445
2665,2017-12-15,0,negative_mean10_epsilon,1851,0.21317570287574245,0.0862050459463766,0.07161387261003256,-0.0003386122446041507,0.0719524848546367,False,1445
2670,2017-12-22,1,K1,1877,0.14380496236995802,0.04650483336791465,0.046594482536117234,-0.0037176950414019457,0.05031217757751918,True,1445
2670,2017-12-22,1,last_epsilon,1877,0.07425129492770559,0.04860415526389961,-0.0035378759959712623,-0.0037176950414019457,0.00017981904543068342,False,1445
2670,2017-12-22,1,negative_last_epsilon,1877,-0.07425129492770559,-0.04860415526389961,-0.08180650308107336,-0.0037176950414019457,-0.07808880803967141,False,1445
2670,2017-12-22,1,mean10_epsilon,1877,-0.1108045929597456,-0.035327571156326704,-0.012218659355615577,-0.0037176950414019457,-0.00850096431421363,False,1445
2670,2017-12-22,1,negative_mean10_epsilon,1877,0.1108045929597456,0.035327571156326704,0.02181175833878418,-0.0037176950414019457,0.025529453380186123,False,1445
2675,2017-12-29,2,K1,1894,-0.035536853630151466,-0.009995481625467872,-0.022992945617685716,0.0005969905947454799,-0.023589936212431196,True,1445
2675,2017-12-29,2,last_epsilon,1894,0.11981106819970494,0.06281194995433369,0.028146346332505345,0.0005969905947454799,0.027549355737759865,False,1445
2675,2017-12-29,2,negative_last_epsilon,1894,-0.11981106819970494,-0.06281194995433369,-0.08561894895198445,0.0005969905947454799,-0.08621593954672993,False,1445
2675,2017-12-29,2,mean10_epsilon,1894,0.023633975492553336,0.015814255919337036,0.05429853405803442,0.0005969905947454799,0.05370154346328894,False,1445
2675,2017-12-29,2,negative_mean10_epsilon,1894,-0.023633975492553336,-0.015814255919337036,0.01645517417540153,0.0005969905947454799,0.01585818358065605,False,1445
