day_position,date,phase,predictor,n,rankic,decile_spread,top30_mean,universe_mean,top30_minus_universe,ties_present,clock,seed
2435,2017-01-06,2,F,1447,0.18858256708808946,0.047856832899722375,0.035945940921859196,0.004455716058987193,0.031490224862872,False,1430,11
2435,2017-01-06,2,H,1447,0.17949505119543954,0.04424341029567182,0.029423335136380048,0.004455716058987193,0.024967619077392856,False,1430,11
2440,2017-01-13,3,F,1448,0.16382682548363642,0.05237094518482384,0.06714456382518014,0.0035217414472197947,0.06362282237796034,True,1430,11
2440,2017-01-13,3,H,1448,0.15687248158772651,0.04789424676538248,0.05770243248747041,0.0035217414472197947,0.05418069104025061,False,1430,11
2445,2017-01-20,0,F,1458,0.2715005342192224,0.09535799570733397,0.12985964238954087,0.004913740236775776,0.12494590215276509,False,1430,11
2445,2017-01-20,0,H,1458,0.246958018418326,0.08558443280336836,0.11603789643753165,0.004913740236775776,0.11112415620075587,False,1430,11
2450,2017-02-03,1,F,1497,0.317115768416666,0.11802233378630446,0.15015851284066836,0.0003093954342716263,0.14984911740639673,False,1430,11
2450,2017-02-03,1,H,1497,0.28782541343369433,0.10142495563093006,0.13659863777769107,0.0003093954342716263,0.13628924234341944,False,1430,11
2455,2017-02-10,2,F,1491,0.3428567301391884,0.11349371624227626,0.10521381018722119,-0.001600661577273128,0.10681447176449431,False,1430,11
2455,2017-02-10,2,H,1491,0.3076608960128513,0.10784995648189566,0.10210790410055778,-0.001600661577273128,0.1037085656778309,False,1430,11
2460,2017-02-17,3,F,1487,0.22313737320427746,0.10606156038674935,0.13511950358127553,0.0016190537239583263,0.1335004498573172,False,1430,11
2460,2017-02-17,3,H,1487,0.18131373362700473,0.0897368725380983,0.13681669315944114,0.0016190537239583263,0.13519763943548282,False,1430,11
2465,2017-02-24,0,F,1503,0.09911968778537776,0.03905720421171282,0.10523721215625605,0.0025915259092164594,0.10264568624703958,False,1430,11
2465,2017-02-24,0,H,1503,0.053918443674737956,0.034664552717246506,0.0688130127886931,0.0025915259092164594,0.06622148687947664,False,1430,11
2470,2017-03-03,1,F,1551,0.08382190105742951,0.031121375227549805,0.03174962468910962,0.004463361834911193,0.027286262854198426,False,1430,11
2470,2017-03-03,1,H,1551,0.06136824842614171,0.015992418798475315,0.026452271178519973,0.004463361834911193,0.02198890934360878,False,1430,11
2475,2017-03-10,2,F,1536,0.1374129672476312,0.05376316047272815,0.0012432853768890102,0.008248986970533187,-0.007005701593644177,False,1430,11
2475,2017-03-10,2,H,1536,0.1498074272452152,0.06302225104540934,0.03857327774943163,0.008248986970533187,0.030324290778898443,False,1430,11
2480,2017-03-17,3,F,1541,0.12238415084462297,0.06787646140384657,-0.015354834694880993,0.0010412039608635839,-0.016396038655744575,False,1430,11
2480,2017-03-17,3,H,1541,0.14169455962874256,0.05463751315595824,-0.013580892805475742,0.0010412039608635839,-0.014622096766339326,False,1430,11
2485,2017-03-24,0,F,1554,0.06740543886861666,0.05662778787645362,-0.04808782705416282,-0.0002858877961681411,-0.047801939257994676,False,1430,11
2485,2017-03-24,0,H,1554,0.07762129520742143,0.061653115172239564,-0.03359503870209058,-0.0002858877961681411,-0.03330915090592244,False,1430,11
2490,2017-03-31,1,F,1592,-0.012313110554613696,0.03362514216777921,-0.00446606659485648,-0.004269191239425014,-0.00019687535543146638,False,1430,11
2490,2017-03-31,1,H,1592,-0.008416346815080729,0.035557047441988336,-0.012415512395091356,-0.004269191239425014,-0.008146321155666342,False,1430,11
2495,2017-04-11,2,F,1579,0.16806910915614873,0.05712103741955321,-0.01680766618034492,-0.006571227050816162,-0.010236439129528756,False,1430,11
2495,2017-04-11,2,H,1579,0.16370531452195566,0.06292561552439857,0.008617606673700115,-0.006571227050816162,0.015188833724516276,False,1430,11
2500,2017-04-18,3,F,1576,0.03945039345964446,-0.01054396195261914,0.03369074962053371,-0.00808502858753716,0.041775778208070866,False,1430,11
2500,2017-04-18,3,H,1576,0.009226224389179173,-0.01490878135829372,0.03696143070458978,-0.00808502858753716,0.04504645929212694,False,1430,11
2505,2017-04-25,0,F,1589,-0.07514857040327241,-0.021838664771293443,-0.0032989210255133608,-0.0008771055887712317,-0.002421815436742129,False,1430,11
2505,2017-04-25,0,H,1589,-0.09228267780944567,-0.024323751925950564,-0.03168676327525948,-0.0008771055887712317,-0.03080965768648825,False,1430,11
2510,2017-05-03,1,F,1628,0.08529698838269335,0.07550360104975015,0.07204622682183981,-0.0012744605551680615,0.07332068737700786,False,1430,11
2510,2017-05-03,1,H,1628,0.06886857234071203,0.06679347139434406,0.09451888898972054,-0.0012744605551680615,0.09579334954488859,False,1430,11
2515,2017-05-10,2,F,1613,0.13994169786472807,0.10079544110683528,0.07156395861917796,-0.002195397383868013,0.07375935600304596,False,1430,11
2515,2017-05-10,2,H,1613,0.12874594696179825,0.10858296474546009,0.05874364569705601,-0.002195397383868013,0.06093904308092402,False,1430,11
2520,2017-05-17,3,F,1608,0.21584121145267507,0.12426180746588217,0.08321142696465055,0.002641776036640731,0.08056965092800981,False,1430,11
2520,2017-05-17,3,H,1608,0.21568497969062134,0.12346037261486345,0.04716214571769039,0.002641776036640731,0.04452036968104966,False,1430,11
2525,2017-05-24,0,F,1614,0.16624323626590667,0.06432404217269758,0.007507524266839027,0.0029583136981513746,0.004549210568687652,False,1430,11
2525,2017-05-24,0,H,1614,0.14854518375910233,0.0645810424826348,-0.0015122821399321158,0.0029583136981513746,-0.004470595838083491,False,1430,11
2530,2017-06-02,1,F,1660,0.15778658528563336,0.06312667924391123,0.02622716381738428,0.005910958056718147,0.02031620576066613,False,1430,11
2530,2017-06-02,1,H,1660,0.14826275040272113,0.06061001503836583,0.03485474705909534,0.005910958056718147,0.028943789002377193,False,1430,11
2535,2017-06-09,2,F,1656,0.11089381594649202,0.05444287492167804,0.012700745463371277,0.008227767398318025,0.004472978065053252,False,1430,11
2535,2017-06-09,2,H,1656,0.10073512673255308,0.04010708399516509,0.02211556208009521,0.008227767398318025,0.013887794681777185,False,1430,11
2540,2017-06-16,3,F,1641,0.1496216469979444,0.0710867300298471,0.05094884244414667,0.004699054028169307,0.046249788415977364,False,1430,11
2540,2017-06-16,3,H,1641,0.15361448243474143,0.07455670598520978,0.05151470992714167,0.004699054028169307,0.04681565589897236,False,1430,11
2545,2017-06-23,0,F,1641,0.19738350714487557,0.09784628387347855,0.04575019742672642,0.003616289670472541,0.04213390775625388,False,1430,11
2545,2017-06-23,0,H,1641,0.2019670967117187,0.10347425472807628,0.07052988452681651,0.003616289670472541,0.06691359485634396,False,1430,11
2550,2017-06-30,1,F,1682,0.19359892658642802,0.07147318719840509,0.039478614429632825,0.0032675739755678055,0.03621104045406502,False,1430,11
2550,2017-06-30,1,H,1682,0.1886363058565811,0.07935966587510415,0.04961174162647997,0.0032675739755678055,0.04634416765091217,False,1430,11
2555,2017-07-07,2,F,1680,0.1854219685350755,0.08152853438895406,0.0816759986958156,0.0032621493507251995,0.0784138493450904,False,1430,11
2555,2017-07-07,2,H,1680,0.1762737808712173,0.06413591282346585,0.08581670986798902,0.0032621493507251995,0.08255456051726381,False,1430,11
2560,2017-07-14,3,F,1688,0.19569526756108122,0.08245032403508612,0.06493928184111913,0.00353862640143652,0.061400655439682615,False,1430,11
2560,2017-07-14,3,H,1688,0.1628860503941265,0.06490064724078236,0.0625001011726757,0.00353862640143652,0.058961474771239177,False,1430,11
2565,2017-07-21,0,F,1683,0.2622219906002179,0.09647442307409836,0.06089096854751309,0.00462529272805012,0.05626567581946297,False,1430,11
2565,2017-07-21,0,H,1683,0.242384290900939,0.08606076632193954,0.06944618914276361,0.00462529272805012,0.06482089641471349,False,1430,11
2570,2017-07-28,1,F,1730,0.3209948085847525,0.10530191018499133,0.04990909807384014,-0.002017895753558566,0.05192699382739871,False,1430,11
2570,2017-07-28,1,H,1730,0.30067740167566226,0.10145831142412229,0.02516577628751596,-0.002017895753558566,0.027183672041074525,False,1430,11
2575,2017-08-04,2,F,1733,0.15161050424683767,0.0373377482546062,-0.0006649453192949295,-0.0019944727153954553,0.0013295273961005257,False,1430,11
2575,2017-08-04,2,H,1733,0.13816161583845823,0.043452904164193486,-0.007308739051222801,-0.0019944727153954553,-0.005314266335827346,False,1430,11
2580,2017-08-11,3,F,1724,0.049806228874902894,0.022746904525224956,0.03421332084108144,-0.0009291137198111089,0.03514243456089255,False,1430,11
2580,2017-08-11,3,H,1724,0.03944329362493742,0.023133675824494784,0.010963152527498703,-0.0009291137198111089,0.011892266247309812,False,1430,11
2585,2017-08-18,0,F,1732,0.09262515772495242,0.04095405137616061,0.02475278073300918,-0.002388226849323612,0.02714100758233279,False,1430,11
2585,2017-08-18,0,H,1732,0.060368942829982626,0.03866819932427146,0.029165714823951323,-0.002388226849323612,0.03155394167327494,False,1430,11
2590,2017-08-25,1,F,1774,0.09194182056688867,0.03929610245191561,0.007381365386148294,-0.0021674267047423743,0.009548792090890669,False,1430,11
2590,2017-08-25,1,H,1774,0.07154942473962575,0.03270094373393646,-0.013981919107027351,-0.0021674267047423743,-0.011814492402284977,False,1430,11
2595,2017-09-01,2,F,1769,0.16804928953627007,0.08479424136071016,0.058132030977867545,0.004025724113781071,0.054106306864086476,False,1430,11
2595,2017-09-01,2,H,1769,0.15916772229729909,0.07794458410138429,0.04325884320617964,0.004025724113781071,0.03923311909239857,False,1430,11
2600,2017-09-08,3,F,1758,0.2348866865972022,0.11479336468548614,0.08444694876670837,0.004096511930743145,0.08035043683596522,True,1430,11
2600,2017-09-08,3,H,1758,0.21078282522718153,0.10248584556060711,0.06854874541362127,0.004096511930743145,0.06445223348287812,False,1430,11
2605,2017-09-15,0,F,1764,0.2998997473138232,0.11230267003900901,0.04710439105207721,0.0029735003904518627,0.04413089066162535,False,1430,11
2605,2017-09-15,0,H,1764,0.27698892327784297,0.10410324552702316,0.031225794941807786,0.0029735003904518627,0.028252294551355923,False,1430,11
2610,2017-09-22,1,F,1797,0.31575608739742195,0.1027554144920789,0.09753845809027553,0.005374906614903562,0.09216355147537197,False,1430,11
2610,2017-09-22,1,H,1797,0.2948268022522589,0.10365271541599844,0.0910322499461472,0.005374906614903562,0.08565734333124364,False,1430,11
2615,2017-09-29,2,F,1808,0.1986004218581385,0.07112259731964313,0.05185186269809492,0.004944891999195384,0.046906970698899535,False,1430,11
2615,2017-09-29,2,H,1808,0.16580832648533236,0.061811630060482355,0.032300420134561136,0.004944891999195384,0.02735552813536575,False,1430,11
2620,2017-10-13,3,F,1800,0.08101083570293283,0.022078023765061516,0.03158111660644257,0.003265768143458748,0.028315348462983822,False,1430,11
2620,2017-10-13,3,H,1800,0.06251927444010529,0.01742628883366706,0.03333066226914525,0.003265768143458748,0.030064894125686505,False,1430,11
2625,2017-10-20,0,F,1813,0.03625161803797643,0.004335054862041832,0.0377289084775839,0.0058992634390515565,0.03182964503853235,False,1430,11
2625,2017-10-20,0,H,1813,0.017140082066091168,0.001741952740635171,0.016135629086056723,0.0058992634390515565,0.010236365647005165,False,1430,11
2630,2017-10-27,1,F,1832,0.1221088928454662,0.05901487246127112,0.06287420690059661,0.008062931878942924,0.054811275021653685,False,1430,11
2630,2017-10-27,1,H,1832,0.09791238192742466,0.05898981305431508,0.026930942541609208,0.008062931878942924,0.018868010662666284,False,1430,11
2635,2017-11-03,2,F,1832,0.12573799769125218,0.04635838556702661,0.060708525103594486,0.00628652870963732,0.054421996393957166,False,1430,11
2635,2017-11-03,2,H,1832,0.10692214141263576,0.03831087417558314,0.04643311011022888,0.00628652870963732,0.04014658140059156,False,1430,11
2640,2017-11-10,3,F,1814,0.05578228612063575,0.024791820574222516,-0.008702135769029458,0.012150566266239114,-0.020852702035268574,False,1430,11
2640,2017-11-10,3,H,1814,0.023026396001381323,0.012856897964908933,-0.030415282336374125,0.012150566266239114,-0.04256584860261324,False,1430,11
2645,2017-11-17,0,F,1820,0.12708011973752606,0.054099892118656595,0.019105704955291004,0.006845961098640276,0.012259743856650728,False,1430,11
2645,2017-11-17,0,H,1820,0.09933143605300855,0.04385406691066097,-0.057134968884444484,0.006845961098640276,-0.06398092998308476,False,1430,11
2650,2017-11-24,1,F,1853,0.14990126994001668,0.05396649046089953,0.06869848451266686,0.006050486683983453,0.06264799782868341,False,1430,11
2650,2017-11-24,1,H,1853,0.13807163499161879,0.0486634967477388,0.041031236030782264,0.006050486683983453,0.03498074934679881,False,1430,11
2655,2017-12-01,2,F,1857,0.22273427929540762,0.07920540129998699,0.07225405379043272,0.0018260979575140932,0.07042795583291862,False,1430,11
2655,2017-12-01,2,H,1857,0.21365901049431424,0.08225405888106498,0.06080747628584504,0.0018260979575140932,0.05898137832833095,True,1430,11
2660,2017-12-08,3,F,1846,0.1904275409325518,0.06374860782156959,0.09001364420788983,0.0030417877538424193,0.08697185645404741,False,1430,11
2660,2017-12-08,3,H,1846,0.19568632573996356,0.0844714446052619,0.10924778378490979,0.0030417877538424193,0.10620599603106737,False,1430,11
2665,2017-12-15,0,F,1851,0.27639832704925066,0.0931494158011471,0.06853827889232586,-0.00016710989523477696,0.06870538878756063,False,1430,11
2665,2017-12-15,0,H,1851,0.2823876000997935,0.10473111598497584,0.10875424415183564,-0.00016710989523477696,0.10892135404707042,False,1430,11
2670,2017-12-22,1,F,1877,0.13538065419942177,0.053285992168012095,0.07222237577661872,-0.0037601079450771745,0.07598248372169589,False,1430,11
2670,2017-12-22,1,H,1877,0.14154394271520526,0.057491869051856076,0.07451847322906056,-0.0037601079450771745,0.07827858117413773,False,1430,11
2675,2017-12-29,2,F,1894,-0.023495128712354367,-0.0010052386215652674,-0.03520566433047255,0.0008167076231318023,-0.03602237195360435,False,1430,11
2675,2017-12-29,2,H,1894,-0.02600864523569832,-0.005702269985771702,0.021232074157645307,0.0008167076231318023,0.020415366534513504,False,1430,11
2435,2017-01-06,2,F,1447,0.21809693954429707,0.05153369656020207,0.0320287920262975,0.004455716058987193,0.027573075967310307,False,1430,29
2435,2017-01-06,2,H,1447,0.1952593178405936,0.05260717620664461,0.06068033979972824,0.004455716058987193,0.056224623740741046,False,1430,29
2440,2017-01-13,3,F,1448,0.2071341113677914,0.05476650478687636,0.07216017392929644,0.0035217414472197947,0.06863843248207664,False,1430,29
2440,2017-01-13,3,H,1448,0.1629551252609454,0.052274329405817194,0.09675136553899695,0.0035217414472197947,0.09322962409177715,False,1430,29
2445,2017-01-20,0,F,1458,0.31557134879068904,0.10264454757300975,0.11369876093231142,0.004913740236775776,0.10878502069553564,False,1430,29
2445,2017-01-20,0,H,1458,0.2786366715146379,0.0927501404046027,0.12599310679361225,0.004913740236775776,0.12107936655683647,False,1430,29
2450,2017-02-03,1,F,1497,0.390527147123903,0.13573307768331766,0.14069134357074897,0.0003093954342716263,0.14038194813647734,False,1430,29
2450,2017-02-03,1,H,1497,0.3241615600205788,0.11190963993958454,0.13593532933543126,0.0003093954342716263,0.13562593390115962,False,1430,29
2455,2017-02-10,2,F,1491,0.44003582102218003,0.13313687067235125,0.11879620047790619,-0.001600661577273128,0.12039686205517931,False,1430,29
2455,2017-02-10,2,H,1491,0.31384122428943634,0.11585626818787387,0.0974755532729129,-0.001600661577273128,0.09907621485018601,False,1430,29
2460,2017-02-17,3,F,1487,0.2597509980344274,0.10587230761587774,0.09991378666212161,0.0016190537239583263,0.09829473293816328,False,1430,29
2460,2017-02-17,3,H,1487,0.1968093693878766,0.08678138378643387,0.08593085266960164,0.0016190537239583263,0.08431179894564331,False,1430,29
2465,2017-02-24,0,F,1503,0.10275994813217998,0.03416775650136211,0.07417995188540469,0.0025915259092164594,0.07158842597618822,False,1430,29
2465,2017-02-24,0,H,1503,0.04465446886208884,0.03179594568752994,0.0544169852277264,0.0025915259092164594,0.051825459318509945,False,1430,29
2470,2017-03-03,1,F,1551,0.08523609321640865,0.025763474664868665,0.021497542552727584,0.004463361834911193,0.017034180717816393,False,1430,29
2470,2017-03-03,1,H,1551,0.02976628357173044,0.016260925828546827,0.011242973940291752,0.004463361834911193,0.006779612105380559,False,1430,29
2475,2017-03-10,2,F,1536,0.0646793950894229,0.05922652689774872,0.007464442254664997,0.008248986970533187,-0.0007845447158681892,False,1430,29
2475,2017-03-10,2,H,1536,0.1370790453292191,0.05796387513673003,0.01919103356388708,0.008248986970533187,0.010942046593353892,False,1430,29
2480,2017-03-17,3,F,1541,0.11401284197209831,0.06147959203475953,-0.031659427611157295,0.0010412039608635839,-0.032700631572020876,False,1430,29
2480,2017-03-17,3,H,1541,0.144073774557795,0.06848817747486936,0.04971675273263827,0.0010412039608635839,0.04867554877177469,False,1430,29
2485,2017-03-24,0,F,1554,0.0069154611923197985,0.024440854058165342,-0.011820269236341118,-0.0002858877961681411,-0.011534381440172978,False,1430,29
2485,2017-03-24,0,H,1554,0.07078004943809744,0.038953661377121127,0.001639383565634489,-0.0002858877961681411,0.00192527136180263,False,1430,29
2490,2017-03-31,1,F,1592,0.04050471183336931,0.04350690775255836,0.017106702962579826,-0.004269191239425014,0.02137589420200484,False,1430,29
2490,2017-03-31,1,H,1592,-0.008849958338235356,0.02200021470952545,-0.018203806093273062,-0.004269191239425014,-0.01393461485384805,False,1430,29
2495,2017-04-11,2,F,1579,0.21796447714950548,0.08284419340639121,0.035129032315065464,-0.006571227050816162,0.04170025936588163,False,1430,29
2495,2017-04-11,2,H,1579,0.16476000783128344,0.05836115630824048,-0.003397852376413842,-0.006571227050816162,0.0031733746744023197,False,1430,29
2500,2017-04-18,3,F,1576,0.06579467444220606,-0.007742505508810904,0.05696356194093823,-0.00808502858753716,0.06504859052847539,False,1430,29
2500,2017-04-18,3,H,1576,0.015522663916227484,-0.0222373757650223,0.009104724719266717,-0.00808502858753716,0.017189753306803876,False,1430,29
2505,2017-04-25,0,F,1589,-0.036421674737406956,-0.006454616290652722,0.011698374699335545,-0.0008771055887712317,0.012575480288106776,False,1430,29
2505,2017-04-25,0,H,1589,-0.09775901878046904,-0.03366318686137306,-0.018994077415360758,-0.0008771055887712317,-0.018116971826589525,False,1430,29
2510,2017-05-03,1,F,1628,0.1114033066071696,0.07678797397896647,0.09865822543664156,-0.0012744605551680615,0.09993268599180961,False,1430,29
2510,2017-05-03,1,H,1628,0.0613199632680968,0.06261881774020209,0.04693219165007274,-0.0012744605551680615,0.0482066522052408,False,1430,29
2515,2017-05-10,2,F,1613,0.047556205821245236,0.07548047329269506,0.028291865199571477,-0.002195397383868013,0.03048726258343949,False,1430,29
2515,2017-05-10,2,H,1613,0.1261905555326389,0.10715584100263124,0.0420926512645868,-0.002195397383868013,0.044288048648454814,False,1430,29
2520,2017-05-17,3,F,1608,0.06266177719446431,0.08052426318295147,0.020873105991631745,0.002641776036640731,0.018231329954991014,False,1430,29
2520,2017-05-17,3,H,1608,0.22166201709944527,0.1171570486519812,0.0546452345016102,0.002641776036640731,0.05200345846496947,False,1430,29
2525,2017-05-24,0,F,1614,0.040289436512985624,0.03615710514497087,0.009045435162261129,0.0029583136981513746,0.006087121464109755,False,1430,29
2525,2017-05-24,0,H,1614,0.16565195014145365,0.07080270729052274,0.03345031364200016,0.0029583136981513746,0.030491999943848783,False,1430,29
2530,2017-06-02,1,F,1660,0.14402253966018286,0.04937757494014686,0.02507466206540509,0.005910958056718147,0.019163704008686944,False,1430,29
2530,2017-06-02,1,H,1660,0.18309538340726889,0.06869236810028718,0.04397551369232436,0.005910958056718147,0.03806455563560621,False,1430,29
2535,2017-06-09,2,F,1656,0.0991495320170796,0.048133351916145664,-0.00409172895985345,0.008227767398318025,-0.012319496358171474,False,1430,29
2535,2017-06-09,2,H,1656,0.13038682548720845,0.06215536498246806,0.03115026755258441,0.008227767398318025,0.022922500154266386,False,1430,29
2540,2017-06-16,3,F,1641,0.15285434127680295,0.0728846415430137,0.03576536198379472,0.004699054028169307,0.031066307955625413,False,1430,29
2540,2017-06-16,3,H,1641,0.14511696549427355,0.07366616136810412,0.05395130893836419,0.004699054028169307,0.04925225491019488,False,1430,29
2545,2017-06-23,0,F,1641,0.15993166243468387,0.09000647783445524,0.03799117086455226,0.003616289670472541,0.03437488119407972,False,1430,29
2545,2017-06-23,0,H,1641,0.18290273159630593,0.10770505754053153,0.03546617309718082,0.003616289670472541,0.03184988342670828,False,1430,29
2550,2017-06-30,1,F,1682,0.17488228158929178,0.06889527943297123,0.032425486758196106,0.0032675739755678055,0.0291579127826283,False,1430,29
2550,2017-06-30,1,H,1682,0.171629357375301,0.07608900353945847,0.04142564240222176,0.0032675739755678055,0.03815806842665396,False,1430,29
2555,2017-07-07,2,F,1680,0.16274610459298733,0.05908461371291196,0.07021283875219524,0.0032621493507251995,0.06695068940147003,False,1430,29
2555,2017-07-07,2,H,1680,0.15033319678958018,0.05528805451155806,0.07705658172878126,0.0032621493507251995,0.07379443237805605,False,1430,29
2560,2017-07-14,3,F,1688,0.22712510213941012,0.08883100098938441,0.08931826812525591,0.00353862640143652,0.08577964172381938,False,1430,29
2560,2017-07-14,3,H,1688,0.1596722813492086,0.06828527309456452,0.08053453440467516,0.00353862640143652,0.07699590800323863,False,1430,29
2565,2017-07-21,0,F,1683,0.3364615999961944,0.14314464241613764,0.061219279871632656,0.00462529272805012,0.05659398714358253,True,1430,29
2565,2017-07-21,0,H,1683,0.25456957850918877,0.09079804758221144,0.06374301783119639,0.00462529272805012,0.059117725103146265,False,1430,29
2570,2017-07-28,1,F,1730,0.33200918481560304,0.10649326180021758,0.04131196197122335,-0.002017895753558566,0.04332985772478192,False,1430,29
2570,2017-07-28,1,H,1730,0.30920256571002985,0.10283887992354615,0.04392939123014609,-0.002017895753558566,0.045947286983704656,False,1430,29
2575,2017-08-04,2,F,1733,0.1607163903237989,0.05346943924359357,0.016947810941686233,-0.0019944727153954553,0.01894228365708169,False,1430,29
2575,2017-08-04,2,H,1733,0.14527017569355644,0.03768901721119196,0.00910955307384332,-0.0019944727153954553,0.011104025789238775,False,1430,29
2580,2017-08-11,3,F,1724,0.051295969654508444,0.017683482451566094,0.006252397402810554,-0.0009291137198111089,0.007181511122621663,False,1430,29
2580,2017-08-11,3,H,1724,0.0251785027709734,0.01210838307299635,0.03158175770659,-0.0009291137198111089,0.032510871426401106,False,1430,29
2585,2017-08-18,0,F,1732,0.09898132257701588,0.05382391353440774,0.03485682206228376,-0.002388226849323612,0.03724504891160737,False,1430,29
2585,2017-08-18,0,H,1732,0.045691178458512886,0.04349572528723117,0.016654649376869203,-0.002388226849323612,0.019042876226192815,False,1430,29
2590,2017-08-25,1,F,1774,0.10342365207484364,0.04040839889094675,0.0034722251196702323,-0.0021674267047423743,0.005639651824412607,False,1430,29
2590,2017-08-25,1,H,1774,0.057848866855938895,0.03164763227078832,-0.0053649232412377994,-0.0021674267047423743,-0.003197496536495425,False,1430,29
2595,2017-09-01,2,F,1769,0.17959790021594996,0.09700460829431409,0.047203357835921146,0.004025724113781071,0.04317763372214008,False,1430,29
2595,2017-09-01,2,H,1769,0.1335696914127817,0.06810638519974335,0.03198981179545323,0.004025724113781071,0.027964087681672162,False,1430,29
2600,2017-09-08,3,F,1758,0.25238765298734317,0.1178554192336326,0.06952086258679628,0.004096511930743145,0.06542435065605313,False,1430,29
2600,2017-09-08,3,H,1758,0.19388181456172804,0.10399998678272823,0.039437855345507464,0.004096511930743145,0.03534134341476432,False,1430,29
2605,2017-09-15,0,F,1764,0.29780257239549635,0.11529692498284434,0.034760391789798936,0.0029735003904518627,0.031786891399347074,False,1430,29
2605,2017-09-15,0,H,1764,0.25926604758679056,0.10326327218023255,0.0522000919872274,0.0029735003904518627,0.04922659159677554,False,1430,29
2610,2017-09-22,1,F,1797,0.3179876656618054,0.10683644349834068,0.07028804362441103,0.005374906614903562,0.06491313700950747,False,1430,29
2610,2017-09-22,1,H,1797,0.28223403613070946,0.08773963141720742,0.060824013159920774,0.005374906614903562,0.05544910654501721,False,1430,29
2615,2017-09-29,2,F,1808,0.20705789086865498,0.07056910308828164,0.0348763019447991,0.004944891999195384,0.029931409945603712,False,1430,29
2615,2017-09-29,2,H,1808,0.13993403592560352,0.04208603690656471,0.04141165794765887,0.004944891999195384,0.036466765948463487,False,1430,29
2620,2017-10-13,3,F,1800,0.11822146035641781,0.03594924904157071,0.043521780526498334,0.003265768143458748,0.04025601238303959,False,1430,29
2620,2017-10-13,3,H,1800,0.0352206507882667,0.0034436501004771955,0.025210278760641813,0.003265768143458748,0.021944510617183065,False,1430,29
2625,2017-10-20,0,F,1813,0.0536808528253184,0.012520538829458973,0.020472044606382647,0.0058992634390515565,0.01457278116733109,False,1430,29
2625,2017-10-20,0,H,1813,-7.752623537139845e-07,-0.014724897923790285,-5.1660793057332436e-06,0.0058992634390515565,-0.0059044295183572895,False,1430,29
2630,2017-10-27,1,F,1832,0.10042877893669688,0.04400547976034491,0.025309411560495695,0.008062931878942924,0.01724647968155277,False,1430,29
2630,2017-10-27,1,H,1832,0.10641342857925419,0.05330152384326266,0.04617661369654039,0.008062931878942924,0.03811368181759747,False,1430,29
2635,2017-11-03,2,F,1832,0.14397863819852486,0.044323542019507535,0.06506477992710037,0.00628652870963732,0.05877825121746305,False,1430,29
2635,2017-11-03,2,H,1832,0.10063503465172909,0.04042541470774322,0.028123874226973083,0.00628652870963732,0.021837345517335762,False,1430,29
2640,2017-11-10,3,F,1814,0.0516666214256386,0.03994328145951403,0.049941863678395745,0.012150566266239114,0.03779129741215663,False,1430,29
2640,2017-11-10,3,H,1814,-0.00440237034976364,0.0005009281525397372,0.0055590989689032234,0.012150566266239114,-0.0065914672973358904,False,1430,29
2645,2017-11-17,0,F,1820,0.08155233289650973,0.03775817954802123,0.061185517127159986,0.006845961098640276,0.05433955602851971,False,1430,29
2645,2017-11-17,0,H,1820,0.06511958967994609,0.027420151887741707,-0.071739693346899,0.006845961098640276,-0.07858565444553928,False,1430,29
2650,2017-11-24,1,F,1853,0.09246760895723945,0.041623655445653496,0.05712497428370019,0.006050486683983453,0.051074487599716736,False,1430,29
2650,2017-11-24,1,H,1853,0.12239310576885598,0.04206512094840307,0.018289254947255053,0.006050486683983453,0.0122387682632716,False,1430,29
2655,2017-12-01,2,F,1857,0.16710506044171555,0.056666165111410254,0.05741341970084856,0.0018260979575140932,0.055587321743334465,False,1430,29
2655,2017-12-01,2,H,1857,0.20010574849163304,0.08152534412424634,0.07358963820928087,0.0018260979575140932,0.07176354025176677,False,1430,29
2660,2017-12-08,3,F,1846,0.21659214144202382,0.07866595773323395,0.09927395266713575,0.0030417877538424193,0.09623216491329332,False,1430,29
2660,2017-12-08,3,H,1846,0.20623851630505072,0.08030466475287065,0.11512797766675552,0.0030417877538424193,0.1120861899129131,False,1430,29
2665,2017-12-15,0,F,1851,0.27104994812119443,0.10496878394073605,0.08254459456851085,-0.00016710989523477696,0.08271170446374562,False,1430,29
2665,2017-12-15,0,H,1851,0.2561354883102628,0.10404281280352734,0.07786433707612256,-0.00016710989523477696,0.07803144697135733,False,1430,29
2670,2017-12-22,1,F,1877,0.15867201772108583,0.05821308749510015,0.06878666284804542,-0.0037601079450771745,0.07254677079312259,False,1430,29
2670,2017-12-22,1,H,1877,0.12428393126465993,0.05668087016833438,0.024358602489034334,-0.0037601079450771745,0.02811871043411151,False,1430,29
2675,2017-12-29,2,F,1894,0.023876821801563777,0.02134536838052097,-0.002932283002883196,0.0008167076231318023,-0.0037489906260149983,False,1430,29
2675,2017-12-29,2,H,1894,-0.02306351733292879,-0.01279356498711634,-0.027308543336888154,0.0008167076231318023,-0.028125250960019957,False,1430,29
2435,2017-01-06,2,F,1447,0.15521140054354285,0.04769195377967764,0.04973434253964418,0.004455716058987193,0.04527862648065698,False,1430,47
2435,2017-01-06,2,H,1447,0.2048276036723751,0.059584704811135855,0.04562915415250852,0.004455716058987193,0.04117343809352132,False,1430,47
2440,2017-01-13,3,F,1448,0.15239402973955612,0.05129322680093335,0.07814544811068723,0.0035217414472197947,0.07462370666346743,False,1430,47
2440,2017-01-13,3,H,1448,0.18300446776419246,0.0533188468825756,0.09035328127599011,0.0035217414472197947,0.08683153982877032,False,1430,47
2445,2017-01-20,0,F,1458,0.28210200484025094,0.09088066428067296,0.1166344510546575,0.004913740236775776,0.11172071081788172,False,1430,47
2445,2017-01-20,0,H,1458,0.2648474033556838,0.08760079277264343,0.1279134602751583,0.004913740236775776,0.12299972003838251,False,1430,47
2450,2017-02-03,1,F,1497,0.3383710975923989,0.12398651390041118,0.15486742430366576,0.0003093954342716263,0.15455802886939413,False,1430,47
2450,2017-02-03,1,H,1497,0.32860438611385256,0.11558584409184604,0.15410287861401836,0.0003093954342716263,0.15379348317974673,False,1430,47
2455,2017-02-10,2,F,1491,0.3795703888480133,0.13704435411339078,0.12262113289907575,-0.001600661577273128,0.12422179447634887,False,1430,47
2455,2017-02-10,2,H,1491,0.3261046314593392,0.11032683925719575,0.10898768544817965,-0.001600661577273128,0.11058834702545277,False,1430,47
2460,2017-02-17,3,F,1487,0.26093363426896254,0.11372999144215419,0.12227348168380558,0.0016190537239583263,0.12065442795984725,False,1430,47
2460,2017-02-17,3,H,1487,0.20259984643535484,0.08463945716672194,0.08225400797091424,0.0016190537239583263,0.08063495424695591,False,1430,47
2465,2017-02-24,0,F,1503,0.11010651455229972,0.030464191486050063,0.04614049270749092,0.0025915259092164594,0.04354896679827446,True,1430,47
2465,2017-02-24,0,H,1503,0.06374332743697521,0.03328620994269538,0.04777060603567709,0.0025915259092164594,0.04517908012646064,False,1430,47
2470,2017-03-03,1,F,1551,0.07671348735606602,0.017911597502966142,0.021614638974036402,0.004463361834911193,0.01715127713912521,False,1430,47
2470,2017-03-03,1,H,1551,0.061704160311947816,0.017155580443983538,0.03747731758048758,0.004463361834911193,0.03301395574557638,False,1430,47
2475,2017-03-10,2,F,1536,0.07642129322530672,0.03588132983894587,0.021414018562063576,0.008248986970533187,0.01316503159153039,False,1430,47
2475,2017-03-10,2,H,1536,0.131906105028197,0.06700504657160339,0.02742569570740064,0.008248986970533187,0.019176708736867457,False,1430,47
2480,2017-03-17,3,F,1541,0.09865370377797247,0.04401249991308039,0.01722882225488623,0.0010412039608635839,0.016187618294022647,False,1430,47
2480,2017-03-17,3,H,1541,0.14670914750225522,0.07180622554279852,0.03749303835987424,0.0010412039608635839,0.03645183439901066,False,1430,47
2485,2017-03-24,0,F,1554,0.041224740101926255,0.04268040405511255,-0.012852402958863725,-0.0002858877961681411,-0.012566515162695585,False,1430,47
2485,2017-03-24,0,H,1554,0.08375676306708763,0.05126060393954357,0.0070648035034537315,-0.0002858877961681411,0.007350691299621873,True,1430,47
2490,2017-03-31,1,F,1592,-0.025219391870344703,0.01949774536890645,-0.030114606216860313,-0.004269191239425014,-0.0258454149774353,False,1430,47
2490,2017-03-31,1,H,1592,0.01349434261234096,0.028085188695805077,-0.0138001636058713,-0.004269191239425014,-0.009530972366446285,False,1430,47
2495,2017-04-11,2,F,1579,0.15969325400404544,0.0661152481319454,0.01914549667853862,-0.006571227050816162,0.025716723729354782,False,1430,47
2495,2017-04-11,2,H,1579,0.17621075126216654,0.06772938810042728,0.031214055473295352,-0.006571227050816162,0.037785282524111515,False,1430,47
2500,2017-04-18,3,F,1576,0.04073803553590723,-0.004425270731392566,0.01432498640109164,-0.00808502858753716,0.022410014988628803,False,1430,47
2500,2017-04-18,3,H,1576,0.03141276835903593,-0.000614119823491883,-0.003359925659606233,-0.00808502858753716,0.0047251029279309275,False,1430,47
2505,2017-04-25,0,F,1589,-0.05466701126444103,-0.023896573465818517,0.0005291801140022774,-0.0008771055887712317,0.0014062857027735093,False,1430,47
2505,2017-04-25,0,H,1589,-0.06696919667373619,-0.02653788316249258,-0.009315597634607304,-0.0008771055887712317,-0.008438492045836073,False,1430,47
2510,2017-05-03,1,F,1628,0.07030366139257194,0.05553066015371444,0.04331435952335596,-0.0012744605551680615,0.04458882007852402,False,1430,47
2510,2017-05-03,1,H,1628,0.07285438448443946,0.06250204220967494,0.012774329942961534,-0.0012744605551680615,0.014048790498129595,False,1430,47
2515,2017-05-10,2,F,1613,0.1345829516171266,0.09493318561902732,0.05001987302093767,-0.002195397383868013,0.05221527040480568,False,1430,47
2515,2017-05-10,2,H,1613,0.13990546898327078,0.10404950095903162,0.004218071413924917,-0.002195397383868013,0.00641346879779293,False,1430,47
2520,2017-05-17,3,F,1608,0.22692000627270625,0.10968521576737658,0.07116722256566087,0.002641776036640731,0.06852544652902014,False,1430,47
2520,2017-05-17,3,H,1608,0.218634236257347,0.1102197106454696,0.06542373574338853,0.002641776036640731,0.0627819597067478,False,1430,47
2525,2017-05-24,0,F,1614,0.16969526324144882,0.07142644656875594,0.024054765856514376,0.0029583136981513746,0.021096452158363,False,1430,47
2525,2017-05-24,0,H,1614,0.1608825655367511,0.06612073028024854,0.03735407399944961,0.0029583136981513746,0.034395760301298234,False,1430,47
2530,2017-06-02,1,F,1660,0.1845506924681196,0.06724035223875495,0.07637230814337576,0.005910958056718147,0.0704613500866576,False,1430,47
2530,2017-06-02,1,H,1660,0.18082333459984562,0.07012349316148657,0.04557622460803638,0.005910958056718147,0.03966526655131823,False,1430,47
2535,2017-06-09,2,F,1656,0.12219654238904575,0.046845967601146905,0.04356166928385695,0.008227767398318025,0.03533390188553892,False,1430,47
2535,2017-06-09,2,H,1656,0.13056370585280613,0.06001810364563646,0.05023693445449074,0.008227767398318025,0.04200916705617272,False,1430,47
2540,2017-06-16,3,F,1641,0.157732517687512,0.06554473037160678,0.04994272184558213,0.004699054028169307,0.04524366781741282,False,1430,47
2540,2017-06-16,3,H,1641,0.15711789399055548,0.07587078357613702,0.05228822946858903,0.004699054028169307,0.04758917544041972,False,1430,47
2545,2017-06-23,0,F,1641,0.1733027122182366,0.09194120172300821,0.027000741839098435,0.003616289670472541,0.023384452168625895,False,1430,47
2545,2017-06-23,0,H,1641,0.20582316686206764,0.10744525114986152,0.03317039445197831,0.003616289670472541,0.029554104781505768,False,1430,47
2550,2017-06-30,1,F,1682,0.18148886164473899,0.06679411056323997,0.021285079823186,0.0032675739755678055,0.018017505847618194,False,1430,47
2550,2017-06-30,1,H,1682,0.1870551483948037,0.07782484182548831,0.0451132335079213,0.0032675739755678055,0.041845659532353495,False,1430,47
2555,2017-07-07,2,F,1680,0.1744200184716214,0.05549512908362972,0.08531185042423507,0.0032621493507251995,0.08204970107350987,False,1430,47
2555,2017-07-07,2,H,1680,0.1720340188815057,0.06523095783493427,0.09313707458786666,0.0032621493507251995,0.08987492523714145,False,1430,47
2560,2017-07-14,3,F,1688,0.1975261286349618,0.07921776060716401,0.07733558272011579,0.00353862640143652,0.07379695631867926,False,1430,47
2560,2017-07-14,3,H,1688,0.1826626273751478,0.06675187359776048,0.07812373872535924,0.00353862640143652,0.07458511232392272,False,1430,47
2565,2017-07-21,0,F,1683,0.30025532222835544,0.10725230542933181,0.06448098354352018,0.00462529272805012,0.059855690815470056,False,1430,47
2565,2017-07-21,0,H,1683,0.26553122076243135,0.098789648948739,0.03589538736268878,0.00462529272805012,0.03127009463463866,False,1430,47
2570,2017-07-28,1,F,1730,0.3519406168504897,0.11474090038939726,0.07530062633256117,-0.002017895753558566,0.07731852208611974,False,1430,47
2570,2017-07-28,1,H,1730,0.330475934803576,0.10763989123500645,0.05886231850211819,-0.002017895753558566,0.06088021425567676,False,1430,47
2575,2017-08-04,2,F,1733,0.180541111362028,0.06900930764729345,0.05374978560333451,-0.0019944727153954553,0.055744258318729964,False,1430,47
2575,2017-08-04,2,H,1733,0.1481188942366368,0.03959092868490385,0.01995920113598307,-0.0019944727153954553,0.021953673851378527,False,1430,47
2580,2017-08-11,3,F,1724,0.0628515982255138,0.027705210275429593,0.048486736797106765,-0.0009291137198111089,0.049415850516917874,False,1430,47
2580,2017-08-11,3,H,1724,0.03932483061134482,0.01870427246704335,0.04970649244108548,-0.0009291137198111089,0.05063560616089659,False,1430,47
2585,2017-08-18,0,F,1732,0.07776927198981876,0.04776429610110374,0.02849054420366883,-0.002388226849323612,0.030878771052992443,False,1430,47
2585,2017-08-18,0,H,1732,0.06994885677469752,0.04553119069631675,0.02897205123056968,-0.002388226849323612,0.03136027807989329,False,1430,47
2590,2017-08-25,1,F,1774,0.08121576681756375,0.03959561704978936,-0.005970900474737088,-0.0021674267047423743,-0.0038034737699947133,False,1430,47
2590,2017-08-25,1,H,1774,0.0680859756846744,0.02785393407951125,0.00638129097254326,-0.0021674267047423743,0.008548717677285635,False,1430,47
2595,2017-09-01,2,F,1769,0.16043074628790066,0.08600586875615011,0.03955962291608254,0.004025724113781071,0.03553389880230147,False,1430,47
2595,2017-09-01,2,H,1769,0.15006446503859297,0.06607875999096988,0.029729158780537546,0.004025724113781071,0.025703434666756474,False,1430,47
2600,2017-09-08,3,F,1758,0.20934339543262184,0.11025065762834857,0.04707989366725087,0.004096511930743145,0.042983381736507724,False,1430,47
2600,2017-09-08,3,H,1758,0.20313433200098022,0.10395597843964684,0.06617242926731706,0.004096511930743145,0.062075917336573916,False,1430,47
2605,2017-09-15,0,F,1764,0.2684344522381348,0.10600508314415824,0.05075948177836835,0.0029735003904518627,0.04778598138791649,False,1430,47
2605,2017-09-15,0,H,1764,0.27211936124276737,0.10271731046007268,0.029010357381775976,0.0029735003904518627,0.026036856991324114,False,1430,47
2610,2017-09-22,1,F,1797,0.29337481114416974,0.10707675982759315,0.08780978797003627,0.005374906614903562,0.08243488135513272,False,1430,47
2610,2017-09-22,1,H,1797,0.28409496163500536,0.09342649869174935,0.061018351434419554,0.005374906614903562,0.05564344481951599,False,1430,47
2615,2017-09-29,2,F,1808,0.19348614257553043,0.06347982372099067,0.06873363995885787,0.004944891999195384,0.06378874795966248,False,1430,47
2615,2017-09-29,2,H,1808,0.1528244500505181,0.04303237802620667,0.05684407310521541,0.004944891999195384,0.05189918110602002,False,1430,47
2620,2017-10-13,3,F,1800,0.07856261070788531,0.010635256781016424,0.03145572887733579,0.003265768143458748,0.028189960733877042,True,1430,47
2620,2017-10-13,3,H,1800,0.04600562942560579,0.0013290644372722857,0.029739425004421113,0.003265768143458748,0.026473656860962366,False,1430,47
2625,2017-10-20,0,F,1813,0.024241372460678,0.0017847085682258703,0.010498554959970837,0.0058992634390515565,0.004599291520919281,False,1430,47
2625,2017-10-20,0,H,1813,0.01551416762551853,-0.0060780244690018526,-0.0010339438313773522,0.0058992634390515565,-0.006933207270428909,False,1430,47
2630,2017-10-27,1,F,1832,0.1301708229887192,0.06607645191860549,0.045403156411339296,0.008062931878942924,0.03734022453239637,False,1430,47
2630,2017-10-27,1,H,1832,0.10072325960581804,0.05400822462951873,0.03644055901095271,0.008062931878942924,0.028377627132009784,False,1430,47
2635,2017-11-03,2,F,1832,0.09075733131998673,0.030480271451813905,0.03531269623005452,0.00628652870963732,0.0290261675204172,False,1430,47
2635,2017-11-03,2,H,1832,0.10333811414155593,0.03712382151260514,0.04335087141371332,0.00628652870963732,0.037064342704076,False,1430,47
2640,2017-11-10,3,F,1814,0.01577843249974867,0.012817265809232559,0.03469498620058099,0.012150566266239114,0.022544419934341878,False,1430,47
2640,2017-11-10,3,H,1814,0.01002629670565924,0.013286669054168317,0.03352902928988139,0.012150566266239114,0.021378463023642276,False,1430,47
2645,2017-11-17,0,F,1820,0.11560039704167269,0.048278228986808766,0.011116210848558693,0.006845961098640276,0.0042702497499184176,False,1430,47
2645,2017-11-17,0,H,1820,0.09248387549425559,0.03911976859112306,-0.015743973715386043,0.006845961098640276,-0.022589934814026318,False,1430,47
2650,2017-11-24,1,F,1853,0.1466519328546193,0.054665843981343346,0.01722137446825703,0.006050486683983453,0.011170887784273578,False,1430,47
2650,2017-11-24,1,H,1853,0.1496270116710283,0.051292739878408614,0.02961916889374455,0.006050486683983453,0.023568682209761094,True,1430,47
2655,2017-12-01,2,F,1857,0.21297266572278237,0.07687655863288406,0.08942084600372861,0.0018260979575140932,0.08759474804621452,False,1430,47
2655,2017-12-01,2,H,1857,0.21890809692201812,0.08367410699185612,0.08155375010489176,0.0018260979575140932,0.07972765214737766,False,1430,47
2660,2017-12-08,3,F,1846,0.2000188527660728,0.06221111425720269,0.06491308495945608,0.0030417877538424193,0.061871297205613664,False,1430,47
2660,2017-12-08,3,H,1846,0.21215794720751463,0.07025416529287885,0.09555352152868485,0.0030417877538424193,0.09251173377484243,False,1430,47
2665,2017-12-15,0,F,1851,0.2358230358149774,0.09470165801042615,0.06359073529019951,-0.00016710989523477696,0.06375784518543429,True,1430,47
2665,2017-12-15,0,H,1851,0.27478286636101046,0.10675721524984928,0.10249389405362308,-0.00016710989523477696,0.10266100394885785,False,1430,47
2670,2017-12-22,1,F,1877,0.0908489457581797,0.02690280055630962,0.015703148006772003,-0.0037601079450771745,0.019463255951849178,False,1430,47
2670,2017-12-22,1,H,1877,0.13970289517521994,0.0503511747250702,0.07774993435790141,-0.0037601079450771745,0.08151004230297858,False,1430,47
2675,2017-12-29,2,F,1894,-0.11202068344211523,-0.062488599180209416,-0.0370036975092565,0.0008167076231318023,-0.0378204051323883,False,1430,47
2675,2017-12-29,2,H,1894,-0.025236262002106262,-0.014898625846379979,-0.01814552821839849,0.0008167076231318023,-0.018962235841530294,False,1430,47
2435,2017-01-06,2,F,1447,0.19481045954879267,0.049409052139354676,0.03756203606414298,0.0046477769799861774,0.03291425908415681,False,1445,11
2435,2017-01-06,2,H,1447,0.16864931324724922,0.05125578629541552,0.031206222566349123,0.0046477769799861774,0.026558445586362944,False,1445,11
2440,2017-01-13,3,F,1448,0.16245646153806384,0.0533427355296428,0.07765157404452717,0.003742939536383618,0.07390863450814356,False,1445,11
2440,2017-01-13,3,H,1448,0.1165259844696505,0.03623693003121136,0.05526138429025498,0.003742939536383618,0.051518444753871365,False,1445,11
2445,2017-01-20,0,F,1458,0.2790971249211629,0.09733551465464627,0.1321872239621977,0.0049287990127427125,0.127258424949455,False,1445,11
2445,2017-01-20,0,H,1458,0.2346073854839309,0.0883535191075523,0.1282083232110987,0.0049287990127427125,0.123279524198356,False,1445,11
2450,2017-02-03,1,F,1497,0.3249944946760788,0.11132905066197726,0.15171086446692547,0.00023268327504000896,0.15147818119188547,False,1445,11
2450,2017-02-03,1,H,1497,0.26695285289383874,0.09877663496010561,0.13026072276600947,0.00023268327504000896,0.13002803949096947,False,1445,11
2455,2017-02-10,2,F,1491,0.32428931325868376,0.11116643670490073,0.08763793343678117,-0.0015888958395914728,0.08922682927637264,False,1445,11
2455,2017-02-10,2,H,1491,0.2663700214131832,0.10219691367734449,0.10007525375112891,-0.0015888958395914728,0.10166414959072038,False,1445,11
2460,2017-02-17,3,F,1487,0.21693204300218824,0.097490154727672,0.14128656530131897,0.0014882295416011235,0.13979833575971784,False,1445,11
2460,2017-02-17,3,H,1487,0.15662380305722579,0.08056724905386423,0.13298157858662307,0.0014882295416011235,0.13149334904502194,False,1445,11
2465,2017-02-24,0,F,1503,0.10040932173672883,0.04083085363536763,0.08756649869804581,0.002447238450570979,0.08511926024747483,False,1445,11
2465,2017-02-24,0,H,1503,0.03961391888857353,0.03420991823698084,0.05644748307143648,0.002447238450570979,0.0540002446208655,False,1445,11
2470,2017-03-03,1,F,1551,0.07352501802692492,0.02520498463704679,0.044566451711580156,0.004688326271252927,0.039878125440327226,False,1445,11
2470,2017-03-03,1,H,1551,0.025653156818487358,0.0066456733547966,0.023207132099196316,0.004688326271252927,0.01851880582794339,False,1445,11
2475,2017-03-10,2,F,1536,0.15210800194019825,0.06853660196510544,0.007023300308113297,0.008067885946793751,-0.0010445856386804547,False,1445,11
2475,2017-03-10,2,H,1536,0.15573327386994842,0.06282885710668755,0.0160257217551892,0.008067885946793751,0.007957835808395448,False,1445,11
2480,2017-03-17,3,F,1541,0.1287014538094614,0.06665080918041481,-0.0016247832720788816,0.0008261486005553166,-0.0024509318726341984,False,1445,11
2480,2017-03-17,3,H,1541,0.1266187906029638,0.04967599761197585,-0.03557203326684733,0.0008261486005553166,-0.03639818186740265,False,1445,11
2485,2017-03-24,0,F,1554,0.06793586194393263,0.0598844378720969,-0.029438125792269905,-0.0006005721411588843,-0.02883755365111102,False,1445,11
2485,2017-03-24,0,H,1554,0.051890017120677416,0.033141988328087235,-0.009855065013592441,-0.0006005721411588843,-0.009254492872433557,False,1445,11
2490,2017-03-31,1,F,1592,-0.0009436716989062873,0.042537599489013755,-0.02120457396764929,-0.004346428872502739,-0.016858145095146552,False,1445,11
2490,2017-03-31,1,H,1592,-0.03235979416745288,0.02322254161703336,-0.0018481037851112584,-0.004346428872502739,0.0024983250873914804,False,1445,11
2495,2017-04-11,2,F,1579,0.17325233244499333,0.06438740618173983,-0.002468306402442977,-0.00655598109239372,0.004087674689950744,False,1445,11
2495,2017-04-11,2,H,1579,0.15544182298574358,0.05995468961395276,-0.008209452857651437,-0.00655598109239372,-0.0016534717652577167,False,1445,11
2500,2017-04-18,3,F,1576,0.03736119394566166,-0.009749286790833672,0.02875803705925743,-0.008185683253203147,0.03694372031246058,False,1445,11
2500,2017-04-18,3,H,1576,-0.010457876695898514,-0.016831604037196583,0.030918154725804926,-0.008185683253203147,0.03910383797900807,False,1445,11
2505,2017-04-25,0,F,1589,-0.07634923203817749,-0.026785909418161086,-0.0012736819839725892,-0.0007586585959262861,-0.0005150233880463031,False,1445,11
2505,2017-04-25,0,H,1589,-0.1272396644520547,-0.04326515091974837,-0.013174801304315528,-0.0007586585959262861,-0.012416142708389241,False,1445,11
2510,2017-05-03,1,F,1628,0.07662264983980374,0.0626096077075438,0.07292992095462977,-0.0009839416969421322,0.0739138626515719,False,1445,11
2510,2017-05-03,1,H,1628,0.03970400343075538,0.04530568444331746,0.08546828958205879,-0.0009839416969421322,0.08645223127900092,False,1445,11
2515,2017-05-10,2,F,1613,0.14772957202779444,0.10680482373211347,0.0770630062247316,-0.0021904830825405387,0.07925348930727213,False,1445,11
2515,2017-05-10,2,H,1613,0.11831474269393422,0.10530789849790889,0.05328017498056094,-0.0021904830825405387,0.055470658063101475,False,1445,11
2520,2017-05-17,3,F,1608,0.21485788156726754,0.1227403030192363,0.08296161144971848,0.0028389303331245335,0.08012268111659394,False,1445,11
2520,2017-05-17,3,H,1608,0.19849110151436028,0.11774015237751882,0.04895892426526795,0.0028389303331245335,0.046119993932143416,False,1445,11
2525,2017-05-24,0,F,1614,0.15408470733852025,0.05563562847921999,0.0007307387423982921,0.002905585655207913,-0.002174846912809621,False,1445,11
2525,2017-05-24,0,H,1614,0.1348086570507789,0.06344490219271393,0.003312980104359061,0.002905585655207913,0.00040739444915114786,True,1445,11
2530,2017-06-02,1,F,1660,0.15187485901923836,0.059301368346583685,0.020408120266317078,0.005839361500627738,0.01456875876568934,False,1445,11
2530,2017-06-02,1,H,1660,0.14392850023726284,0.052748481412726755,0.02792896997416392,0.005839361500627738,0.022089608473536183,False,1445,11
2535,2017-06-09,2,F,1656,0.11191770273629346,0.04324490707896819,0.012383881382023294,0.007949835473637808,0.004434045908385486,False,1445,11
2535,2017-06-09,2,H,1656,0.09084303038801986,0.04148723096833705,0.02371042032415668,0.007949835473637808,0.01576058485051887,False,1445,11
2540,2017-06-16,3,F,1641,0.1405912385817795,0.0737223953533763,0.06129512429858248,0.004396975662278545,0.056898148636303936,False,1445,11
2540,2017-06-16,3,H,1641,0.13188040809301604,0.07619969305818725,0.056304544272522135,0.004396975662278545,0.05190756861024359,False,1445,11
2545,2017-06-23,0,F,1641,0.20500527167124497,0.10494551461377385,0.05490587804621706,0.00370682665957006,0.051199051386647,False,1445,11
2545,2017-06-23,0,H,1641,0.19452466079281613,0.10297181927591914,0.06770667248250296,0.00370682665957006,0.0639998458229329,False,1445,11
2550,2017-06-30,1,F,1682,0.1935076792911917,0.07008564843722741,0.027927836550710104,0.003212392970254962,0.024715443580455142,False,1445,11
2550,2017-06-30,1,H,1682,0.17549877831474286,0.07022478120433377,0.04545217090441535,0.003212392970254962,0.04223977793416039,False,1445,11
2555,2017-07-07,2,F,1680,0.18529294708913538,0.07610532531232042,0.08600801260521014,0.003586897437159158,0.08242111516805098,False,1445,11
2555,2017-07-07,2,H,1680,0.15175139254635103,0.05860069713422231,0.09144009407609702,0.003586897437159158,0.08785319663893786,False,1445,11
2560,2017-07-14,3,F,1688,0.1942584384543903,0.07832230121199418,0.07458669353897372,0.0037345549299837404,0.07085213860898998,False,1445,11
2560,2017-07-14,3,H,1688,0.14382231671455756,0.05925212046956101,0.06124903140977646,0.0037345549299837404,0.057514476479792714,False,1445,11
2565,2017-07-21,0,F,1683,0.2541981510863694,0.09292544540983813,0.03583708447404206,0.004623631487527149,0.03121345298651491,True,1445,11
2565,2017-07-21,0,H,1683,0.23099832324430877,0.0874759490380668,0.03885107172342638,0.004623631487527149,0.034227440235899236,False,1445,11
2570,2017-07-28,1,F,1730,0.31708509417513797,0.10806923801977068,0.04053333184371392,-0.0020744492284614146,0.04260778107217533,False,1445,11
2570,2017-07-28,1,H,1730,0.28629251118686516,0.09468383852942884,0.020078592530141274,-0.0020744492284614146,0.02215304175860269,True,1445,11
2575,2017-08-04,2,F,1733,0.1369810977993278,0.0346983692278748,-0.0014670536174283674,-0.002528014636022379,0.0010609610185940118,False,1445,11
2575,2017-08-04,2,H,1733,0.12402109768939636,0.034689995191149,-0.008970221157263343,-0.002528014636022379,-0.006442206521240964,False,1445,11
2580,2017-08-11,3,F,1724,0.05862278432929458,0.0344548681779659,0.04218194974431147,-0.0006302072195851245,0.04281215696389659,False,1445,11
2580,2017-08-11,3,H,1724,0.04384820954492125,0.024230269867604324,0.033614142107156415,-0.0006302072195851245,0.03424434932674154,False,1445,11
2585,2017-08-18,0,F,1732,0.09010436701799146,0.03543963367365048,0.028827546319613855,-0.0024005901024045516,0.031228136422018406,True,1445,11
2585,2017-08-18,0,H,1732,0.04895379127599475,0.025355584679388123,0.03326204825813572,-0.0024005901024045516,0.03566263836054027,False,1445,11
2590,2017-08-25,1,F,1774,0.09315781844670443,0.0424590918514906,0.005542322061955929,-0.0021704356519090034,0.007712757713864932,False,1445,11
2590,2017-08-25,1,H,1774,0.06073637877182534,0.03156409420362711,0.0022398177223900955,-0.0021704356519090034,0.004410253374299099,True,1445,11
2595,2017-09-01,2,F,1769,0.16651511959750612,0.08955769020650968,0.05585978638070325,0.004210310148415223,0.05164947623228802,False,1445,11
2595,2017-09-01,2,H,1769,0.1555534531336633,0.0783957568291953,0.04991882205940783,0.004210310148415223,0.04570851191099261,False,1445,11
2600,2017-09-08,3,F,1758,0.2288858237222402,0.10993201327443655,0.07005609422922135,0.0039689394730870915,0.06608715475613426,False,1445,11
2600,2017-09-08,3,H,1758,0.20095995542895434,0.09530424479860812,0.057355985355873905,0.0039689394730870915,0.05338704588278681,False,1445,11
2605,2017-09-15,0,F,1764,0.28958300205895393,0.10612718321102543,0.044538225745782256,0.0031652242330504755,0.04137300151273178,False,1445,11
2605,2017-09-15,0,H,1764,0.26242459255068595,0.09471896099884444,0.032336583842212954,0.0031652242330504755,0.02917135960916248,False,1445,11
2610,2017-09-22,1,F,1797,0.3112570046119404,0.10599981173543344,0.09001241509492199,0.005428654585440357,0.08458376050948163,False,1445,11
2610,2017-09-22,1,H,1797,0.2850307027944672,0.09314189342460102,0.07921710930143794,0.005428654585440357,0.07378845471599758,False,1445,11
2615,2017-09-29,2,F,1808,0.19356725383437498,0.05752960677976565,0.054719397794300066,0.004798429348618134,0.04992096844568193,False,1445,11
2615,2017-09-29,2,H,1808,0.14850827647931136,0.05519625604016862,0.028465174662414938,0.004798429348618134,0.023666745313796804,False,1445,11
2620,2017-10-13,3,F,1800,0.08140052923884647,0.02400668341498305,0.028978929614337783,0.0031741863219836987,0.025804743292354083,False,1445,11
2620,2017-10-13,3,H,1800,0.044975672317594334,0.014110106905637724,0.030435261720170578,0.0031741863219836987,0.02726107539818688,False,1445,11
2625,2017-10-20,0,F,1813,0.04017942736351747,0.002584026613496553,0.03144992510788143,0.006029670488246513,0.025420254619634916,False,1445,11
2625,2017-10-20,0,H,1813,0.004627162419649947,-0.007235314659401261,0.011773477882767718,0.006029670488246513,0.005743807394521205,False,1445,11
2630,2017-10-27,1,F,1832,0.11544669390114369,0.052332704986669525,0.04185295125159125,0.007996179582617844,0.033856771668973405,False,1445,11
2630,2017-10-27,1,H,1832,0.0815230875815023,0.050092997381850426,0.027350068294132748,0.007996179582617844,0.019353888711514902,False,1445,11
2635,2017-11-03,2,F,1832,0.1295643435177946,0.051390937115132554,0.06328681969704728,0.006485992678347521,0.056800827018699755,False,1445,11
2635,2017-11-03,2,H,1832,0.09318133071834349,0.036460399754438294,0.04730166859614352,0.006485992678347521,0.040815675917796,False,1445,11
2640,2017-11-10,3,F,1814,0.060357148674564445,0.03397723242490313,-0.0068123020852605505,0.012111526665042189,-0.01892382875030274,False,1445,11
2640,2017-11-10,3,H,1814,0.020450231641686273,0.011161666200833927,-0.03427301713575919,0.012111526665042189,-0.046384543800801384,False,1445,11
2645,2017-11-17,0,F,1820,0.11047453542261686,0.04653206943204258,-0.019049108835558097,0.006595554628531498,-0.025644663464089595,False,1445,11
2645,2017-11-17,0,H,1820,0.07704314129300974,0.03352736677861885,-0.059011281654238704,0.006595554628531498,-0.0656068362827702,False,1445,11
2650,2017-11-24,1,F,1853,0.14292098512250426,0.04564205545647309,0.06530570681206882,0.005986283130666904,0.05931942368140192,False,1445,11
2650,2017-11-24,1,H,1853,0.1212479288863677,0.04760165425085122,0.031852126602704325,0.005986283130666904,0.025865843472037423,False,1445,11
2655,2017-12-01,2,F,1857,0.2108036171034665,0.07812577380918319,0.05878792505633707,0.0018774667428836202,0.056910458313453455,False,1445,11
2655,2017-12-01,2,H,1857,0.1964582421745022,0.08153932923797166,0.06210660089661057,0.0018774667428836202,0.06022913415372695,False,1445,11
2660,2017-12-08,3,F,1846,0.2096715052396664,0.07330724149474206,0.10640435774694197,0.0032099373469422514,0.10319442039999972,False,1445,11
2660,2017-12-08,3,H,1846,0.20452017910051465,0.08151039312044461,0.10547981442262729,0.0032099373469422514,0.10226987707568504,False,1445,11
2665,2017-12-15,0,F,1851,0.2895360766074979,0.10224255055686257,0.07747152528415123,-0.0003386122446041507,0.07781013752875537,False,1445,11
2665,2017-12-15,0,H,1851,0.2842236623172735,0.1011149162986643,0.08778379090751211,-0.0003386122446041507,0.08812240315211625,False,1445,11
2670,2017-12-22,1,F,1877,0.15563679537755468,0.05503397941792304,0.06472821164255341,-0.0037176950414019457,0.06844590668395535,False,1445,11
2670,2017-12-22,1,H,1877,0.1383228657680931,0.0524397141091279,0.08570106321324905,-0.0037176950414019457,0.089418758254651,False,1445,11
2675,2017-12-29,2,F,1894,0.015303906954871568,0.01885059142359606,-0.021555390146871408,0.0005969905947454799,-0.02215238074161689,False,1445,11
2675,2017-12-29,2,H,1894,-0.013944132941327955,0.0008754822993453926,0.018583522799114387,0.0005969905947454799,0.017986532204368907,False,1445,11
2435,2017-01-06,2,F,1447,0.22737550944368504,0.04922521414053133,0.028562400350347163,0.0046477769799861774,0.023914623370360984,False,1445,29
2435,2017-01-06,2,H,1447,0.2037057015281168,0.047385759303779196,0.06725184928315381,0.0046477769799861774,0.06260407230316763,False,1445,29
2440,2017-01-13,3,F,1448,0.20284976062773724,0.05450574525295653,0.0751336904708296,0.003742939536383618,0.07139075093444598,False,1445,29
2440,2017-01-13,3,H,1448,0.16173657440919417,0.05304174049726701,0.09134788095640639,0.003742939536383618,0.08760494142002277,False,1445,29
2445,2017-01-20,0,F,1458,0.30276858674238816,0.09442045011653982,0.11546101269001761,0.0049287990127427125,0.11053221367727491,False,1445,29
2445,2017-01-20,0,H,1458,0.28577567391542,0.0960658250063465,0.12414035980279246,0.0049287990127427125,0.11921156079004976,False,1445,29
2450,2017-02-03,1,F,1497,0.38179585218715706,0.12533595440335005,0.15293275313451887,0.00023268327504000896,0.15270006985947887,False,1445,29
2450,2017-02-03,1,H,1497,0.33399819422799965,0.11185024928960999,0.14707597456872462,0.00023268327504000896,0.14684329129368462,False,1445,29
2455,2017-02-10,2,F,1491,0.43878861632649235,0.14613504158629842,0.11677294466838552,-0.0015888958395914728,0.11836184050797699,False,1445,29
2455,2017-02-10,2,H,1491,0.30409417658948634,0.11335135520953096,0.1000436483261486,-0.0015888958395914728,0.10163254416574007,False,1445,29
2460,2017-02-17,3,F,1487,0.21983318662317516,0.09858416155554084,0.12032343167811632,0.0014882295416011235,0.1188352021365152,False,1445,29
2460,2017-02-17,3,H,1487,0.19578510508781136,0.08884258708948856,0.09430472943931818,0.0014882295416011235,0.09281649989771706,False,1445,29
2465,2017-02-24,0,F,1503,0.08466658419003566,0.035849751519611645,0.07292952927527949,0.002447238450570979,0.07048229082470851,False,1445,29
2465,2017-02-24,0,H,1503,0.05974188546724439,0.037536251982285954,0.06564156061892087,0.002447238450570979,0.0631943221683499,False,1445,29
2470,2017-03-03,1,F,1551,0.06902689018981499,0.025201255184337273,0.023646091499055426,0.004688326271252927,0.0189577652278025,False,1445,29
2470,2017-03-03,1,H,1551,0.03572677935880109,0.016612587006050988,0.01870763786913206,0.004688326271252927,0.014019311597879135,False,1445,29
2475,2017-03-10,2,F,1536,0.12039938374069373,0.056299507879956245,0.014463768627805015,0.008067885946793751,0.006395882681011263,False,1445,29
2475,2017-03-10,2,H,1536,0.14794281104101012,0.06687327394869427,0.015635129755052428,0.008067885946793751,0.0075672438082586765,False,1445,29
2480,2017-03-17,3,F,1541,0.12832062883800474,0.07930529389723942,-0.044169048006491116,0.0008261486005553166,-0.044995196607046435,False,1445,29
2480,2017-03-17,3,H,1541,0.14144235310035475,0.0704991023580456,0.04467697655782103,0.0008261486005553166,0.04385082795726571,False,1445,29
2485,2017-03-24,0,F,1554,0.060846540742934614,0.05005337546068815,-0.027093795147569228,-0.0006005721411588843,-0.026493223006410344,False,1445,29
2485,2017-03-24,0,H,1554,0.07110112679169975,0.0431942053762595,-0.0027376132862021525,-0.0006005721411588843,-0.0021370411450432683,False,1445,29
2490,2017-03-31,1,F,1592,0.0385530540176454,0.04160272401848877,-0.014219341205898673,-0.004346428872502739,-0.009872912333395933,False,1445,29
2490,2017-03-31,1,H,1592,0.0034487249682262984,0.03033651567632391,-0.023167333872212717,-0.004346428872502739,-0.018820904999709977,False,1445,29
2495,2017-04-11,2,F,1579,0.21520677840683616,0.08341065941947956,0.029369148718736447,-0.00655598109239372,0.03592512981113016,False,1445,29
2495,2017-04-11,2,H,1579,0.17568243225057376,0.067374390226783,0.01169178145743596,-0.00655598109239372,0.018247762549829682,False,1445,29
2500,2017-04-18,3,F,1576,0.07145014698694016,0.010346673684965542,0.026348223350942133,-0.008185683253203147,0.03453390660414528,False,1445,29
2500,2017-04-18,3,H,1576,0.01752181812245739,-0.02060443638441313,0.02840115100455781,-0.008185683253203147,0.03658683425776096,False,1445,29
2505,2017-04-25,0,F,1589,-0.013911578847124238,-0.00036689786519431694,-0.0015760768360147874,-0.0007586585959262861,-0.0008174182400885013,False,1445,29
2505,2017-04-25,0,H,1589,-0.09030762230556548,-0.03692664622629516,-0.016967867609734337,-0.0007586585959262861,-0.01620920901380805,False,1445,29
2510,2017-05-03,1,F,1628,0.13060318246285707,0.09956526559835766,0.0993417060157905,-0.0009839416969421322,0.10032564771273263,False,1445,29
2510,2017-05-03,1,H,1628,0.05873813902012091,0.053577172907858364,0.05761425855259101,-0.0009839416969421322,0.05859820024953314,False,1445,29
2515,2017-05-10,2,F,1613,0.0941194943802371,0.09867214494705148,0.05034754400451978,-0.0021904830825405387,0.05253802708706032,False,1445,29
2515,2017-05-10,2,H,1613,0.13624690096518144,0.10501552601301498,0.016443986259400845,-0.0021904830825405387,0.018634469341941386,False,1445,29
2520,2017-05-17,3,F,1608,0.14227581607999024,0.09115072957647499,0.05023839477604876,0.0028389303331245335,0.04739946444292423,False,1445,29
2520,2017-05-17,3,H,1608,0.22435822502546923,0.11885583856637821,0.058701483385326964,0.0028389303331245335,0.05586255305220243,False,1445,29
2525,2017-05-24,0,F,1614,0.09372064738852327,0.05608919277711376,0.004003269380700658,0.002905585655207913,0.0010976837254927448,False,1445,29
2525,2017-05-24,0,H,1614,0.15839391510437578,0.06603040433164215,0.04119659442718936,0.002905585655207913,0.03829100877198145,False,1445,29
2530,2017-06-02,1,F,1660,0.14534231830827046,0.05670643462631179,0.01599470430907483,0.005839361500627738,0.010155342808447092,False,1445,29
2530,2017-06-02,1,H,1660,0.18171848119419443,0.07268910147814242,0.04112040959298611,0.005839361500627738,0.035281048092358366,False,1445,29
2535,2017-06-09,2,F,1656,0.10294411646395805,0.044525139968997485,0.0015840296478321155,0.007949835473637808,-0.006365805825805693,False,1445,29
2535,2017-06-09,2,H,1656,0.13032042169289618,0.061739089362196284,0.03254092554561794,0.007949835473637808,0.02459109007198013,False,1445,29
2540,2017-06-16,3,F,1641,0.16127877226461687,0.06875185420819722,0.03784282874936859,0.004396975662278545,0.03344585308709004,False,1445,29
2540,2017-06-16,3,H,1641,0.14410550956854631,0.0719576074313919,0.04839838651629786,0.004396975662278545,0.04400141085401932,False,1445,29
2545,2017-06-23,0,F,1641,0.1958379051655318,0.09030771241296173,0.059305694055122635,0.00370682665957006,0.05559886739555257,False,1445,29
2545,2017-06-23,0,H,1641,0.19374832145892532,0.10752003356812964,0.031689346154841286,0.00370682665957006,0.027982519495271224,False,1445,29
2550,2017-06-30,1,F,1682,0.18013209021905846,0.06595167548290365,0.03816354509908706,0.003212392970254962,0.0349511521288321,False,1445,29
2550,2017-06-30,1,H,1682,0.1828246999563979,0.07867293714835319,0.0356071627077957,0.003212392970254962,0.03239476973754074,False,1445,29
2555,2017-07-07,2,F,1680,0.1510161973150197,0.060904848835456334,0.06528186791886886,0.003586897437159158,0.0616949704817097,False,1445,29
2555,2017-07-07,2,H,1680,0.16206022404547135,0.06555170162201171,0.08537835584332545,0.003586897437159158,0.08179145840616629,False,1445,29
2560,2017-07-14,3,F,1688,0.20095781271922147,0.08892555013222764,0.09671563077718019,0.0037345549299837404,0.09298107584719645,False,1445,29
2560,2017-07-14,3,H,1688,0.17989159696085788,0.07726877597451676,0.08620726103351141,0.0037345549299837404,0.08247270610352767,False,1445,29
2565,2017-07-21,0,F,1683,0.3115165014743801,0.13336076063335764,0.04569130786694586,0.004623631487527149,0.041067676379418716,False,1445,29
2565,2017-07-21,0,H,1683,0.2586229426079389,0.09245614405422418,0.05885226178991919,0.004623631487527149,0.05422863030239204,False,1445,29
2570,2017-07-28,1,F,1730,0.3190831414721652,0.10378741203286454,0.03484218989809354,-0.0020744492284614146,0.036916639126554955,False,1445,29
2570,2017-07-28,1,H,1730,0.3101516352790871,0.10589961093248842,0.04497164820010464,-0.0020744492284614146,0.04704609742856605,False,1445,29
2575,2017-08-04,2,F,1733,0.12757609811983053,0.04327318467468718,-0.002424058529625957,-0.002528014636022379,0.00010395610639642216,False,1445,29
2575,2017-08-04,2,H,1733,0.13457926627131034,0.03442389849850365,0.007146346481749788,-0.002528014636022379,0.009674361117772166,False,1445,29
2580,2017-08-11,3,F,1724,0.04040056676486477,0.027698601446646473,-0.0016657854818428557,-0.0006302072195851245,-0.0010355782622577313,False,1445,29
2580,2017-08-11,3,H,1724,0.04311596554563296,0.020870073694738474,0.023397362162359058,-0.0006302072195851245,0.024027569381944183,False,1445,29
2585,2017-08-18,0,F,1732,0.08731904327851879,0.04436423690413257,0.03620869017516573,-0.0024005901024045516,0.03860928027757028,False,1445,29
2585,2017-08-18,0,H,1732,0.05517078394461301,0.042722289554937606,0.0204563293295602,-0.0024005901024045516,0.022856919431964752,False,1445,29
2590,2017-08-25,1,F,1774,0.09360894653695047,0.0386608273684084,-0.0010607746429741383,-0.0021704356519090034,0.001109661008934865,False,1445,29
2590,2017-08-25,1,H,1774,0.0686773875790122,0.03532879403212502,0.016071511277308066,-0.0021704356519090034,0.01824194692921707,False,1445,29
2595,2017-09-01,2,F,1769,0.18200667814359245,0.08811505574364922,0.04692835700698197,0.004210310148415223,0.04271804685856674,False,1445,29
2595,2017-09-01,2,H,1769,0.14107483610827734,0.06981852184187368,0.023875712665418783,0.004210310148415223,0.01966540251700356,False,1445,29
2600,2017-09-08,3,F,1758,0.23585577881593414,0.10880919610083636,0.06271995175629855,0.0039689394730870915,0.05875101228321146,False,1445,29
2600,2017-09-08,3,H,1758,0.1936419961010031,0.1045228811245345,0.04321737716284891,0.0039689394730870915,0.039248437689761814,False,1445,29
2605,2017-09-15,0,F,1764,0.3169621456503686,0.11510965865057765,0.01742473019597431,0.0031652242330504755,0.014259505962923833,False,1445,29
2605,2017-09-15,0,H,1764,0.2540994144834312,0.10054588796099945,0.037300328615431984,0.0031652242330504755,0.03413510438238151,False,1445,29
2610,2017-09-22,1,F,1797,0.32996176729125276,0.11135568540088844,0.09143202183768154,0.005428654585440357,0.08600336725224118,False,1445,29
2610,2017-09-22,1,H,1797,0.2815682371673419,0.08709845388001003,0.06214577571178476,0.005428654585440357,0.0567171211263444,False,1445,29
2615,2017-09-29,2,F,1808,0.23181387426153283,0.08074029930155828,0.031813499638034655,0.004798429348618134,0.02701507028941652,False,1445,29
2615,2017-09-29,2,H,1808,0.1421465024621332,0.04414307179362772,0.04597305766850089,0.004798429348618134,0.04117462831988276,False,1445,29
2620,2017-10-13,3,F,1800,0.12880990601128786,0.03888128199469065,0.04620466106183206,0.0031741863219836987,0.04303047473984836,False,1445,29
2620,2017-10-13,3,H,1800,0.040438103015875415,0.0011261801570071842,0.03055929106970628,0.0031741863219836987,0.027385104747722582,False,1445,29
2625,2017-10-20,0,F,1813,0.09388240033677235,0.02060889773159571,0.02558367382735014,0.006029670488246513,0.019554003339103627,False,1445,29
2625,2017-10-20,0,H,1813,0.012521853292828709,-0.011003945881786412,0.00675628116975228,0.006029670488246513,0.0007266106815057675,True,1445,29
2630,2017-10-27,1,F,1832,0.1233433922987252,0.06241109603807607,0.025209995933497945,0.007996179582617844,0.017213816350880103,False,1445,29
2630,2017-10-27,1,H,1832,0.09585255515451167,0.053103668016287416,0.045640424452722074,0.007996179582617844,0.03764424487010423,False,1445,29
2635,2017-11-03,2,F,1832,0.16964059673301893,0.04747930007563367,0.06007400215603411,0.006485992678347521,0.05358800947768659,False,1445,29
2635,2017-11-03,2,H,1832,0.10621806509890334,0.044247199896143494,0.03014155407436192,0.006485992678347521,0.0236555613960144,False,1445,29
2640,2017-11-10,3,F,1814,0.09760479187876488,0.048002208592785006,0.04905526383469502,0.012111526665042189,0.03694373716965284,False,1445,29
2640,2017-11-10,3,H,1814,0.015533975146798927,0.009230887275899874,0.007571550272405148,0.012111526665042189,-0.004539976392637041,False,1445,29
2645,2017-11-17,0,F,1820,0.05963021077758161,0.022353084556436024,-0.03547011343762278,0.006595554628531498,-0.04206566806615428,False,1445,29
2645,2017-11-17,0,H,1820,0.06987501296701366,0.023089585641583244,-0.056011986918747425,0.006595554628531498,-0.06260754154727892,False,1445,29
2650,2017-11-24,1,F,1853,0.07715926394250969,0.0341361589154002,0.02444609043498834,0.005986283130666904,0.018459807304321438,False,1445,29
2650,2017-11-24,1,H,1853,0.13158182152274758,0.04499393310641706,0.01820959570662429,0.005986283130666904,0.012223312575957386,False,1445,29
2655,2017-12-01,2,F,1857,0.13600741574405484,0.042128584325011514,0.04505259020564457,0.0018774667428836202,0.04317512346276095,False,1445,29
2655,2017-12-01,2,H,1857,0.197351562491099,0.07539118344398417,0.06538813655885557,0.0018774667428836202,0.06351066981597195,False,1445,29
2660,2017-12-08,3,F,1846,0.20886775323972542,0.07068799375701929,0.08786322101950646,0.0032099373469422514,0.08465328367256421,False,1445,29
2660,2017-12-08,3,H,1846,0.21922870545091544,0.07723311302391306,0.11540019490639679,0.0032099373469422514,0.11219025755945454,False,1445,29
2665,2017-12-15,0,F,1851,0.3025382307581761,0.11116381942615466,0.09011088308567802,-0.0003386122446041507,0.09044949533028217,False,1445,29
2665,2017-12-15,0,H,1851,0.26455732151529066,0.1045692046767579,0.06802909833689531,-0.0003386122446041507,0.06836771058149946,False,1445,29
2670,2017-12-22,1,F,1877,0.1493096710021841,0.04244825047475689,0.06745817667494218,-0.0037176950414019457,0.07117587171634412,False,1445,29
2670,2017-12-22,1,H,1877,0.14264529002171747,0.0621806701617552,0.03139223658169309,-0.0037176950414019457,0.03510993162309504,False,1445,29
2675,2017-12-29,2,F,1894,-0.04838906194939207,-0.03067757005750315,0.015334275178611278,0.0005969905947454799,0.014737284583865798,False,1445,29
2675,2017-12-29,2,H,1894,0.0037642405410034897,0.003798804394026144,-0.0076948978317280614,0.0005969905947454799,-0.008291888426473541,False,1445,29
2435,2017-01-06,2,F,1447,0.1645329523464721,0.045433132476874666,0.05247510198848128,0.0046477769799861774,0.047827325008495104,False,1445,47
2435,2017-01-06,2,H,1447,0.1941023354604649,0.05241329875181894,0.039646688218878505,0.0046477769799861774,0.03499891123889233,False,1445,47
2440,2017-01-13,3,F,1448,0.15184259571663264,0.04760073560707194,0.08190386163381239,0.003742939536383618,0.07816092209742877,False,1445,47
2440,2017-01-13,3,H,1448,0.16229663286434684,0.047125306666809294,0.089125886419788,0.003742939536383618,0.08538294688340438,False,1445,47
2445,2017-01-20,0,F,1458,0.27913051888573986,0.09098241154730705,0.11783418466026584,0.0049287990127427125,0.11290538564752313,False,1445,47
2445,2017-01-20,0,H,1458,0.2737892019457778,0.09340700515192644,0.1149680644273758,0.0049287990127427125,0.11003926541463309,True,1445,47
2450,2017-02-03,1,F,1497,0.33724746208895373,0.12080925237016296,0.1563114209100604,0.00023268327504000896,0.1560787376350204,False,1445,47
2450,2017-02-03,1,H,1497,0.3311953437157116,0.11208049816078657,0.15114666673665245,0.00023268327504000896,0.15091398346161244,False,1445,47
2455,2017-02-10,2,F,1491,0.3613482250177387,0.13236382213536801,0.13077431522930663,-0.0015888958395914728,0.13236321106889812,False,1445,47
2455,2017-02-10,2,H,1491,0.29319084161481473,0.11099619850525694,0.10698240476970872,-0.0015888958395914728,0.10857130060930019,False,1445,47
2460,2017-02-17,3,F,1487,0.24870914501169938,0.1175741595690016,0.11596655244939029,0.0014882295416011235,0.11447832290778917,False,1445,47
2460,2017-02-17,3,H,1487,0.18401260029504757,0.08096195406274952,0.07714571021497249,0.0014882295416011235,0.07565748067337137,False,1445,47
2465,2017-02-24,0,F,1503,0.10540963360414056,0.028600155000652498,0.037893700110726056,0.002447238450570979,0.035446461660155075,False,1445,47
2465,2017-02-24,0,H,1503,0.0580543696300065,0.01492164745655221,0.028493115530970194,0.002447238450570979,0.026045877080399217,False,1445,47
2470,2017-03-03,1,F,1551,0.06991191410885883,0.0157642218297922,0.019581285674939865,0.004688326271252927,0.014892959403686939,False,1445,47
2470,2017-03-03,1,H,1551,0.04401230140632528,0.007396098189365734,0.013528363367853066,0.004688326271252927,0.00884003709660014,False,1445,47
2475,2017-03-10,2,F,1536,0.09624584621677239,0.04655886635368707,0.024691979532750943,0.008067885946793751,0.016624093585957192,False,1445,47
2475,2017-03-10,2,H,1536,0.13048425218126602,0.06155764609730777,0.04885322380190094,0.008067885946793751,0.04078533785510719,False,1445,47
2480,2017-03-17,3,F,1541,0.1048418800171793,0.05118249196467721,0.04450956183718517,0.0008261486005553166,0.04368341323662985,False,1445,47
2480,2017-03-17,3,H,1541,0.13780062331182555,0.06977406638812776,0.049341180016441895,0.0008261486005553166,0.048515031415886575,False,1445,47
2485,2017-03-24,0,F,1554,0.04586679577849039,0.03991038134066208,-0.014753177529200912,-0.0006005721411588843,-0.014152605388042028,False,1445,47
2485,2017-03-24,0,H,1554,0.07432645914290195,0.039900579676783135,-0.011198827593276898,-0.0006005721411588843,-0.010598255452118014,False,1445,47
2490,2017-03-31,1,F,1592,-0.013667383341928714,0.01790008004227618,-0.026261372425748657,-0.004346428872502739,-0.021914943553245917,False,1445,47
2490,2017-03-31,1,H,1592,0.018892505261761425,0.032159332074693535,-0.028443356708157806,-0.004346428872502739,-0.024096927835655067,True,1445,47
2495,2017-04-11,2,F,1579,0.16978529640394768,0.0704763112175665,0.02027180607741078,-0.00655598109239372,0.0268277871698045,True,1445,47
2495,2017-04-11,2,H,1579,0.18285984986748055,0.07069762649877709,0.033587107293230174,-0.00655598109239372,0.040143088385623894,False,1445,47
2500,2017-04-18,3,F,1576,0.041644300954821155,-0.0046827004029368095,0.0076009680982679125,-0.008185683253203147,0.01578665135147106,False,1445,47
2500,2017-04-18,3,H,1576,0.028830424173699493,-0.012850359381280643,-0.010494364130621155,-0.008185683253203147,-0.0023086808774180085,False,1445,47
2505,2017-04-25,0,F,1589,-0.05094999726178166,-0.034977542807103454,0.0056594084637860455,-0.0007586585959262861,0.006418067059712332,False,1445,47
2505,2017-04-25,0,H,1589,-0.06090828870805116,-0.030227700316261895,-0.02523395746635894,-0.0007586585959262861,-0.024475298870432653,False,1445,47
2510,2017-05-03,1,F,1628,0.06656964262902726,0.0528608816288689,0.032078011768559615,-0.0009839416969421322,0.033061953465501746,False,1445,47
2510,2017-05-03,1,H,1628,0.06354698181162508,0.06688703731565454,0.05350126394381126,-0.0009839416969421322,0.05448520564075339,False,1445,47
2515,2017-05-10,2,F,1613,0.14660392895728516,0.09900560836750227,0.04334148904308677,-0.0021904830825405387,0.045531972125627304,False,1445,47
2515,2017-05-10,2,H,1613,0.14204878905435533,0.10255325833329734,-0.0037857281044125558,-0.0021904830825405387,-0.0015952450218720171,False,1445,47
2520,2017-05-17,3,F,1608,0.22770226183104134,0.1009990745180403,0.08171483967453241,0.0028389303331245335,0.07887590934140788,False,1445,47
2520,2017-05-17,3,H,1608,0.2213388169890039,0.09961039357440313,0.05658070933228979,0.0028389303331245335,0.05374177899916526,False,1445,47
2525,2017-05-24,0,F,1614,0.16116753707887657,0.0683224803792909,0.038942992407949836,0.002905585655207913,0.036037406752741925,False,1445,47
2525,2017-05-24,0,H,1614,0.1534799783524262,0.05082054171201528,0.023656886909278304,0.002905585655207913,0.02075130125407039,False,1445,47
2530,2017-06-02,1,F,1660,0.1801513489838085,0.06738651939334646,0.0763129222788848,0.005839361500627738,0.07047356077825706,False,1445,47
2530,2017-06-02,1,H,1660,0.18441154444818694,0.07626453144998284,0.04987467785055439,0.005839361500627738,0.04403531634992665,False,1445,47
2535,2017-06-09,2,F,1656,0.11986372133997836,0.05137125068224233,0.04358452369148533,0.007949835473637808,0.035634688217847516,False,1445,47
2535,2017-06-09,2,H,1656,0.13510016310811823,0.06004198644465456,0.038676733368386826,0.007949835473637808,0.030726897894749017,False,1445,47
2540,2017-06-16,3,F,1641,0.15244282342597856,0.06574287736036306,0.04619226019519071,0.004396975662278545,0.04179528453291216,False,1445,47
2540,2017-06-16,3,H,1641,0.14751142792854469,0.07803077837409701,0.05726668092732628,0.004396975662278545,0.05286970526504774,False,1445,47
2545,2017-06-23,0,F,1641,0.18551284022483122,0.09680928686554204,0.03654136894425998,0.00370682665957006,0.03283454228468992,False,1445,47
2545,2017-06-23,0,H,1641,0.19760953212010035,0.1131377133225636,0.04276936415117234,0.00370682665957006,0.03906253749160228,False,1445,47
2550,2017-06-30,1,F,1682,0.18554956550164606,0.0689059341862698,0.02462482066669812,0.003212392970254962,0.021412427696443158,False,1445,47
2550,2017-06-30,1,H,1682,0.1826926859196518,0.0755619119895744,0.04108576020225883,0.003212392970254962,0.037873367232003866,False,1445,47
2555,2017-07-07,2,F,1680,0.17582329530911217,0.06131768849016745,0.09018520470708609,0.003586897437159158,0.08659830726992693,False,1445,47
2555,2017-07-07,2,H,1680,0.16885870596508248,0.06370226037376726,0.08635017505536477,0.003586897437159158,0.08276327761820561,False,1445,47
2560,2017-07-14,3,F,1688,0.20248951278571373,0.08261924493646283,0.07868634996314844,0.0037345549299837404,0.0749517950331647,False,1445,47
2560,2017-07-14,3,H,1688,0.1934827395555606,0.08231678439568939,0.06702505180922648,0.0037345549299837404,0.06329049687924274,False,1445,47
2565,2017-07-21,0,F,1683,0.2949761076498792,0.10435689269182885,0.055206762863478316,0.004623631487527149,0.05058313137595117,False,1445,47
2565,2017-07-21,0,H,1683,0.26910853216572883,0.10001083848510461,0.032730683824047445,0.004623631487527149,0.028107052336520295,False,1445,47
2570,2017-07-28,1,F,1730,0.34603485988908,0.11327425282175324,0.0717295126679043,-0.0020744492284614146,0.0738039618963657,False,1445,47
2570,2017-07-28,1,H,1730,0.3230219443874518,0.10112016275424156,0.05551913836970925,-0.0020744492284614146,0.05759358759817067,False,1445,47
2575,2017-08-04,2,F,1733,0.16281288771557154,0.06052569257811444,0.033421640507488824,-0.002528014636022379,0.0359496551435112,False,1445,47
2575,2017-08-04,2,H,1733,0.13625359277899052,0.035197659951572965,0.011472109897295014,-0.002528014636022379,0.014000124533317393,False,1445,47
2580,2017-08-11,3,F,1724,0.07239451715121792,0.02898075059073203,0.04652819412294775,-0.0006302072195851245,0.04715840134253287,False,1445,47
2580,2017-08-11,3,H,1724,0.04847754805168284,0.02422477348218943,0.04216189936269075,-0.0006302072195851245,0.04279210658227587,False,1445,47
2585,2017-08-18,0,F,1732,0.08089026444246122,0.04846241867598389,0.02876120349392295,-0.0024005901024045516,0.0311617935963275,False,1445,47
2585,2017-08-18,0,H,1732,0.07039197991665341,0.042488388220054185,0.022184341245641313,-0.0024005901024045516,0.024584931348045864,False,1445,47
2590,2017-08-25,1,F,1774,0.08223059007898756,0.03828621689739274,-0.008535877987742423,-0.0021704356519090034,-0.00636544233583342,False,1445,47
2590,2017-08-25,1,H,1774,0.06808730617336273,0.033582217906628256,0.016041177945832413,-0.0021704356519090034,0.018211613597741417,False,1445,47
2595,2017-09-01,2,F,1769,0.16450928338608994,0.08717142137910824,0.045562893028060596,0.004210310148415223,0.04135258287964537,False,1445,47
2595,2017-09-01,2,H,1769,0.14688347879785438,0.06733212453003613,0.03722059571494659,0.004210310148415223,0.033010285566531364,False,1445,47
2600,2017-09-08,3,F,1758,0.20526026869825134,0.1076819329769517,0.05198426817854245,0.0039689394730870915,0.04801532870545536,False,1445,47
2600,2017-09-08,3,H,1758,0.1899147937810317,0.1029708620585734,0.0703761654595534,0.0039689394730870915,0.06640722598646631,False,1445,47
2605,2017-09-15,0,F,1764,0.26298816972393363,0.10344774849099023,0.04815088695225616,0.0031652242330504755,0.044985662719205684,False,1445,47
2605,2017-09-15,0,H,1764,0.2545110347529929,0.09882613240518946,0.028528027438248196,0.0031652242330504755,0.02536280320519772,False,1445,47
2610,2017-09-22,1,F,1797,0.294795338602002,0.10283270377260387,0.08839507677281896,0.005428654585440357,0.08296642218737861,False,1445,47
2610,2017-09-22,1,H,1797,0.2781925648931531,0.0872419367656424,0.09327352515732248,0.005428654585440357,0.08784487057188213,False,1445,47
2615,2017-09-29,2,F,1808,0.18825061670180634,0.05533466615824081,0.05286102012032643,0.004798429348618134,0.0480625907717083,False,1445,47
2615,2017-09-29,2,H,1808,0.15118048421731228,0.04887683350534644,0.06102039183412368,0.004798429348618134,0.056221962485505546,True,1445,47
2620,2017-10-13,3,F,1800,0.07860774648387236,0.008620202459052154,0.021898020866016547,0.0031741863219836987,0.018723834544032848,False,1445,47
2620,2017-10-13,3,H,1800,0.0414330601130844,0.0006113705016711421,0.025324142972628274,0.0031741863219836987,0.022149956650644575,False,1445,47
2625,2017-10-20,0,F,1813,0.031125955883883033,0.006391502985311414,0.010197195472816627,0.006029670488246513,0.004167524984570114,False,1445,47
2625,2017-10-20,0,H,1813,0.018794365067804384,-0.0026413431164077922,-0.0032977843036254245,0.006029670488246513,-0.009327454791871937,False,1445,47
2630,2017-10-27,1,F,1832,0.11872229001152336,0.07108218400819288,0.04102637367323041,0.007996179582617844,0.033030194090612565,False,1445,47
2630,2017-10-27,1,H,1832,0.10694729445341218,0.06164673269960756,0.02711251553458472,0.007996179582617844,0.01911633595196688,False,1445,47
2635,2017-11-03,2,F,1832,0.09769119208234738,0.029741844020722195,0.03512651822529733,0.006485992678347521,0.028640525546949812,False,1445,47
2635,2017-11-03,2,H,1832,0.1126753803477208,0.048376959609010894,0.031423135614022615,0.006485992678347521,0.024937142935675095,False,1445,47
2640,2017-11-10,3,F,1814,0.035009241106121074,0.018217576584455206,0.021717349626123907,0.012111526665042189,0.009605822961081718,False,1445,47
2640,2017-11-10,3,H,1814,0.02757062901394865,0.011845806898894584,0.06208695924530427,0.012111526665042189,0.049975432580262075,False,1445,47
2645,2017-11-17,0,F,1820,0.10504975098407231,0.045573402351602545,0.026861884258687498,0.006595554628531498,0.020266329630156,False,1445,47
2645,2017-11-17,0,H,1820,0.07848259202489173,0.03567221467280863,-0.02843462930371364,0.006595554628531498,-0.035030183932245135,False,1445,47
2650,2017-11-24,1,F,1853,0.1512124595606938,0.056298780999369795,0.015635549486614764,0.005986283130666904,0.009649266355947862,False,1445,47
2650,2017-11-24,1,H,1853,0.13798352777783468,0.048182750660595734,0.026255749189294873,0.005986283130666904,0.02026946605862797,False,1445,47
2655,2017-12-01,2,F,1857,0.2091891463569738,0.07163985726794045,0.08103340431116521,0.0018774667428836202,0.07915593756828158,False,1445,47
2655,2017-12-01,2,H,1857,0.19618834294997164,0.07727566490144896,0.07660064996841053,0.0018774667428836202,0.0747231832255269,False,1445,47
2660,2017-12-08,3,F,1846,0.21282825527364427,0.06906874009513084,0.06349910215940327,0.0032099373469422514,0.06028916481246102,False,1445,47
2660,2017-12-08,3,H,1846,0.21415747352294442,0.07422162875255985,0.08475550900717886,0.0032099373469422514,0.08154557166023661,False,1445,47
2665,2017-12-15,0,F,1851,0.25597250361808194,0.09404199345358269,0.05218683981026213,-0.0003386122446041507,0.05252545205486628,False,1445,47
2665,2017-12-15,0,H,1851,0.2671991831086734,0.10369841385399922,0.07012902457887928,-0.0003386122446041507,0.07046763682348342,False,1445,47
2670,2017-12-22,1,F,1877,0.11280452422874614,0.03743812303963979,0.02305849933375915,-0.0037176950414019457,0.026776194375161093,False,1445,47
2670,2017-12-22,1,H,1877,0.13724405625257224,0.04838465442874763,0.03680299570163091,-0.0037176950414019457,0.040520690743032856,True,1445,47
2675,2017-12-29,2,F,1894,-0.06898960716934598,-0.042137813923459146,-0.03520692450304826,0.0005969905947454799,-0.035803915097793744,False,1445,47
2675,2017-12-29,2,H,1894,-0.0006163274217714862,-0.002733757881701446,0.005699525990833839,0.0005969905947454799,0.005102535396088359,False,1445,47
