day_position,rankic_F,rankic_H,delta,phase,n
2680,0.1419219442378232,0.11802647193239858,0.023895472305424617,3,1850
2685,0.2225019702804645,0.1852775607507294,0.0372244095297351,0,1853
2690,0.18033544149366915,0.15300802220864107,0.027327419285028076,1,1890
2695,0.24761632875580727,0.22440144411101173,0.02321488464479554,2,1896
2700,0.28785202595719517,0.2936437564666993,-0.005791730509504156,3,1890
2705,0.21727805524251703,0.2508632678850509,-0.03358521264253389,0,1902
2710,0.23818074102148856,0.12514211410050033,0.11303862692098823,1,1931
2715,0.2623942559254644,0.11730069508407988,0.14509356084138453,2,1952
2720,0.028074590382557652,-0.16902896019710792,0.19710355057966558,3,1945
2725,0.07716206379159311,-0.03495690736756496,0.11211897115915807,0,1945
2730,0.031402211889472086,0.014652694903834234,0.01674951698563785,1,1985
2735,0.07888682676299602,0.04994022739148238,0.028946599371513643,2,2008
2740,0.05963589864615171,0.04229602234215734,0.01733987630399437,3,1993
2745,0.14398985082857646,0.1491781058725776,-0.005188255044001139,0,2000
2750,0.11484739135072536,0.10705241752919929,0.007794973821526066,1,2034
2755,0.07781144160180262,0.06753413631010939,0.010277305291693226,2,2059
2760,0.036057777971807266,0.011586307131976085,0.02447147083983118,3,2041
2765,0.04812468747676131,0.031121534629373695,0.017003152847387615,0,2033
2770,0.0019696355138315493,-0.031845662421005116,0.03381529793483667,1,2068
2775,0.09309771722166474,0.06181544568664611,0.03128227153501863,2,2095
2780,0.075909857262251,0.06289557519277592,0.01301428206947508,3,2083
2785,0.10835769280109127,0.11002634565418182,-0.0016686528530905492,0,2090
2790,0.18650254306362238,0.20163791887935212,-0.01513537581572974,1,2132
2795,0.07877806979365826,0.18639650307622685,-0.10761843328256859,2,2166
2800,0.14605834441065532,0.20561380573613094,-0.05955546132547562,3,2157
2805,0.13679368634083702,0.18072571225701786,-0.04393202591618084,0,2168
2810,0.04394367731328637,0.06698464056006873,-0.023040963246782356,1,2202
2815,0.007042425927503153,0.023485390446735283,-0.01644296451923213,2,2234
2820,0.2183098421957605,0.21125086517437366,0.007058977021386831,3,2229
2825,0.1766458569079377,0.14941402719721275,0.027231829710724936,0,2223
2830,0.15628763942288795,0.1419273721766341,0.01436026724625386,1,2258
2835,0.12534629214207685,0.1290432316508307,-0.003696939508753855,2,2284
2840,0.12234182473948257,0.13539994631220287,-0.013058121572720294,3,2290
2845,0.07318342318290912,0.08725063418612385,-0.01406721100321473,0,2289
2850,0.17699917674798848,0.20250462948885678,-0.025505452740868295,1,2326
2855,0.16353830628787713,0.12556484611453722,0.03797346017333991,2,2338
2860,0.14933646805039916,0.14071192300235258,0.008624545048046578,3,2338
2865,0.3917073646812865,0.406236700655563,-0.014529335974276525,0,2347
2870,0.38197053130745645,0.31665297982888996,0.0653175514785665,1,2385
2875,0.13804561067829219,0.09418345334201,0.04386215733628218,2,2402
2880,0.05274585784717594,-0.06091580810405223,0.11366166595122817,3,2404
2885,0.02248682700879048,-0.017453127843954454,0.03993995485274493,0,2425
2890,0.13889745048297025,0.1320729339743783,0.006824516508591949,1,2448
2895,0.11927215248160102,0.1197315325004687,-0.00045938001886768054,2,2458
2900,0.11191553833130348,0.07050750285562209,0.04140803547568139,3,2466
2905,0.14966437189228246,0.09361859936374706,0.056045772528535404,0,2488
2910,0.17785540553821994,0.14462021449399615,0.03323519104422379,1,2525
2915,0.19882981652374698,0.2070607674127445,-0.00823095088899753,2,2538
2920,0.06657997351365072,0.22248342156022954,-0.15590344804657882,3,2558
2925,-0.07037072996168472,0.07202315266909722,-0.14239388263078195,0,2580
2930,-0.1561648551087722,-0.058377266270924995,-0.09778758883784722,1,2597
2935,-0.08809744534369225,-0.06549909961220773,-0.022598345731484518,2,2602
2940,0.18511309927943517,0.20398601306917713,-0.018872913789741957,3,2622
2945,0.12535333388834502,0.13501161284972962,-0.009658278961384603,0,2645
2950,0.09570178784863864,0.06700181083088343,0.028699977017755215,1,2654
2955,0.13965088388581862,0.08839821247503868,0.05125267141077994,2,2649
2960,0.1368055127103165,0.09142147754880289,0.0453840351615136,3,2677
2965,0.21634789456368575,0.18958333997713972,0.02676455458654603,0,2706
2970,0.20698963714399632,0.18840110902037824,0.01858852812361808,1,2702
2975,0.2661153773719591,0.247416715864449,0.018698661507510123,2,2698
2980,0.255647952585267,0.23900948573016514,0.01663846685510187,3,2725
2985,0.23366218260518004,0.21067126198916164,0.0229909206160184,0,2755
2990,0.2146797253442867,0.19499238815309983,0.01968733719118687,1,2760
2995,0.17789134973744386,0.15101452387042139,0.026876825867022475,2,2754
3000,0.06625398247824689,0.022542095108753938,0.043711887369492955,3,2775
3005,0.23686253670720822,0.2163837493228756,0.02047878738433262,0,2806
3010,0.1789166310996077,0.1701204536892693,0.00879617741033839,1,2819
3015,0.2780035063758735,0.26749000869618056,0.010513497679692951,2,2813
3020,0.2078694686384212,0.19501981179064348,0.012849656847777724,3,2827
3025,0.2161877544132807,0.19750571772388795,0.01868203668939275,0,2860
3030,0.24920448345574542,0.21169118533296277,0.037513298122782646,1,2871
3035,0.2293460221524923,0.19966863191416068,0.02967739023833163,2,2862
3040,0.13769747391339338,0.11618516965252092,0.02151230426087246,3,2882
3045,0.10696801582493284,0.08642189613575316,0.020546119689179687,0,2907
3050,0.07392272997777471,0.05216251797457409,0.021760212003200628,1,2920
3055,0.2004273203857325,0.1837215555677412,0.016705764817991298,2,2920
3060,0.1589242760051251,0.1168198682697019,0.042104407735423205,3,2941
3065,0.3128129568091104,0.23354584574335532,0.0792671110657551,0,2970
3070,0.3918137396259397,0.3420806251053656,0.04973311452057411,1,2982
3075,0.29166901205378754,0.2513231071885901,0.04034590486519746,2,2973
3080,0.2045280016475596,0.21053540329713993,-0.0060074016495803295,3,2996
3085,0.21627846815965526,0.1957930342587861,0.020485433900869154,0,3029
3090,0.10654898930794361,0.1438346910515641,-0.03728570174362049,1,3036
3095,0.18163836237742034,0.17833309985549187,0.003305262521928476,2,3032
3100,0.10798524981394057,0.10003164763180142,0.007953602182139155,3,3057
3105,0.0918208139137011,0.08302163355770716,0.008799180355993946,0,3084
3110,0.05422965922002539,0.023280484218727464,0.03094917500129793,1,3085
3115,0.13096243942850208,0.10735467597976736,0.02360776344873472,2,3081
3120,0.1427409555020066,0.10431875386492512,0.03842220163708149,3,3105
3125,0.2652172726533985,0.14304276212344755,0.12217451052995096,0,3118
3130,0.26080212183656853,0.20457748755795574,0.056224634278612795,1,3123
3135,0.2163386407552932,0.17602897470354723,0.04030966605174596,2,3121
3140,0.1741024495595436,0.10483019153173574,0.06927225802780786,3,3136
3145,0.16868776303588448,0.15200946768064114,0.016678295355243344,0,3147
3150,0.028501457298725236,-0.017358492589259124,0.045859949887984364,1,3159
3155,-0.004856667237764762,-0.03562751205126716,0.030770844813502396,2,3160
3160,0.05168900589931765,0.005925600521391591,0.04576340537792606,3,3182
3165,0.04344643643513936,-0.0061983144771311175,0.049644750912270476,0,3191
3170,0.023731391604544714,-0.044301724349882075,0.06803311595442679,1,3201
3175,0.009118290641919559,-0.08407176285967007,0.09319005350158963,2,3201
3180,0.3347300869307218,0.31365050789246723,0.02107957903825458,3,3217
3185,0.3282045655104832,0.27935883610564194,0.048845729404841276,0,3232
3190,0.31033055286197914,0.2068893962635126,0.10344115659846653,1,3236
3195,0.3205975420322651,0.1953407445553419,0.1252567974769232,2,3253
3200,0.16063244019921333,0.11991754637279316,0.04071489382642017,3,3254
3205,0.09418377649904172,0.024247042902196692,0.06993673359684503,0,3248
3210,0.2851429685925069,0.2683296540685335,0.01681331452397339,1,3250
3215,0.28147373413558874,0.28603787523482516,-0.004564141099236418,2,3272
3220,0.247240535696652,0.2833968877507347,-0.036156352054082685,3,3251
3225,0.01579944453138457,0.025170319519760277,-0.009370874988375705,0,3266
3230,0.13569078243781765,0.13430717220764024,0.0013836102301774122,1,3264
3235,0.211387426373339,0.1876286776102701,0.023758748763068882,2,3286
3240,0.23292261515446974,0.22220424320903795,0.010718371945431793,3,3259
3245,0.25064596357959196,0.24359473801675488,0.007051225562837077,0,3278
3250,0.22130134278713878,0.21429051487526937,0.007010827911869411,1,3277
3255,0.22245432813970414,0.21496636568333174,0.007487962456372399,2,3292
3260,0.24900394350483135,0.26249340663852605,-0.013489463133694701,3,3266
3265,0.1543929030725974,0.1512401007120425,0.0031528023605549016,0,3285
3270,0.1358966403544547,0.11486101998903289,0.02103562036542181,1,3279
3275,0.16289099034418666,0.0791235435723583,0.08376744677182836,2,3296
3280,0.23780817506207874,0.18341962110318524,0.0543885539588935,3,3271
3285,0.23124249534305966,0.20199572039001273,0.029246774953046922,0,3291
3290,0.24438164674664453,0.18084890941261828,0.06353273733402626,1,3284
3295,0.12768447806775649,0.0548243956682847,0.07286008239947178,2,3304
3300,0.3188070256481297,0.228733675333051,0.09007335031507868,3,3284
3305,0.4439266290917394,0.42350494908127845,0.020421680010460963,0,3300
3310,0.3672496027956457,0.2951556380208389,0.07209396477480684,1,3290
3315,0.25362214200898414,0.22838704614293046,0.025235095866053686,2,3309
3320,0.18323151723490108,0.15191571607627458,0.031315801158626505,3,3295
3325,0.021852598264831005,0.03483954451522532,-0.012986946250394316,0,3308
3330,0.08815400239823519,0.12804780857585876,-0.03989380617762357,1,3299
3335,0.1389427401603917,0.12145228858172881,0.0174904515786629,2,3320
3340,0.14919891753395828,0.13178869930073875,0.017410218233219532,3,3311
3345,0.3001765266904013,0.29503625264836303,0.005140274042038262,0,3319
3350,0.1803170272534139,0.16100971155789204,0.019307315695521854,1,3340
3355,0.21006694593043587,0.20059468048676055,0.009472265443675326,2,3357
3360,0.27289666875511187,0.25902794737635837,0.013868721378753501,3,3351
3365,0.23354460709808006,0.25424092153950095,-0.020696314441420893,0,3360
3370,0.08268528677926877,0.058894118537220624,0.023791168242048147,1,3353
3375,0.05826397380127576,0.025727675658297165,0.03253629814297859,2,3374
3380,0.06566526229817303,0.04919355853372954,0.016471703764443492,3,3360
3385,-0.06789851526357495,-0.08591529981063148,0.018016784547056533,0,3371
